finding_id,scanner,group,file_path,line,status,remediation
480,Gitleaks Scan,Known seed credentials,data/static/users.yml,88,Code fixed; deployment and rotation required,Removed predictable production seed passwords/TOTP secret and OAuth password comparison; explicit environment credentials or random passwords. Rotate any published password/TOTP values used outside this checkout.
481,Gitleaks Scan,Known seed credentials,data/static/users.yml,150,Code fixed; deployment and rotation required,Removed predictable production seed passwords/TOTP secret and OAuth password comparison; explicit environment credentials or random passwords. Rotate any published password/TOTP values used outside this checkout.
482,Gitleaks Scan,Synthetic test fixture,frontend/src/app/last-login-ip/last-login-ip.component.spec.ts,56,Reviewed false positive,"Public demonstration values, not service keys; known passwords load only with NODE_ENV=test. Narrow Gitleaks exceptions require exact path and exact value. Current-user JWT generated at runtime."
483,Gitleaks Scan,Synthetic test fixture,frontend/src/app/last-login-ip/last-login-ip.component.spec.ts,50,Reviewed false positive,"Public demonstration values, not service keys; known passwords load only with NODE_ENV=test. Narrow Gitleaks exceptions require exact path and exact value. Current-user JWT generated at runtime."
484,Gitleaks Scan,Synthetic test fixture,frontend/src/app/oauth/oauth.component.spec.ts,85,Reviewed false positive,"Public demonstration values, not service keys; known passwords load only with NODE_ENV=test. Narrow Gitleaks exceptions require exact path and exact value. Current-user JWT generated at runtime."
485,Gitleaks Scan,Synthetic test fixture,frontend/src/app/oauth/oauth.component.spec.ts,92,Reviewed false positive,"Public demonstration values, not service keys; known passwords load only with NODE_ENV=test. Narrow Gitleaks exceptions require exact path and exact value. Current-user JWT generated at runtime."
486,Gitleaks Scan,Synthetic test fixture,frontend/src/app/app.guard.spec.ts,40,Reviewed false positive,"Public demonstration values, not service keys; known passwords load only with NODE_ENV=test. Narrow Gitleaks exceptions require exact path and exact value. Current-user JWT generated at runtime."
487,Gitleaks Scan,Published signing key,lib/insecurity.ts,22,Code fixed; deployment and rotation required,Published private key removed. Production requires private key file; RS256 verification and expiry enforced. Replace key in running deployments; invalidate old sessions. Historical commits still contain exposed key.
488,Gitleaks Scan,Known seed credentials,routes/login.ts,66,Code fixed; deployment and rotation required,Removed predictable production seed passwords/TOTP secret and OAuth password comparison; explicit environment credentials or random passwords. Rotate any published password/TOTP values used outside this checkout.
489,Gitleaks Scan,Synthetic test fixture,test/api/2faSpec.ts,170,Reviewed false positive,"Public demonstration values, not service keys; known passwords load only with NODE_ENV=test. Narrow Gitleaks exceptions require exact path and exact value. Current-user JWT generated at runtime."
490,Gitleaks Scan,Synthetic test fixture,test/api/2faSpec.ts,365,Reviewed false positive,"Public demonstration values, not service keys; known passwords load only with NODE_ENV=test. Narrow Gitleaks exceptions require exact path and exact value. Current-user JWT generated at runtime."
491,Gitleaks Scan,Synthetic test fixture,test/api/basketApiSpec.ts,100,Reviewed false positive,"Public demonstration values, not service keys; known passwords load only with NODE_ENV=test. Narrow Gitleaks exceptions require exact path and exact value. Current-user JWT generated at runtime."
492,Gitleaks Scan,Synthetic test fixture,test/api/erasureRequestApiSpec.ts,37,Reviewed false positive,"Public demonstration values, not service keys; known passwords load only with NODE_ENV=test. Narrow Gitleaks exceptions require exact path and exact value. Current-user JWT generated at runtime."
493,Gitleaks Scan,Synthetic test fixture,test/api/erasureRequestApiSpec.ts,64,Reviewed false positive,"Public demonstration values, not service keys; known passwords load only with NODE_ENV=test. Narrow Gitleaks exceptions require exact path and exact value. Current-user JWT generated at runtime."
494,Gitleaks Scan,Synthetic test fixture,test/api/erasureRequestApiSpec.ts,80,Reviewed false positive,"Public demonstration values, not service keys; known passwords load only with NODE_ENV=test. Narrow Gitleaks exceptions require exact path and exact value. Current-user JWT generated at runtime."
495,Gitleaks Scan,Synthetic test fixture,test/api/chatBotSpec.ts,104,Reviewed false positive,"Public demonstration values, not service keys; known passwords load only with NODE_ENV=test. Narrow Gitleaks exceptions require exact path and exact value. Current-user JWT generated at runtime."
496,Gitleaks Scan,Synthetic test fixture,test/api/chatBotSpec.ts,133,Reviewed false positive,"Public demonstration values, not service keys; known passwords load only with NODE_ENV=test. Narrow Gitleaks exceptions require exact path and exact value. Current-user JWT generated at runtime."
497,Gitleaks Scan,Synthetic test fixture,test/api/chatBotSpec.ts,168,Reviewed false positive,"Public demonstration values, not service keys; known passwords load only with NODE_ENV=test. Narrow Gitleaks exceptions require exact path and exact value. Current-user JWT generated at runtime."
498,Gitleaks Scan,Synthetic test fixture,test/api/chatBotSpec.ts,244,Reviewed false positive,"Public demonstration values, not service keys; known passwords load only with NODE_ENV=test. Narrow Gitleaks exceptions require exact path and exact value. Current-user JWT generated at runtime."
499,Gitleaks Scan,Synthetic test fixture,test/api/feedbackApiSpec.ts,118,Reviewed false positive,"Public demonstration values, not service keys; known passwords load only with NODE_ENV=test. Narrow Gitleaks exceptions require exact path and exact value. Current-user JWT generated at runtime."
500,Gitleaks Scan,Synthetic test fixture,test/api/feedbackApiSpec.ts,151,Reviewed false positive,"Public demonstration values, not service keys; known passwords load only with NODE_ENV=test. Narrow Gitleaks exceptions require exact path and exact value. Current-user JWT generated at runtime."
501,Gitleaks Scan,Synthetic test fixture,test/api/dataExportApiSpec.ts,20,Reviewed false positive,"Public demonstration values, not service keys; known passwords load only with NODE_ENV=test. Narrow Gitleaks exceptions require exact path and exact value. Current-user JWT generated at runtime."
502,Gitleaks Scan,Synthetic test fixture,test/api/dataExportApiSpec.ts,47,Reviewed false positive,"Public demonstration values, not service keys; known passwords load only with NODE_ENV=test. Narrow Gitleaks exceptions require exact path and exact value. Current-user JWT generated at runtime."
503,Gitleaks Scan,Synthetic test fixture,test/api/dataExportApiSpec.ts,76,Reviewed false positive,"Public demonstration values, not service keys; known passwords load only with NODE_ENV=test. Narrow Gitleaks exceptions require exact path and exact value. Current-user JWT generated at runtime."
504,Gitleaks Scan,Synthetic test fixture,test/api/loginApiSpec.ts,142,Reviewed false positive,"Public demonstration values, not service keys; known passwords load only with NODE_ENV=test. Narrow Gitleaks exceptions require exact path and exact value. Current-user JWT generated at runtime."
505,Gitleaks Scan,Synthetic test fixture,test/api/loginApiSpec.ts,245,Reviewed false positive,"Public demonstration values, not service keys; known passwords load only with NODE_ENV=test. Narrow Gitleaks exceptions require exact path and exact value. Current-user JWT generated at runtime."
506,Gitleaks Scan,Synthetic test fixture,test/api/loginApiSpec.ts,266,Reviewed false positive,"Public demonstration values, not service keys; known passwords load only with NODE_ENV=test. Narrow Gitleaks exceptions require exact path and exact value. Current-user JWT generated at runtime."
507,Gitleaks Scan,Synthetic test fixture,test/api/productReviewApiSpec.ts,106,Reviewed false positive,"Public demonstration values, not service keys; known passwords load only with NODE_ENV=test. Narrow Gitleaks exceptions require exact path and exact value. Current-user JWT generated at runtime."
508,Gitleaks Scan,Synthetic test fixture,test/api/productReviewApiSpec.ts,126,Reviewed false positive,"Public demonstration values, not service keys; known passwords load only with NODE_ENV=test. Narrow Gitleaks exceptions require exact path and exact value. Current-user JWT generated at runtime."
509,Gitleaks Scan,Synthetic test fixture,test/api/userApiSpec.ts,216,Reviewed false positive,"Public demonstration values, not service keys; known passwords load only with NODE_ENV=test. Narrow Gitleaks exceptions require exact path and exact value. Current-user JWT generated at runtime."
510,Gitleaks Scan,Synthetic test fixture,test/api/userApiSpec.ts,262,Reviewed false positive,"Public demonstration values, not service keys; known passwords load only with NODE_ENV=test. Narrow Gitleaks exceptions require exact path and exact value. Current-user JWT generated at runtime."
511,Gitleaks Scan,Synthetic test fixture,test/api/userApiSpec.ts,262,Reviewed false positive,"Public demonstration values, not service keys; known passwords load only with NODE_ENV=test. Narrow Gitleaks exceptions require exact path and exact value. Current-user JWT generated at runtime."
512,Gitleaks Scan,Synthetic test fixture,test/cypress/integration/e2e/forgedJwt.spec.ts,7,Reviewed false positive,"Public demonstration values, not service keys; known passwords load only with NODE_ENV=test. Narrow Gitleaks exceptions require exact path and exact value. Current-user JWT generated at runtime."
513,Gitleaks Scan,Synthetic test fixture,test/cypress/integration/e2e/forgedJwt.spec.ts,22,Reviewed false positive,"Public demonstration values, not service keys; known passwords load only with NODE_ENV=test. Narrow Gitleaks exceptions require exact path and exact value. Current-user JWT generated at runtime."
514,Gitleaks Scan,Synthetic test fixture,test/cypress/integration/e2e/login.spec.ts,126,Reviewed false positive,"Public demonstration values, not service keys; known passwords load only with NODE_ENV=test. Narrow Gitleaks exceptions require exact path and exact value. Current-user JWT generated at runtime."
515,Gitleaks Scan,Synthetic test fixture,test/cypress/integration/e2e/totpSetup.spec.ts,7,Reviewed false positive,"Public demonstration values, not service keys; known passwords load only with NODE_ENV=test. Narrow Gitleaks exceptions require exact path and exact value. Current-user JWT generated at runtime."
516,Gitleaks Scan,Synthetic test fixture,test/server/currentUserSpec.ts,31,Reviewed false positive,"Public demonstration values, not service keys; known passwords load only with NODE_ENV=test. Narrow Gitleaks exceptions require exact path and exact value. Current-user JWT generated at runtime."
517,Gitleaks Scan,Synthetic test fixture,test/server/currentUserSpec.ts,33,Reviewed false positive,"Public demonstration values, not service keys; known passwords load only with NODE_ENV=test. Narrow Gitleaks exceptions require exact path and exact value. Current-user JWT generated at runtime."
518,Gitleaks Scan,Synthetic test fixture,test/server/verifySpec.ts,262,Reviewed false positive,"Public demonstration values, not service keys; known passwords load only with NODE_ENV=test. Narrow Gitleaks exceptions require exact path and exact value. Current-user JWT generated at runtime."
519,Gitleaks Scan,Synthetic test fixture,test/server/verifySpec.ts,274,Reviewed false positive,"Public demonstration values, not service keys; known passwords load only with NODE_ENV=test. Narrow Gitleaks exceptions require exact path and exact value. Current-user JWT generated at runtime."
520,Gitleaks Scan,Synthetic test fixture,test/server/verifySpec.ts,296,Reviewed false positive,"Public demonstration values, not service keys; known passwords load only with NODE_ENV=test. Narrow Gitleaks exceptions require exact path and exact value. Current-user JWT generated at runtime."
521,Gitleaks Scan,Synthetic test fixture,test/server/verifySpec.ts,308,Reviewed false positive,"Public demonstration values, not service keys; known passwords load only with NODE_ENV=test. Narrow Gitleaks exceptions require exact path and exact value. Current-user JWT generated at runtime."
854,Gitleaks Scan,Known seed credentials,data/static/users.yml,88,Code fixed; deployment and rotation required,Removed predictable production seed passwords/TOTP secret and OAuth password comparison; explicit environment credentials or random passwords. Rotate any published password/TOTP values used outside this checkout.
855,Gitleaks Scan,Known seed credentials,data/static/users.yml,150,Code fixed; deployment and rotation required,Removed predictable production seed passwords/TOTP secret and OAuth password comparison; explicit environment credentials or random passwords. Rotate any published password/TOTP values used outside this checkout.
856,Gitleaks Scan,Synthetic test fixture,frontend/src/app/app.guard.spec.ts,40,Reviewed false positive,"Public demonstration values, not service keys; known passwords load only with NODE_ENV=test. Narrow Gitleaks exceptions require exact path and exact value. Current-user JWT generated at runtime."
857,Gitleaks Scan,Synthetic test fixture,frontend/src/app/last-login-ip/last-login-ip.component.spec.ts,50,Reviewed false positive,"Public demonstration values, not service keys; known passwords load only with NODE_ENV=test. Narrow Gitleaks exceptions require exact path and exact value. Current-user JWT generated at runtime."
858,Gitleaks Scan,Synthetic test fixture,frontend/src/app/last-login-ip/last-login-ip.component.spec.ts,56,Reviewed false positive,"Public demonstration values, not service keys; known passwords load only with NODE_ENV=test. Narrow Gitleaks exceptions require exact path and exact value. Current-user JWT generated at runtime."
859,Gitleaks Scan,Synthetic test fixture,frontend/src/app/oauth/oauth.component.spec.ts,85,Reviewed false positive,"Public demonstration values, not service keys; known passwords load only with NODE_ENV=test. Narrow Gitleaks exceptions require exact path and exact value. Current-user JWT generated at runtime."
860,Gitleaks Scan,Synthetic test fixture,frontend/src/app/oauth/oauth.component.spec.ts,92,Reviewed false positive,"Public demonstration values, not service keys; known passwords load only with NODE_ENV=test. Narrow Gitleaks exceptions require exact path and exact value. Current-user JWT generated at runtime."
861,Gitleaks Scan,Published signing key,lib/insecurity.ts,22,Code fixed; deployment and rotation required,Published private key removed. Production requires private key file; RS256 verification and expiry enforced. Replace key in running deployments; invalidate old sessions. Historical commits still contain exposed key.
862,Gitleaks Scan,Known seed credentials,routes/login.ts,66,Code fixed; deployment and rotation required,Removed predictable production seed passwords/TOTP secret and OAuth password comparison; explicit environment credentials or random passwords. Rotate any published password/TOTP values used outside this checkout.
890,Gitleaks Scan,Known seed credentials,data/static/users.yml,88,Code fixed; deployment and rotation required,Removed predictable production seed passwords/TOTP secret and OAuth password comparison; explicit environment credentials or random passwords. Rotate any published password/TOTP values used outside this checkout.
891,Gitleaks Scan,Known seed credentials,data/static/users.yml,150,Code fixed; deployment and rotation required,Removed predictable production seed passwords/TOTP secret and OAuth password comparison; explicit environment credentials or random passwords. Rotate any published password/TOTP values used outside this checkout.
892,Gitleaks Scan,Published signing key,lib/insecurity.ts,22,Code fixed; deployment and rotation required,Published private key removed. Production requires private key file; RS256 verification and expiry enforced. Replace key in running deployments; invalidate old sessions. Historical commits still contain exposed key.
893,Gitleaks Scan,Known seed credentials,routes/login.ts,66,Code fixed; deployment and rotation required,Removed predictable production seed passwords/TOTP secret and OAuth password comparison; explicit environment credentials or random passwords. Rotate any published password/TOTP values used outside this checkout.
895,Semgrep JSON Report,SQL injection,data/static/codefixes/dbSchemaChallenge_1.ts,5,Fixed in working tree,Typed string inputs and Sequelize ORM queries; four reported teaching examples also repaired.
896,Semgrep JSON Report,SQL injection,data/static/codefixes/dbSchemaChallenge_3.ts,11,Fixed in working tree,Typed string inputs and Sequelize ORM queries; four reported teaching examples also repaired.
897,Semgrep JSON Report,SQL injection,data/static/codefixes/unionSqlInjectionChallenge_1.ts,6,Fixed in working tree,Typed string inputs and Sequelize ORM queries; four reported teaching examples also repaired.
898,Semgrep JSON Report,SQL injection,data/static/codefixes/unionSqlInjectionChallenge_3.ts,10,Fixed in working tree,Typed string inputs and Sequelize ORM queries; four reported teaching examples also repaired.
908,Semgrep JSON Report,SQL injection,routes/login.ts,36,Fixed in working tree,Typed string inputs and Sequelize ORM queries; four reported teaching examples also repaired.
913,Semgrep JSON Report,SQL injection,routes/search.ts,23,Fixed in working tree,Typed string inputs and Sequelize ORM queries; four reported teaching examples also repaired.
918,Gitleaks Scan,Known seed credentials,data/static/users.yml,88,Code fixed; deployment and rotation required,Removed predictable production seed passwords/TOTP secret and OAuth password comparison; explicit environment credentials or random passwords. Rotate any published password/TOTP values used outside this checkout.
919,Gitleaks Scan,Known seed credentials,data/static/users.yml,150,Code fixed; deployment and rotation required,Removed predictable production seed passwords/TOTP secret and OAuth password comparison; explicit environment credentials or random passwords. Rotate any published password/TOTP values used outside this checkout.
920,Gitleaks Scan,Published signing key,lib/insecurity.ts,22,Code fixed; deployment and rotation required,Published private key removed. Production requires private key file; RS256 verification and expiry enforced. Replace key in running deployments; invalidate old sessions. Historical commits still contain exposed key.
921,Gitleaks Scan,Known seed credentials,routes/login.ts,66,Code fixed; deployment and rotation required,Removed predictable production seed passwords/TOTP secret and OAuth password comparison; explicit environment credentials or random passwords. Rotate any published password/TOTP values used outside this checkout.
922,Semgrep JSON Report,SQL injection,data/static/codefixes/dbSchemaChallenge_1.ts,5,Fixed in working tree,Typed string inputs and Sequelize ORM queries; four reported teaching examples also repaired.
923,Semgrep JSON Report,SQL injection,data/static/codefixes/unionSqlInjectionChallenge_1.ts,6,Fixed in working tree,Typed string inputs and Sequelize ORM queries; four reported teaching examples also repaired.
924,Semgrep JSON Report,SQL injection,data/static/codefixes/unionSqlInjectionChallenge_3.ts,10,Fixed in working tree,Typed string inputs and Sequelize ORM queries; four reported teaching examples also repaired.
942,Gitleaks Scan,Known seed credentials,data/static/users.yml,88,Code fixed; deployment and rotation required,Removed predictable production seed passwords/TOTP secret and OAuth password comparison; explicit environment credentials or random passwords. Rotate any published password/TOTP values used outside this checkout.
943,Gitleaks Scan,Known seed credentials,data/static/users.yml,150,Code fixed; deployment and rotation required,Removed predictable production seed passwords/TOTP secret and OAuth password comparison; explicit environment credentials or random passwords. Rotate any published password/TOTP values used outside this checkout.
944,Gitleaks Scan,Published signing key,lib/insecurity.ts,22,Code fixed; deployment and rotation required,Published private key removed. Production requires private key file; RS256 verification and expiry enforced. Replace key in running deployments; invalidate old sessions. Historical commits still contain exposed key.
945,Gitleaks Scan,Known seed credentials,routes/login.ts,66,Code fixed; deployment and rotation required,Removed predictable production seed passwords/TOTP secret and OAuth password comparison; explicit environment credentials or random passwords. Rotate any published password/TOTP values used outside this checkout.
963,Gitleaks Scan,Known seed credentials,data/static/users.yml,88,Code fixed; deployment and rotation required,Removed predictable production seed passwords/TOTP secret and OAuth password comparison; explicit environment credentials or random passwords. Rotate any published password/TOTP values used outside this checkout.
964,Gitleaks Scan,Known seed credentials,data/static/users.yml,150,Code fixed; deployment and rotation required,Removed predictable production seed passwords/TOTP secret and OAuth password comparison; explicit environment credentials or random passwords. Rotate any published password/TOTP values used outside this checkout.
965,Gitleaks Scan,Published signing key,lib/insecurity.ts,22,Code fixed; deployment and rotation required,Published private key removed. Production requires private key file; RS256 verification and expiry enforced. Replace key in running deployments; invalidate old sessions. Historical commits still contain exposed key.
966,Gitleaks Scan,Known seed credentials,routes/login.ts,66,Code fixed; deployment and rotation required,Removed predictable production seed passwords/TOTP secret and OAuth password comparison; explicit environment credentials or random passwords. Rotate any published password/TOTP values used outside this checkout.
984,Gitleaks Scan,Known seed credentials,data/static/users.yml,88,Code fixed; deployment and rotation required,Removed predictable production seed passwords/TOTP secret and OAuth password comparison; explicit environment credentials or random passwords. Rotate any published password/TOTP values used outside this checkout.
985,Gitleaks Scan,Known seed credentials,data/static/users.yml,150,Code fixed; deployment and rotation required,Removed predictable production seed passwords/TOTP secret and OAuth password comparison; explicit environment credentials or random passwords. Rotate any published password/TOTP values used outside this checkout.
986,Gitleaks Scan,Published signing key,lib/insecurity.ts,22,Code fixed; deployment and rotation required,Published private key removed. Production requires private key file; RS256 verification and expiry enforced. Replace key in running deployments; invalidate old sessions. Historical commits still contain exposed key.
987,Gitleaks Scan,Known seed credentials,routes/login.ts,66,Code fixed; deployment and rotation required,Removed predictable production seed passwords/TOTP secret and OAuth password comparison; explicit environment credentials or random passwords. Rotate any published password/TOTP values used outside this checkout.
1005,Retire.js Scan,Vulnerable dependency,/home/runner/work/juice-shop-DevSecOps/juice-shop-DevSecOps/node_modules/fast.js/dist/bench.js,,Fixed in working tree,Removed unused fast.js benchmark bundle from installed and packaged dependencies.
1006,Retire.js Scan,Vulnerable dependency,/home/runner/work/juice-shop-DevSecOps/juice-shop-DevSecOps/node_modules/fast.js/dist/bench.js,,Fixed in working tree,Removed unused fast.js benchmark bundle from installed and packaged dependencies.
1009,Retire.js Scan,Vulnerable dependency,/home/runner/work/juice-shop-DevSecOps/juice-shop-DevSecOps/frontend/node_modules/zone.js/bundles/async-stack-tagging.umd.js,,Fixed in working tree,"Angular runtime 20.3.32; old HTTP, Universal and codelyzer copies removed; zone.js 0.15.1."
1011,Retire.js Scan,Vulnerable dependency,/home/runner/work/juice-shop-DevSecOps/juice-shop-DevSecOps/frontend/node_modules/zone.js/bundles/async-stack-tagging.umd.js,,Fixed in working tree,"Angular runtime 20.3.32; old HTTP, Universal and codelyzer copies removed; zone.js 0.15.1."
1014,Retire.js Scan,Vulnerable dependency,/home/runner/work/juice-shop-DevSecOps/juice-shop-DevSecOps/frontend/node_modules/zone.js/bundles/async-test.umd.js,,Fixed in working tree,"Angular runtime 20.3.32; old HTTP, Universal and codelyzer copies removed; zone.js 0.15.1."
1016,Retire.js Scan,Vulnerable dependency,/home/runner/work/juice-shop-DevSecOps/juice-shop-DevSecOps/frontend/node_modules/zone.js/bundles/async-test.umd.js,,Fixed in working tree,"Angular runtime 20.3.32; old HTTP, Universal and codelyzer copies removed; zone.js 0.15.1."
1019,Retire.js Scan,Vulnerable dependency,/home/runner/work/juice-shop-DevSecOps/juice-shop-DevSecOps/frontend/node_modules/zone.js/bundles/async-test.umd.min.js,,Fixed in working tree,"Angular runtime 20.3.32; old HTTP, Universal and codelyzer copies removed; zone.js 0.15.1."
1021,Retire.js Scan,Vulnerable dependency,/home/runner/work/juice-shop-DevSecOps/juice-shop-DevSecOps/frontend/node_modules/zone.js/bundles/async-test.umd.min.js,,Fixed in working tree,"Angular runtime 20.3.32; old HTTP, Universal and codelyzer copies removed; zone.js 0.15.1."
1024,Retire.js Scan,Vulnerable dependency,/home/runner/work/juice-shop-DevSecOps/juice-shop-DevSecOps/frontend/node_modules/zone.js/bundles/async-stack-tagging.umd.min.js,,Fixed in working tree,"Angular runtime 20.3.32; old HTTP, Universal and codelyzer copies removed; zone.js 0.15.1."
1026,Retire.js Scan,Vulnerable dependency,/home/runner/work/juice-shop-DevSecOps/juice-shop-DevSecOps/frontend/node_modules/zone.js/bundles/async-stack-tagging.umd.min.js,,Fixed in working tree,"Angular runtime 20.3.32; old HTTP, Universal and codelyzer copies removed; zone.js 0.15.1."
1029,Retire.js Scan,Vulnerable dependency,/home/runner/work/juice-shop-DevSecOps/juice-shop-DevSecOps/frontend/node_modules/zone.js/bundles/fake-async-test.umd.js,,Fixed in working tree,"Angular runtime 20.3.32; old HTTP, Universal and codelyzer copies removed; zone.js 0.15.1."
1031,Retire.js Scan,Vulnerable dependency,/home/runner/work/juice-shop-DevSecOps/juice-shop-DevSecOps/frontend/node_modules/zone.js/bundles/fake-async-test.umd.js,,Fixed in working tree,"Angular runtime 20.3.32; old HTTP, Universal and codelyzer copies removed; zone.js 0.15.1."
1034,Retire.js Scan,Vulnerable dependency,/home/runner/work/juice-shop-DevSecOps/juice-shop-DevSecOps/frontend/node_modules/zone.js/bundles/fake-async-test.umd.min.js,,Fixed in working tree,"Angular runtime 20.3.32; old HTTP, Universal and codelyzer copies removed; zone.js 0.15.1."
1036,Retire.js Scan,Vulnerable dependency,/home/runner/work/juice-shop-DevSecOps/juice-shop-DevSecOps/frontend/node_modules/zone.js/bundles/fake-async-test.umd.min.js,,Fixed in working tree,"Angular runtime 20.3.32; old HTTP, Universal and codelyzer copies removed; zone.js 0.15.1."
1039,Retire.js Scan,Vulnerable dependency,/home/runner/work/juice-shop-DevSecOps/juice-shop-DevSecOps/frontend/node_modules/zone.js/bundles/jasmine-patch.umd.js,,Fixed in working tree,"Angular runtime 20.3.32; old HTTP, Universal and codelyzer copies removed; zone.js 0.15.1."
1041,Retire.js Scan,Vulnerable dependency,/home/runner/work/juice-shop-DevSecOps/juice-shop-DevSecOps/frontend/node_modules/zone.js/bundles/jasmine-patch.umd.js,,Fixed in working tree,"Angular runtime 20.3.32; old HTTP, Universal and codelyzer copies removed; zone.js 0.15.1."
1044,Retire.js Scan,Vulnerable dependency,/home/runner/work/juice-shop-DevSecOps/juice-shop-DevSecOps/frontend/node_modules/zone.js/bundles/jasmine-patch.umd.min.js,,Fixed in working tree,"Angular runtime 20.3.32; old HTTP, Universal and codelyzer copies removed; zone.js 0.15.1."
1046,Retire.js Scan,Vulnerable dependency,/home/runner/work/juice-shop-DevSecOps/juice-shop-DevSecOps/frontend/node_modules/zone.js/bundles/jasmine-patch.umd.min.js,,Fixed in working tree,"Angular runtime 20.3.32; old HTTP, Universal and codelyzer copies removed; zone.js 0.15.1."
1049,Retire.js Scan,Vulnerable dependency,/home/runner/work/juice-shop-DevSecOps/juice-shop-DevSecOps/frontend/node_modules/zone.js/bundles/long-stack-trace-zone.umd.js,,Fixed in working tree,"Angular runtime 20.3.32; old HTTP, Universal and codelyzer copies removed; zone.js 0.15.1."
1051,Retire.js Scan,Vulnerable dependency,/home/runner/work/juice-shop-DevSecOps/juice-shop-DevSecOps/frontend/node_modules/zone.js/bundles/long-stack-trace-zone.umd.js,,Fixed in working tree,"Angular runtime 20.3.32; old HTTP, Universal and codelyzer copies removed; zone.js 0.15.1."
1054,Retire.js Scan,Vulnerable dependency,/home/runner/work/juice-shop-DevSecOps/juice-shop-DevSecOps/frontend/node_modules/zone.js/bundles/long-stack-trace-zone.umd.min.js,,Fixed in working tree,"Angular runtime 20.3.32; old HTTP, Universal and codelyzer copies removed; zone.js 0.15.1."
1056,Retire.js Scan,Vulnerable dependency,/home/runner/work/juice-shop-DevSecOps/juice-shop-DevSecOps/frontend/node_modules/zone.js/bundles/long-stack-trace-zone.umd.min.js,,Fixed in working tree,"Angular runtime 20.3.32; old HTTP, Universal and codelyzer copies removed; zone.js 0.15.1."
1059,Retire.js Scan,Vulnerable dependency,/home/runner/work/juice-shop-DevSecOps/juice-shop-DevSecOps/frontend/node_modules/zone.js/bundles/mocha-patch.umd.js,,Fixed in working tree,"Angular runtime 20.3.32; old HTTP, Universal and codelyzer copies removed; zone.js 0.15.1."
1061,Retire.js Scan,Vulnerable dependency,/home/runner/work/juice-shop-DevSecOps/juice-shop-DevSecOps/frontend/node_modules/zone.js/bundles/mocha-patch.umd.js,,Fixed in working tree,"Angular runtime 20.3.32; old HTTP, Universal and codelyzer copies removed; zone.js 0.15.1."
1064,Retire.js Scan,Vulnerable dependency,/home/runner/work/juice-shop-DevSecOps/juice-shop-DevSecOps/frontend/node_modules/zone.js/bundles/mocha-patch.umd.min.js,,Fixed in working tree,"Angular runtime 20.3.32; old HTTP, Universal and codelyzer copies removed; zone.js 0.15.1."
1066,Retire.js Scan,Vulnerable dependency,/home/runner/work/juice-shop-DevSecOps/juice-shop-DevSecOps/frontend/node_modules/zone.js/bundles/mocha-patch.umd.min.js,,Fixed in working tree,"Angular runtime 20.3.32; old HTTP, Universal and codelyzer copies removed; zone.js 0.15.1."
1069,Retire.js Scan,Vulnerable dependency,/home/runner/work/juice-shop-DevSecOps/juice-shop-DevSecOps/frontend/node_modules/zone.js/bundles/proxy.umd.js,,Fixed in working tree,"Angular runtime 20.3.32; old HTTP, Universal and codelyzer copies removed; zone.js 0.15.1."
1071,Retire.js Scan,Vulnerable dependency,/home/runner/work/juice-shop-DevSecOps/juice-shop-DevSecOps/frontend/node_modules/zone.js/bundles/proxy.umd.js,,Fixed in working tree,"Angular runtime 20.3.32; old HTTP, Universal and codelyzer copies removed; zone.js 0.15.1."
1074,Retire.js Scan,Vulnerable dependency,/home/runner/work/juice-shop-DevSecOps/juice-shop-DevSecOps/frontend/node_modules/zone.js/bundles/proxy.umd.min.js,,Fixed in working tree,"Angular runtime 20.3.32; old HTTP, Universal and codelyzer copies removed; zone.js 0.15.1."
1076,Retire.js Scan,Vulnerable dependency,/home/runner/work/juice-shop-DevSecOps/juice-shop-DevSecOps/frontend/node_modules/zone.js/bundles/proxy.umd.min.js,,Fixed in working tree,"Angular runtime 20.3.32; old HTTP, Universal and codelyzer copies removed; zone.js 0.15.1."
1079,Retire.js Scan,Vulnerable dependency,/home/runner/work/juice-shop-DevSecOps/juice-shop-DevSecOps/frontend/node_modules/zone.js/bundles/sync-test.umd.js,,Fixed in working tree,"Angular runtime 20.3.32; old HTTP, Universal and codelyzer copies removed; zone.js 0.15.1."
1081,Retire.js Scan,Vulnerable dependency,/home/runner/work/juice-shop-DevSecOps/juice-shop-DevSecOps/frontend/node_modules/zone.js/bundles/sync-test.umd.js,,Fixed in working tree,"Angular runtime 20.3.32; old HTTP, Universal and codelyzer copies removed; zone.js 0.15.1."
1084,Retire.js Scan,Vulnerable dependency,/home/runner/work/juice-shop-DevSecOps/juice-shop-DevSecOps/frontend/node_modules/zone.js/bundles/task-tracking.umd.js,,Fixed in working tree,"Angular runtime 20.3.32; old HTTP, Universal and codelyzer copies removed; zone.js 0.15.1."
1086,Retire.js Scan,Vulnerable dependency,/home/runner/work/juice-shop-DevSecOps/juice-shop-DevSecOps/frontend/node_modules/zone.js/bundles/task-tracking.umd.js,,Fixed in working tree,"Angular runtime 20.3.32; old HTTP, Universal and codelyzer copies removed; zone.js 0.15.1."
1089,Retire.js Scan,Vulnerable dependency,/home/runner/work/juice-shop-DevSecOps/juice-shop-DevSecOps/frontend/node_modules/zone.js/bundles/sync-test.umd.min.js,,Fixed in working tree,"Angular runtime 20.3.32; old HTTP, Universal and codelyzer copies removed; zone.js 0.15.1."
1091,Retire.js Scan,Vulnerable dependency,/home/runner/work/juice-shop-DevSecOps/juice-shop-DevSecOps/frontend/node_modules/zone.js/bundles/sync-test.umd.min.js,,Fixed in working tree,"Angular runtime 20.3.32; old HTTP, Universal and codelyzer copies removed; zone.js 0.15.1."
1094,Retire.js Scan,Vulnerable dependency,/home/runner/work/juice-shop-DevSecOps/juice-shop-DevSecOps/frontend/node_modules/zone.js/bundles/task-tracking.umd.min.js,,Fixed in working tree,"Angular runtime 20.3.32; old HTTP, Universal and codelyzer copies removed; zone.js 0.15.1."
1096,Retire.js Scan,Vulnerable dependency,/home/runner/work/juice-shop-DevSecOps/juice-shop-DevSecOps/frontend/node_modules/zone.js/bundles/task-tracking.umd.min.js,,Fixed in working tree,"Angular runtime 20.3.32; old HTTP, Universal and codelyzer copies removed; zone.js 0.15.1."
1099,Retire.js Scan,Vulnerable dependency,/home/runner/work/juice-shop-DevSecOps/juice-shop-DevSecOps/frontend/node_modules/zone.js/bundles/webapis-media-query.umd.js,,Fixed in working tree,"Angular runtime 20.3.32; old HTTP, Universal and codelyzer copies removed; zone.js 0.15.1."
1101,Retire.js Scan,Vulnerable dependency,/home/runner/work/juice-shop-DevSecOps/juice-shop-DevSecOps/frontend/node_modules/zone.js/bundles/webapis-media-query.umd.js,,Fixed in working tree,"Angular runtime 20.3.32; old HTTP, Universal and codelyzer copies removed; zone.js 0.15.1."
1104,Retire.js Scan,Vulnerable dependency,/home/runner/work/juice-shop-DevSecOps/juice-shop-DevSecOps/frontend/node_modules/zone.js/bundles/webapis-media-query.umd.min.js,,Fixed in working tree,"Angular runtime 20.3.32; old HTTP, Universal and codelyzer copies removed; zone.js 0.15.1."
1106,Retire.js Scan,Vulnerable dependency,/home/runner/work/juice-shop-DevSecOps/juice-shop-DevSecOps/frontend/node_modules/zone.js/bundles/webapis-media-query.umd.min.js,,Fixed in working tree,"Angular runtime 20.3.32; old HTTP, Universal and codelyzer copies removed; zone.js 0.15.1."
1109,Retire.js Scan,Vulnerable dependency,/home/runner/work/juice-shop-DevSecOps/juice-shop-DevSecOps/frontend/node_modules/zone.js/bundles/webapis-notification.umd.js,,Fixed in working tree,"Angular runtime 20.3.32; old HTTP, Universal and codelyzer copies removed; zone.js 0.15.1."
1111,Retire.js Scan,Vulnerable dependency,/home/runner/work/juice-shop-DevSecOps/juice-shop-DevSecOps/frontend/node_modules/zone.js/bundles/webapis-notification.umd.js,,Fixed in working tree,"Angular runtime 20.3.32; old HTTP, Universal and codelyzer copies removed; zone.js 0.15.1."
1114,Retire.js Scan,Vulnerable dependency,/home/runner/work/juice-shop-DevSecOps/juice-shop-DevSecOps/frontend/node_modules/zone.js/bundles/webapis-notification.umd.min.js,,Fixed in working tree,"Angular runtime 20.3.32; old HTTP, Universal and codelyzer copies removed; zone.js 0.15.1."
1116,Retire.js Scan,Vulnerable dependency,/home/runner/work/juice-shop-DevSecOps/juice-shop-DevSecOps/frontend/node_modules/zone.js/bundles/webapis-notification.umd.min.js,,Fixed in working tree,"Angular runtime 20.3.32; old HTTP, Universal and codelyzer copies removed; zone.js 0.15.1."
1119,Retire.js Scan,Vulnerable dependency,/home/runner/work/juice-shop-DevSecOps/juice-shop-DevSecOps/frontend/node_modules/zone.js/bundles/webapis-rtc-peer-connection.umd.min.js,,Fixed in working tree,"Angular runtime 20.3.32; old HTTP, Universal and codelyzer copies removed; zone.js 0.15.1."
1121,Retire.js Scan,Vulnerable dependency,/home/runner/work/juice-shop-DevSecOps/juice-shop-DevSecOps/frontend/node_modules/zone.js/bundles/webapis-rtc-peer-connection.umd.min.js,,Fixed in working tree,"Angular runtime 20.3.32; old HTTP, Universal and codelyzer copies removed; zone.js 0.15.1."
1124,Retire.js Scan,Vulnerable dependency,/home/runner/work/juice-shop-DevSecOps/juice-shop-DevSecOps/frontend/node_modules/zone.js/bundles/webapis-rtc-peer-connection.umd.js,,Fixed in working tree,"Angular runtime 20.3.32; old HTTP, Universal and codelyzer copies removed; zone.js 0.15.1."
1126,Retire.js Scan,Vulnerable dependency,/home/runner/work/juice-shop-DevSecOps/juice-shop-DevSecOps/frontend/node_modules/zone.js/bundles/webapis-rtc-peer-connection.umd.js,,Fixed in working tree,"Angular runtime 20.3.32; old HTTP, Universal and codelyzer copies removed; zone.js 0.15.1."
1129,Retire.js Scan,Vulnerable dependency,/home/runner/work/juice-shop-DevSecOps/juice-shop-DevSecOps/frontend/node_modules/zone.js/bundles/webapis-shadydom.umd.js,,Fixed in working tree,"Angular runtime 20.3.32; old HTTP, Universal and codelyzer copies removed; zone.js 0.15.1."
1131,Retire.js Scan,Vulnerable dependency,/home/runner/work/juice-shop-DevSecOps/juice-shop-DevSecOps/frontend/node_modules/zone.js/bundles/webapis-shadydom.umd.js,,Fixed in working tree,"Angular runtime 20.3.32; old HTTP, Universal and codelyzer copies removed; zone.js 0.15.1."
1134,Retire.js Scan,Vulnerable dependency,/home/runner/work/juice-shop-DevSecOps/juice-shop-DevSecOps/frontend/node_modules/zone.js/bundles/webapis-shadydom.umd.min.js,,Fixed in working tree,"Angular runtime 20.3.32; old HTTP, Universal and codelyzer copies removed; zone.js 0.15.1."
1136,Retire.js Scan,Vulnerable dependency,/home/runner/work/juice-shop-DevSecOps/juice-shop-DevSecOps/frontend/node_modules/zone.js/bundles/webapis-shadydom.umd.min.js,,Fixed in working tree,"Angular runtime 20.3.32; old HTTP, Universal and codelyzer copies removed; zone.js 0.15.1."
1139,Retire.js Scan,Vulnerable dependency,/home/runner/work/juice-shop-DevSecOps/juice-shop-DevSecOps/frontend/node_modules/zone.js/bundles/wtf.umd.js,,Fixed in working tree,"Angular runtime 20.3.32; old HTTP, Universal and codelyzer copies removed; zone.js 0.15.1."
1141,Retire.js Scan,Vulnerable dependency,/home/runner/work/juice-shop-DevSecOps/juice-shop-DevSecOps/frontend/node_modules/zone.js/bundles/wtf.umd.js,,Fixed in working tree,"Angular runtime 20.3.32; old HTTP, Universal and codelyzer copies removed; zone.js 0.15.1."
1144,Retire.js Scan,Vulnerable dependency,/home/runner/work/juice-shop-DevSecOps/juice-shop-DevSecOps/frontend/node_modules/zone.js/bundles/wtf.umd.min.js,,Fixed in working tree,"Angular runtime 20.3.32; old HTTP, Universal and codelyzer copies removed; zone.js 0.15.1."
1146,Retire.js Scan,Vulnerable dependency,/home/runner/work/juice-shop-DevSecOps/juice-shop-DevSecOps/frontend/node_modules/zone.js/bundles/wtf.umd.min.js,,Fixed in working tree,"Angular runtime 20.3.32; old HTTP, Universal and codelyzer copies removed; zone.js 0.15.1."
1149,Retire.js Scan,Vulnerable dependency,/home/runner/work/juice-shop-DevSecOps/juice-shop-DevSecOps/frontend/node_modules/zone.js/bundles/zone-bluebird.umd.js,,Fixed in working tree,"Angular runtime 20.3.32; old HTTP, Universal and codelyzer copies removed; zone.js 0.15.1."
1151,Retire.js Scan,Vulnerable dependency,/home/runner/work/juice-shop-DevSecOps/juice-shop-DevSecOps/frontend/node_modules/zone.js/bundles/zone-bluebird.umd.js,,Fixed in working tree,"Angular runtime 20.3.32; old HTTP, Universal and codelyzer copies removed; zone.js 0.15.1."
1154,Retire.js Scan,Vulnerable dependency,/home/runner/work/juice-shop-DevSecOps/juice-shop-DevSecOps/frontend/node_modules/zone.js/bundles/zone-bluebird.umd.min.js,,Fixed in working tree,"Angular runtime 20.3.32; old HTTP, Universal and codelyzer copies removed; zone.js 0.15.1."
1156,Retire.js Scan,Vulnerable dependency,/home/runner/work/juice-shop-DevSecOps/juice-shop-DevSecOps/frontend/node_modules/zone.js/bundles/zone-bluebird.umd.min.js,,Fixed in working tree,"Angular runtime 20.3.32; old HTTP, Universal and codelyzer copies removed; zone.js 0.15.1."
1159,Retire.js Scan,Vulnerable dependency,/home/runner/work/juice-shop-DevSecOps/juice-shop-DevSecOps/frontend/node_modules/zone.js/bundles/zone-error.umd.js,,Fixed in working tree,"Angular runtime 20.3.32; old HTTP, Universal and codelyzer copies removed; zone.js 0.15.1."
1161,Retire.js Scan,Vulnerable dependency,/home/runner/work/juice-shop-DevSecOps/juice-shop-DevSecOps/frontend/node_modules/zone.js/bundles/zone-error.umd.js,,Fixed in working tree,"Angular runtime 20.3.32; old HTTP, Universal and codelyzer copies removed; zone.js 0.15.1."
1164,Retire.js Scan,Vulnerable dependency,/home/runner/work/juice-shop-DevSecOps/juice-shop-DevSecOps/frontend/node_modules/zone.js/bundles/zone-error.umd.min.js,,Fixed in working tree,"Angular runtime 20.3.32; old HTTP, Universal and codelyzer copies removed; zone.js 0.15.1."
1166,Retire.js Scan,Vulnerable dependency,/home/runner/work/juice-shop-DevSecOps/juice-shop-DevSecOps/frontend/node_modules/zone.js/bundles/zone-error.umd.min.js,,Fixed in working tree,"Angular runtime 20.3.32; old HTTP, Universal and codelyzer copies removed; zone.js 0.15.1."
1169,Retire.js Scan,Vulnerable dependency,/home/runner/work/juice-shop-DevSecOps/juice-shop-DevSecOps/frontend/node_modules/zone.js/bundles/zone-legacy.umd.min.js,,Fixed in working tree,"Angular runtime 20.3.32; old HTTP, Universal and codelyzer copies removed; zone.js 0.15.1."
1171,Retire.js Scan,Vulnerable dependency,/home/runner/work/juice-shop-DevSecOps/juice-shop-DevSecOps/frontend/node_modules/zone.js/bundles/zone-legacy.umd.min.js,,Fixed in working tree,"Angular runtime 20.3.32; old HTTP, Universal and codelyzer copies removed; zone.js 0.15.1."
1174,Retire.js Scan,Vulnerable dependency,/home/runner/work/juice-shop-DevSecOps/juice-shop-DevSecOps/frontend/node_modules/zone.js/bundles/zone-legacy.umd.js,,Fixed in working tree,"Angular runtime 20.3.32; old HTTP, Universal and codelyzer copies removed; zone.js 0.15.1."
1176,Retire.js Scan,Vulnerable dependency,/home/runner/work/juice-shop-DevSecOps/juice-shop-DevSecOps/frontend/node_modules/zone.js/bundles/zone-legacy.umd.js,,Fixed in working tree,"Angular runtime 20.3.32; old HTTP, Universal and codelyzer copies removed; zone.js 0.15.1."
1179,Retire.js Scan,Vulnerable dependency,/home/runner/work/juice-shop-DevSecOps/juice-shop-DevSecOps/frontend/node_modules/zone.js/bundles/zone-mix.umd.js,,Fixed in working tree,"Angular runtime 20.3.32; old HTTP, Universal and codelyzer copies removed; zone.js 0.15.1."
1181,Retire.js Scan,Vulnerable dependency,/home/runner/work/juice-shop-DevSecOps/juice-shop-DevSecOps/frontend/node_modules/zone.js/bundles/zone-mix.umd.js,,Fixed in working tree,"Angular runtime 20.3.32; old HTTP, Universal and codelyzer copies removed; zone.js 0.15.1."
1184,Retire.js Scan,Vulnerable dependency,/home/runner/work/juice-shop-DevSecOps/juice-shop-DevSecOps/frontend/node_modules/zone.js/bundles/zone-mix.umd.min.js,,Fixed in working tree,"Angular runtime 20.3.32; old HTTP, Universal and codelyzer copies removed; zone.js 0.15.1."
1186,Retire.js Scan,Vulnerable dependency,/home/runner/work/juice-shop-DevSecOps/juice-shop-DevSecOps/frontend/node_modules/zone.js/bundles/zone-mix.umd.min.js,,Fixed in working tree,"Angular runtime 20.3.32; old HTTP, Universal and codelyzer copies removed; zone.js 0.15.1."
1189,Retire.js Scan,Vulnerable dependency,/home/runner/work/juice-shop-DevSecOps/juice-shop-DevSecOps/frontend/node_modules/zone.js/bundles/zone-node.umd.min.js,,Fixed in working tree,"Angular runtime 20.3.32; old HTTP, Universal and codelyzer copies removed; zone.js 0.15.1."
1191,Retire.js Scan,Vulnerable dependency,/home/runner/work/juice-shop-DevSecOps/juice-shop-DevSecOps/frontend/node_modules/zone.js/bundles/zone-node.umd.min.js,,Fixed in working tree,"Angular runtime 20.3.32; old HTTP, Universal and codelyzer copies removed; zone.js 0.15.1."
1194,Retire.js Scan,Vulnerable dependency,/home/runner/work/juice-shop-DevSecOps/juice-shop-DevSecOps/frontend/node_modules/zone.js/bundles/zone-node.umd.js,,Fixed in working tree,"Angular runtime 20.3.32; old HTTP, Universal and codelyzer copies removed; zone.js 0.15.1."
1196,Retire.js Scan,Vulnerable dependency,/home/runner/work/juice-shop-DevSecOps/juice-shop-DevSecOps/frontend/node_modules/zone.js/bundles/zone-node.umd.js,,Fixed in working tree,"Angular runtime 20.3.32; old HTTP, Universal and codelyzer copies removed; zone.js 0.15.1."
1199,Retire.js Scan,Vulnerable dependency,/home/runner/work/juice-shop-DevSecOps/juice-shop-DevSecOps/frontend/node_modules/zone.js/bundles/zone-patch-canvas.umd.js,,Fixed in working tree,"Angular runtime 20.3.32; old HTTP, Universal and codelyzer copies removed; zone.js 0.15.1."
1201,Retire.js Scan,Vulnerable dependency,/home/runner/work/juice-shop-DevSecOps/juice-shop-DevSecOps/frontend/node_modules/zone.js/bundles/zone-patch-canvas.umd.js,,Fixed in working tree,"Angular runtime 20.3.32; old HTTP, Universal and codelyzer copies removed; zone.js 0.15.1."
1204,Retire.js Scan,Vulnerable dependency,/home/runner/work/juice-shop-DevSecOps/juice-shop-DevSecOps/frontend/node_modules/zone.js/bundles/zone-patch-canvas.umd.min.js,,Fixed in working tree,"Angular runtime 20.3.32; old HTTP, Universal and codelyzer copies removed; zone.js 0.15.1."
1206,Retire.js Scan,Vulnerable dependency,/home/runner/work/juice-shop-DevSecOps/juice-shop-DevSecOps/frontend/node_modules/zone.js/bundles/zone-patch-canvas.umd.min.js,,Fixed in working tree,"Angular runtime 20.3.32; old HTTP, Universal and codelyzer copies removed; zone.js 0.15.1."
1209,Retire.js Scan,Vulnerable dependency,/home/runner/work/juice-shop-DevSecOps/juice-shop-DevSecOps/frontend/node_modules/zone.js/bundles/zone-patch-cordova.umd.js,,Fixed in working tree,"Angular runtime 20.3.32; old HTTP, Universal and codelyzer copies removed; zone.js 0.15.1."
1211,Retire.js Scan,Vulnerable dependency,/home/runner/work/juice-shop-DevSecOps/juice-shop-DevSecOps/frontend/node_modules/zone.js/bundles/zone-patch-cordova.umd.js,,Fixed in working tree,"Angular runtime 20.3.32; old HTTP, Universal and codelyzer copies removed; zone.js 0.15.1."
1214,Retire.js Scan,Vulnerable dependency,/home/runner/work/juice-shop-DevSecOps/juice-shop-DevSecOps/frontend/node_modules/zone.js/bundles/zone-patch-cordova.umd.min.js,,Fixed in working tree,"Angular runtime 20.3.32; old HTTP, Universal and codelyzer copies removed; zone.js 0.15.1."
1216,Retire.js Scan,Vulnerable dependency,/home/runner/work/juice-shop-DevSecOps/juice-shop-DevSecOps/frontend/node_modules/zone.js/bundles/zone-patch-cordova.umd.min.js,,Fixed in working tree,"Angular runtime 20.3.32; old HTTP, Universal and codelyzer copies removed; zone.js 0.15.1."
1219,Retire.js Scan,Vulnerable dependency,/home/runner/work/juice-shop-DevSecOps/juice-shop-DevSecOps/frontend/node_modules/zone.js/bundles/zone-patch-electron.umd.js,,Fixed in working tree,"Angular runtime 20.3.32; old HTTP, Universal and codelyzer copies removed; zone.js 0.15.1."
1221,Retire.js Scan,Vulnerable dependency,/home/runner/work/juice-shop-DevSecOps/juice-shop-DevSecOps/frontend/node_modules/zone.js/bundles/zone-patch-electron.umd.js,,Fixed in working tree,"Angular runtime 20.3.32; old HTTP, Universal and codelyzer copies removed; zone.js 0.15.1."
1224,Retire.js Scan,Vulnerable dependency,/home/runner/work/juice-shop-DevSecOps/juice-shop-DevSecOps/frontend/node_modules/zone.js/bundles/zone-patch-electron.umd.min.js,,Fixed in working tree,"Angular runtime 20.3.32; old HTTP, Universal and codelyzer copies removed; zone.js 0.15.1."
1226,Retire.js Scan,Vulnerable dependency,/home/runner/work/juice-shop-DevSecOps/juice-shop-DevSecOps/frontend/node_modules/zone.js/bundles/zone-patch-electron.umd.min.js,,Fixed in working tree,"Angular runtime 20.3.32; old HTTP, Universal and codelyzer copies removed; zone.js 0.15.1."
1229,Retire.js Scan,Vulnerable dependency,/home/runner/work/juice-shop-DevSecOps/juice-shop-DevSecOps/frontend/node_modules/zone.js/bundles/zone-patch-fetch.umd.min.js,,Fixed in working tree,"Angular runtime 20.3.32; old HTTP, Universal and codelyzer copies removed; zone.js 0.15.1."
1231,Retire.js Scan,Vulnerable dependency,/home/runner/work/juice-shop-DevSecOps/juice-shop-DevSecOps/frontend/node_modules/zone.js/bundles/zone-patch-fetch.umd.min.js,,Fixed in working tree,"Angular runtime 20.3.32; old HTTP, Universal and codelyzer copies removed; zone.js 0.15.1."
1234,Retire.js Scan,Vulnerable dependency,/home/runner/work/juice-shop-DevSecOps/juice-shop-DevSecOps/frontend/node_modules/zone.js/bundles/zone-patch-jsonp.umd.js,,Fixed in working tree,"Angular runtime 20.3.32; old HTTP, Universal and codelyzer copies removed; zone.js 0.15.1."
1236,Retire.js Scan,Vulnerable dependency,/home/runner/work/juice-shop-DevSecOps/juice-shop-DevSecOps/frontend/node_modules/zone.js/bundles/zone-patch-jsonp.umd.js,,Fixed in working tree,"Angular runtime 20.3.32; old HTTP, Universal and codelyzer copies removed; zone.js 0.15.1."
1239,Retire.js Scan,Vulnerable dependency,/home/runner/work/juice-shop-DevSecOps/juice-shop-DevSecOps/frontend/node_modules/zone.js/bundles/zone-patch-message-port.umd.js,,Fixed in working tree,"Angular runtime 20.3.32; old HTTP, Universal and codelyzer copies removed; zone.js 0.15.1."
1241,Retire.js Scan,Vulnerable dependency,/home/runner/work/juice-shop-DevSecOps/juice-shop-DevSecOps/frontend/node_modules/zone.js/bundles/zone-patch-message-port.umd.js,,Fixed in working tree,"Angular runtime 20.3.32; old HTTP, Universal and codelyzer copies removed; zone.js 0.15.1."
1244,Retire.js Scan,Vulnerable dependency,/home/runner/work/juice-shop-DevSecOps/juice-shop-DevSecOps/frontend/node_modules/zone.js/bundles/zone-patch-jsonp.umd.min.js,,Fixed in working tree,"Angular runtime 20.3.32; old HTTP, Universal and codelyzer copies removed; zone.js 0.15.1."
1246,Retire.js Scan,Vulnerable dependency,/home/runner/work/juice-shop-DevSecOps/juice-shop-DevSecOps/frontend/node_modules/zone.js/bundles/zone-patch-jsonp.umd.min.js,,Fixed in working tree,"Angular runtime 20.3.32; old HTTP, Universal and codelyzer copies removed; zone.js 0.15.1."
1249,Retire.js Scan,Vulnerable dependency,/home/runner/work/juice-shop-DevSecOps/juice-shop-DevSecOps/frontend/node_modules/zone.js/bundles/zone-patch-message-port.umd.min.js,,Fixed in working tree,"Angular runtime 20.3.32; old HTTP, Universal and codelyzer copies removed; zone.js 0.15.1."
1251,Retire.js Scan,Vulnerable dependency,/home/runner/work/juice-shop-DevSecOps/juice-shop-DevSecOps/frontend/node_modules/zone.js/bundles/zone-patch-message-port.umd.min.js,,Fixed in working tree,"Angular runtime 20.3.32; old HTTP, Universal and codelyzer copies removed; zone.js 0.15.1."
1254,Retire.js Scan,Vulnerable dependency,/home/runner/work/juice-shop-DevSecOps/juice-shop-DevSecOps/frontend/node_modules/zone.js/bundles/zone-patch-promise-test.umd.js,,Fixed in working tree,"Angular runtime 20.3.32; old HTTP, Universal and codelyzer copies removed; zone.js 0.15.1."
1256,Retire.js Scan,Vulnerable dependency,/home/runner/work/juice-shop-DevSecOps/juice-shop-DevSecOps/frontend/node_modules/zone.js/bundles/zone-patch-promise-test.umd.js,,Fixed in working tree,"Angular runtime 20.3.32; old HTTP, Universal and codelyzer copies removed; zone.js 0.15.1."
1259,Retire.js Scan,Vulnerable dependency,/home/runner/work/juice-shop-DevSecOps/juice-shop-DevSecOps/frontend/node_modules/zone.js/bundles/zone-patch-promise-test.umd.min.js,,Fixed in working tree,"Angular runtime 20.3.32; old HTTP, Universal and codelyzer copies removed; zone.js 0.15.1."
1261,Retire.js Scan,Vulnerable dependency,/home/runner/work/juice-shop-DevSecOps/juice-shop-DevSecOps/frontend/node_modules/zone.js/bundles/zone-patch-promise-test.umd.min.js,,Fixed in working tree,"Angular runtime 20.3.32; old HTTP, Universal and codelyzer copies removed; zone.js 0.15.1."
1264,Retire.js Scan,Vulnerable dependency,/home/runner/work/juice-shop-DevSecOps/juice-shop-DevSecOps/frontend/node_modules/zone.js/bundles/zone-patch-resize-observer.umd.js,,Fixed in working tree,"Angular runtime 20.3.32; old HTTP, Universal and codelyzer copies removed; zone.js 0.15.1."
1266,Retire.js Scan,Vulnerable dependency,/home/runner/work/juice-shop-DevSecOps/juice-shop-DevSecOps/frontend/node_modules/zone.js/bundles/zone-patch-resize-observer.umd.js,,Fixed in working tree,"Angular runtime 20.3.32; old HTTP, Universal and codelyzer copies removed; zone.js 0.15.1."
1269,Retire.js Scan,Vulnerable dependency,/home/runner/work/juice-shop-DevSecOps/juice-shop-DevSecOps/frontend/node_modules/zone.js/bundles/zone-patch-resize-observer.umd.min.js,,Fixed in working tree,"Angular runtime 20.3.32; old HTTP, Universal and codelyzer copies removed; zone.js 0.15.1."
1271,Retire.js Scan,Vulnerable dependency,/home/runner/work/juice-shop-DevSecOps/juice-shop-DevSecOps/frontend/node_modules/zone.js/bundles/zone-patch-resize-observer.umd.min.js,,Fixed in working tree,"Angular runtime 20.3.32; old HTTP, Universal and codelyzer copies removed; zone.js 0.15.1."
1274,Retire.js Scan,Vulnerable dependency,/home/runner/work/juice-shop-DevSecOps/juice-shop-DevSecOps/frontend/node_modules/zone.js/bundles/zone-patch-rxjs-fake-async.umd.js,,Fixed in working tree,"Angular runtime 20.3.32; old HTTP, Universal and codelyzer copies removed; zone.js 0.15.1."
1276,Retire.js Scan,Vulnerable dependency,/home/runner/work/juice-shop-DevSecOps/juice-shop-DevSecOps/frontend/node_modules/zone.js/bundles/zone-patch-rxjs-fake-async.umd.js,,Fixed in working tree,"Angular runtime 20.3.32; old HTTP, Universal and codelyzer copies removed; zone.js 0.15.1."
1279,Retire.js Scan,Vulnerable dependency,/home/runner/work/juice-shop-DevSecOps/juice-shop-DevSecOps/frontend/node_modules/zone.js/bundles/zone-patch-rxjs-fake-async.umd.min.js,,Fixed in working tree,"Angular runtime 20.3.32; old HTTP, Universal and codelyzer copies removed; zone.js 0.15.1."
1281,Retire.js Scan,Vulnerable dependency,/home/runner/work/juice-shop-DevSecOps/juice-shop-DevSecOps/frontend/node_modules/zone.js/bundles/zone-patch-rxjs-fake-async.umd.min.js,,Fixed in working tree,"Angular runtime 20.3.32; old HTTP, Universal and codelyzer copies removed; zone.js 0.15.1."
1284,Retire.js Scan,Vulnerable dependency,/home/runner/work/juice-shop-DevSecOps/juice-shop-DevSecOps/frontend/node_modules/zone.js/bundles/zone-patch-rxjs.umd.min.js,,Fixed in working tree,"Angular runtime 20.3.32; old HTTP, Universal and codelyzer copies removed; zone.js 0.15.1."
1286,Retire.js Scan,Vulnerable dependency,/home/runner/work/juice-shop-DevSecOps/juice-shop-DevSecOps/frontend/node_modules/zone.js/bundles/zone-patch-rxjs.umd.min.js,,Fixed in working tree,"Angular runtime 20.3.32; old HTTP, Universal and codelyzer copies removed; zone.js 0.15.1."
1289,Retire.js Scan,Vulnerable dependency,/home/runner/work/juice-shop-DevSecOps/juice-shop-DevSecOps/frontend/node_modules/zone.js/bundles/zone-patch-rxjs.umd.js,,Fixed in working tree,"Angular runtime 20.3.32; old HTTP, Universal and codelyzer copies removed; zone.js 0.15.1."
1291,Retire.js Scan,Vulnerable dependency,/home/runner/work/juice-shop-DevSecOps/juice-shop-DevSecOps/frontend/node_modules/zone.js/bundles/zone-patch-rxjs.umd.js,,Fixed in working tree,"Angular runtime 20.3.32; old HTTP, Universal and codelyzer copies removed; zone.js 0.15.1."
1294,Retire.js Scan,Vulnerable dependency,/home/runner/work/juice-shop-DevSecOps/juice-shop-DevSecOps/frontend/node_modules/zone.js/bundles/zone-patch-socket-io.umd.js,,Fixed in working tree,"Angular runtime 20.3.32; old HTTP, Universal and codelyzer copies removed; zone.js 0.15.1."
1296,Retire.js Scan,Vulnerable dependency,/home/runner/work/juice-shop-DevSecOps/juice-shop-DevSecOps/frontend/node_modules/zone.js/bundles/zone-patch-socket-io.umd.js,,Fixed in working tree,"Angular runtime 20.3.32; old HTTP, Universal and codelyzer copies removed; zone.js 0.15.1."
1299,Retire.js Scan,Vulnerable dependency,/home/runner/work/juice-shop-DevSecOps/juice-shop-DevSecOps/frontend/node_modules/zone.js/bundles/zone-patch-socket-io.umd.min.js,,Fixed in working tree,"Angular runtime 20.3.32; old HTTP, Universal and codelyzer copies removed; zone.js 0.15.1."
1301,Retire.js Scan,Vulnerable dependency,/home/runner/work/juice-shop-DevSecOps/juice-shop-DevSecOps/frontend/node_modules/zone.js/bundles/zone-patch-socket-io.umd.min.js,,Fixed in working tree,"Angular runtime 20.3.32; old HTTP, Universal and codelyzer copies removed; zone.js 0.15.1."
1304,Retire.js Scan,Vulnerable dependency,/home/runner/work/juice-shop-DevSecOps/juice-shop-DevSecOps/frontend/node_modules/zone.js/bundles/zone-patch-user-media.umd.js,,Fixed in working tree,"Angular runtime 20.3.32; old HTTP, Universal and codelyzer copies removed; zone.js 0.15.1."
1306,Retire.js Scan,Vulnerable dependency,/home/runner/work/juice-shop-DevSecOps/juice-shop-DevSecOps/frontend/node_modules/zone.js/bundles/zone-patch-user-media.umd.js,,Fixed in working tree,"Angular runtime 20.3.32; old HTTP, Universal and codelyzer copies removed; zone.js 0.15.1."
1309,Retire.js Scan,Vulnerable dependency,/home/runner/work/juice-shop-DevSecOps/juice-shop-DevSecOps/frontend/node_modules/zone.js/bundles/zone-patch-user-media.umd.min.js,,Fixed in working tree,"Angular runtime 20.3.32; old HTTP, Universal and codelyzer copies removed; zone.js 0.15.1."
1311,Retire.js Scan,Vulnerable dependency,/home/runner/work/juice-shop-DevSecOps/juice-shop-DevSecOps/frontend/node_modules/zone.js/bundles/zone-patch-user-media.umd.min.js,,Fixed in working tree,"Angular runtime 20.3.32; old HTTP, Universal and codelyzer copies removed; zone.js 0.15.1."
1314,Retire.js Scan,Vulnerable dependency,/home/runner/work/juice-shop-DevSecOps/juice-shop-DevSecOps/frontend/node_modules/zone.js/bundles/zone-testing-bundle.umd.js,,Fixed in working tree,"Angular runtime 20.3.32; old HTTP, Universal and codelyzer copies removed; zone.js 0.15.1."
1316,Retire.js Scan,Vulnerable dependency,/home/runner/work/juice-shop-DevSecOps/juice-shop-DevSecOps/frontend/node_modules/zone.js/bundles/zone-testing-bundle.umd.js,,Fixed in working tree,"Angular runtime 20.3.32; old HTTP, Universal and codelyzer copies removed; zone.js 0.15.1."
1319,Retire.js Scan,Vulnerable dependency,/home/runner/work/juice-shop-DevSecOps/juice-shop-DevSecOps/frontend/node_modules/zone.js/bundles/zone-testing-bundle.umd.min.js,,Fixed in working tree,"Angular runtime 20.3.32; old HTTP, Universal and codelyzer copies removed; zone.js 0.15.1."
1321,Retire.js Scan,Vulnerable dependency,/home/runner/work/juice-shop-DevSecOps/juice-shop-DevSecOps/frontend/node_modules/zone.js/bundles/zone-testing-bundle.umd.min.js,,Fixed in working tree,"Angular runtime 20.3.32; old HTTP, Universal and codelyzer copies removed; zone.js 0.15.1."
1324,Retire.js Scan,Vulnerable dependency,/home/runner/work/juice-shop-DevSecOps/juice-shop-DevSecOps/frontend/node_modules/zone.js/bundles/zone-testing-node-bundle.umd.js,,Fixed in working tree,"Angular runtime 20.3.32; old HTTP, Universal and codelyzer copies removed; zone.js 0.15.1."
1326,Retire.js Scan,Vulnerable dependency,/home/runner/work/juice-shop-DevSecOps/juice-shop-DevSecOps/frontend/node_modules/zone.js/bundles/zone-testing-node-bundle.umd.js,,Fixed in working tree,"Angular runtime 20.3.32; old HTTP, Universal and codelyzer copies removed; zone.js 0.15.1."
1329,Retire.js Scan,Vulnerable dependency,/home/runner/work/juice-shop-DevSecOps/juice-shop-DevSecOps/frontend/node_modules/zone.js/bundles/zone-testing.umd.js,,Fixed in working tree,"Angular runtime 20.3.32; old HTTP, Universal and codelyzer copies removed; zone.js 0.15.1."
1331,Retire.js Scan,Vulnerable dependency,/home/runner/work/juice-shop-DevSecOps/juice-shop-DevSecOps/frontend/node_modules/zone.js/bundles/zone-testing.umd.js,,Fixed in working tree,"Angular runtime 20.3.32; old HTTP, Universal and codelyzer copies removed; zone.js 0.15.1."
1334,Retire.js Scan,Vulnerable dependency,/home/runner/work/juice-shop-DevSecOps/juice-shop-DevSecOps/frontend/node_modules/zone.js/bundles/zone-testing-node-bundle.umd.min.js,,Fixed in working tree,"Angular runtime 20.3.32; old HTTP, Universal and codelyzer copies removed; zone.js 0.15.1."
1336,Retire.js Scan,Vulnerable dependency,/home/runner/work/juice-shop-DevSecOps/juice-shop-DevSecOps/frontend/node_modules/zone.js/bundles/zone-testing-node-bundle.umd.min.js,,Fixed in working tree,"Angular runtime 20.3.32; old HTTP, Universal and codelyzer copies removed; zone.js 0.15.1."
1339,Retire.js Scan,Vulnerable dependency,/home/runner/work/juice-shop-DevSecOps/juice-shop-DevSecOps/frontend/node_modules/zone.js/bundles/zone.umd.js,,Fixed in working tree,"Angular runtime 20.3.32; old HTTP, Universal and codelyzer copies removed; zone.js 0.15.1."
1341,Retire.js Scan,Vulnerable dependency,/home/runner/work/juice-shop-DevSecOps/juice-shop-DevSecOps/frontend/node_modules/zone.js/bundles/zone.umd.js,,Fixed in working tree,"Angular runtime 20.3.32; old HTTP, Universal and codelyzer copies removed; zone.js 0.15.1."
1344,Retire.js Scan,Vulnerable dependency,/home/runner/work/juice-shop-DevSecOps/juice-shop-DevSecOps/frontend/node_modules/zone.js/bundles/zone-testing.umd.min.js,,Fixed in working tree,"Angular runtime 20.3.32; old HTTP, Universal and codelyzer copies removed; zone.js 0.15.1."
1346,Retire.js Scan,Vulnerable dependency,/home/runner/work/juice-shop-DevSecOps/juice-shop-DevSecOps/frontend/node_modules/zone.js/bundles/zone-testing.umd.min.js,,Fixed in working tree,"Angular runtime 20.3.32; old HTTP, Universal and codelyzer copies removed; zone.js 0.15.1."
1349,Retire.js Scan,Vulnerable dependency,/home/runner/work/juice-shop-DevSecOps/juice-shop-DevSecOps/frontend/node_modules/zone.js/bundles/zone-patch-fetch.umd.js,,Fixed in working tree,"Angular runtime 20.3.32; old HTTP, Universal and codelyzer copies removed; zone.js 0.15.1."
1351,Retire.js Scan,Vulnerable dependency,/home/runner/work/juice-shop-DevSecOps/juice-shop-DevSecOps/frontend/node_modules/zone.js/bundles/zone-patch-fetch.umd.js,,Fixed in working tree,"Angular runtime 20.3.32; old HTTP, Universal and codelyzer copies removed; zone.js 0.15.1."
1354,Retire.js Scan,Vulnerable dependency,/home/runner/work/juice-shop-DevSecOps/juice-shop-DevSecOps/frontend/node_modules/zone.js/bundles/zone.umd.min.js,,Fixed in working tree,"Angular runtime 20.3.32; old HTTP, Universal and codelyzer copies removed; zone.js 0.15.1."
1356,Retire.js Scan,Vulnerable dependency,/home/runner/work/juice-shop-DevSecOps/juice-shop-DevSecOps/frontend/node_modules/zone.js/bundles/zone.umd.min.js,,Fixed in working tree,"Angular runtime 20.3.32; old HTTP, Universal and codelyzer copies removed; zone.js 0.15.1."
1359,Retire.js Scan,Vulnerable dependency,/home/runner/work/juice-shop-DevSecOps/juice-shop-DevSecOps/frontend/node_modules/zone.js/dist/async-stack-tagging.js,,Fixed in working tree,"Angular runtime 20.3.32; old HTTP, Universal and codelyzer copies removed; zone.js 0.15.1."
1361,Retire.js Scan,Vulnerable dependency,/home/runner/work/juice-shop-DevSecOps/juice-shop-DevSecOps/frontend/node_modules/zone.js/dist/async-stack-tagging.js,,Fixed in working tree,"Angular runtime 20.3.32; old HTTP, Universal and codelyzer copies removed; zone.js 0.15.1."
1364,Retire.js Scan,Vulnerable dependency,/home/runner/work/juice-shop-DevSecOps/juice-shop-DevSecOps/frontend/node_modules/zone.js/dist/async-stack-tagging.min.js,,Fixed in working tree,"Angular runtime 20.3.32; old HTTP, Universal and codelyzer copies removed; zone.js 0.15.1."
1366,Retire.js Scan,Vulnerable dependency,/home/runner/work/juice-shop-DevSecOps/juice-shop-DevSecOps/frontend/node_modules/zone.js/dist/async-stack-tagging.min.js,,Fixed in working tree,"Angular runtime 20.3.32; old HTTP, Universal and codelyzer copies removed; zone.js 0.15.1."
1369,Retire.js Scan,Vulnerable dependency,/home/runner/work/juice-shop-DevSecOps/juice-shop-DevSecOps/frontend/node_modules/zone.js/dist/async-test.js,,Fixed in working tree,"Angular runtime 20.3.32; old HTTP, Universal and codelyzer copies removed; zone.js 0.15.1."
1371,Retire.js Scan,Vulnerable dependency,/home/runner/work/juice-shop-DevSecOps/juice-shop-DevSecOps/frontend/node_modules/zone.js/dist/async-test.js,,Fixed in working tree,"Angular runtime 20.3.32; old HTTP, Universal and codelyzer copies removed; zone.js 0.15.1."
1374,Retire.js Scan,Vulnerable dependency,/home/runner/work/juice-shop-DevSecOps/juice-shop-DevSecOps/frontend/node_modules/zone.js/dist/fake-async-test.js,,Fixed in working tree,"Angular runtime 20.3.32; old HTTP, Universal and codelyzer copies removed; zone.js 0.15.1."
1376,Retire.js Scan,Vulnerable dependency,/home/runner/work/juice-shop-DevSecOps/juice-shop-DevSecOps/frontend/node_modules/zone.js/dist/fake-async-test.js,,Fixed in working tree,"Angular runtime 20.3.32; old HTTP, Universal and codelyzer copies removed; zone.js 0.15.1."
1379,Retire.js Scan,Vulnerable dependency,/home/runner/work/juice-shop-DevSecOps/juice-shop-DevSecOps/frontend/node_modules/zone.js/dist/async-test.min.js,,Fixed in working tree,"Angular runtime 20.3.32; old HTTP, Universal and codelyzer copies removed; zone.js 0.15.1."
1381,Retire.js Scan,Vulnerable dependency,/home/runner/work/juice-shop-DevSecOps/juice-shop-DevSecOps/frontend/node_modules/zone.js/dist/async-test.min.js,,Fixed in working tree,"Angular runtime 20.3.32; old HTTP, Universal and codelyzer copies removed; zone.js 0.15.1."
1384,Retire.js Scan,Vulnerable dependency,/home/runner/work/juice-shop-DevSecOps/juice-shop-DevSecOps/frontend/node_modules/zone.js/dist/fake-async-test.min.js,,Fixed in working tree,"Angular runtime 20.3.32; old HTTP, Universal and codelyzer copies removed; zone.js 0.15.1."
1386,Retire.js Scan,Vulnerable dependency,/home/runner/work/juice-shop-DevSecOps/juice-shop-DevSecOps/frontend/node_modules/zone.js/dist/fake-async-test.min.js,,Fixed in working tree,"Angular runtime 20.3.32; old HTTP, Universal and codelyzer copies removed; zone.js 0.15.1."
1389,Retire.js Scan,Vulnerable dependency,/home/runner/work/juice-shop-DevSecOps/juice-shop-DevSecOps/frontend/node_modules/zone.js/dist/jasmine-patch.min.js,,Fixed in working tree,"Angular runtime 20.3.32; old HTTP, Universal and codelyzer copies removed; zone.js 0.15.1."
1391,Retire.js Scan,Vulnerable dependency,/home/runner/work/juice-shop-DevSecOps/juice-shop-DevSecOps/frontend/node_modules/zone.js/dist/jasmine-patch.min.js,,Fixed in working tree,"Angular runtime 20.3.32; old HTTP, Universal and codelyzer copies removed; zone.js 0.15.1."
1394,Retire.js Scan,Vulnerable dependency,/home/runner/work/juice-shop-DevSecOps/juice-shop-DevSecOps/frontend/node_modules/zone.js/dist/jasmine-patch.js,,Fixed in working tree,"Angular runtime 20.3.32; old HTTP, Universal and codelyzer copies removed; zone.js 0.15.1."
1396,Retire.js Scan,Vulnerable dependency,/home/runner/work/juice-shop-DevSecOps/juice-shop-DevSecOps/frontend/node_modules/zone.js/dist/jasmine-patch.js,,Fixed in working tree,"Angular runtime 20.3.32; old HTTP, Universal and codelyzer copies removed; zone.js 0.15.1."
1399,Retire.js Scan,Vulnerable dependency,/home/runner/work/juice-shop-DevSecOps/juice-shop-DevSecOps/frontend/node_modules/zone.js/dist/long-stack-trace-zone.js,,Fixed in working tree,"Angular runtime 20.3.32; old HTTP, Universal and codelyzer copies removed; zone.js 0.15.1."
1401,Retire.js Scan,Vulnerable dependency,/home/runner/work/juice-shop-DevSecOps/juice-shop-DevSecOps/frontend/node_modules/zone.js/dist/long-stack-trace-zone.js,,Fixed in working tree,"Angular runtime 20.3.32; old HTTP, Universal and codelyzer copies removed; zone.js 0.15.1."
1404,Retire.js Scan,Vulnerable dependency,/home/runner/work/juice-shop-DevSecOps/juice-shop-DevSecOps/frontend/node_modules/zone.js/dist/long-stack-trace-zone.min.js,,Fixed in working tree,"Angular runtime 20.3.32; old HTTP, Universal and codelyzer copies removed; zone.js 0.15.1."
1406,Retire.js Scan,Vulnerable dependency,/home/runner/work/juice-shop-DevSecOps/juice-shop-DevSecOps/frontend/node_modules/zone.js/dist/long-stack-trace-zone.min.js,,Fixed in working tree,"Angular runtime 20.3.32; old HTTP, Universal and codelyzer copies removed; zone.js 0.15.1."
1409,Retire.js Scan,Vulnerable dependency,/home/runner/work/juice-shop-DevSecOps/juice-shop-DevSecOps/frontend/node_modules/zone.js/dist/mocha-patch.js,,Fixed in working tree,"Angular runtime 20.3.32; old HTTP, Universal and codelyzer copies removed; zone.js 0.15.1."
1411,Retire.js Scan,Vulnerable dependency,/home/runner/work/juice-shop-DevSecOps/juice-shop-DevSecOps/frontend/node_modules/zone.js/dist/mocha-patch.js,,Fixed in working tree,"Angular runtime 20.3.32; old HTTP, Universal and codelyzer copies removed; zone.js 0.15.1."
1414,Retire.js Scan,Vulnerable dependency,/home/runner/work/juice-shop-DevSecOps/juice-shop-DevSecOps/frontend/node_modules/zone.js/dist/mocha-patch.min.js,,Fixed in working tree,"Angular runtime 20.3.32; old HTTP, Universal and codelyzer copies removed; zone.js 0.15.1."
1416,Retire.js Scan,Vulnerable dependency,/home/runner/work/juice-shop-DevSecOps/juice-shop-DevSecOps/frontend/node_modules/zone.js/dist/mocha-patch.min.js,,Fixed in working tree,"Angular runtime 20.3.32; old HTTP, Universal and codelyzer copies removed; zone.js 0.15.1."
1419,Retire.js Scan,Vulnerable dependency,/home/runner/work/juice-shop-DevSecOps/juice-shop-DevSecOps/frontend/node_modules/zone.js/dist/proxy.js,,Fixed in working tree,"Angular runtime 20.3.32; old HTTP, Universal and codelyzer copies removed; zone.js 0.15.1."
1421,Retire.js Scan,Vulnerable dependency,/home/runner/work/juice-shop-DevSecOps/juice-shop-DevSecOps/frontend/node_modules/zone.js/dist/proxy.js,,Fixed in working tree,"Angular runtime 20.3.32; old HTTP, Universal and codelyzer copies removed; zone.js 0.15.1."
1424,Retire.js Scan,Vulnerable dependency,/home/runner/work/juice-shop-DevSecOps/juice-shop-DevSecOps/frontend/node_modules/zone.js/dist/proxy.min.js,,Fixed in working tree,"Angular runtime 20.3.32; old HTTP, Universal and codelyzer copies removed; zone.js 0.15.1."
1426,Retire.js Scan,Vulnerable dependency,/home/runner/work/juice-shop-DevSecOps/juice-shop-DevSecOps/frontend/node_modules/zone.js/dist/proxy.min.js,,Fixed in working tree,"Angular runtime 20.3.32; old HTTP, Universal and codelyzer copies removed; zone.js 0.15.1."
1429,Retire.js Scan,Vulnerable dependency,/home/runner/work/juice-shop-DevSecOps/juice-shop-DevSecOps/frontend/node_modules/zone.js/dist/sync-test.js,,Fixed in working tree,"Angular runtime 20.3.32; old HTTP, Universal and codelyzer copies removed; zone.js 0.15.1."
1431,Retire.js Scan,Vulnerable dependency,/home/runner/work/juice-shop-DevSecOps/juice-shop-DevSecOps/frontend/node_modules/zone.js/dist/sync-test.js,,Fixed in working tree,"Angular runtime 20.3.32; old HTTP, Universal and codelyzer copies removed; zone.js 0.15.1."
1434,Retire.js Scan,Vulnerable dependency,/home/runner/work/juice-shop-DevSecOps/juice-shop-DevSecOps/frontend/node_modules/zone.js/dist/sync-test.min.js,,Fixed in working tree,"Angular runtime 20.3.32; old HTTP, Universal and codelyzer copies removed; zone.js 0.15.1."
1436,Retire.js Scan,Vulnerable dependency,/home/runner/work/juice-shop-DevSecOps/juice-shop-DevSecOps/frontend/node_modules/zone.js/dist/sync-test.min.js,,Fixed in working tree,"Angular runtime 20.3.32; old HTTP, Universal and codelyzer copies removed; zone.js 0.15.1."
1439,Retire.js Scan,Vulnerable dependency,/home/runner/work/juice-shop-DevSecOps/juice-shop-DevSecOps/frontend/node_modules/zone.js/dist/task-tracking.js,,Fixed in working tree,"Angular runtime 20.3.32; old HTTP, Universal and codelyzer copies removed; zone.js 0.15.1."
1441,Retire.js Scan,Vulnerable dependency,/home/runner/work/juice-shop-DevSecOps/juice-shop-DevSecOps/frontend/node_modules/zone.js/dist/task-tracking.js,,Fixed in working tree,"Angular runtime 20.3.32; old HTTP, Universal and codelyzer copies removed; zone.js 0.15.1."
1444,Retire.js Scan,Vulnerable dependency,/home/runner/work/juice-shop-DevSecOps/juice-shop-DevSecOps/frontend/node_modules/zone.js/dist/task-tracking.min.js,,Fixed in working tree,"Angular runtime 20.3.32; old HTTP, Universal and codelyzer copies removed; zone.js 0.15.1."
1446,Retire.js Scan,Vulnerable dependency,/home/runner/work/juice-shop-DevSecOps/juice-shop-DevSecOps/frontend/node_modules/zone.js/dist/task-tracking.min.js,,Fixed in working tree,"Angular runtime 20.3.32; old HTTP, Universal and codelyzer copies removed; zone.js 0.15.1."
1449,Retire.js Scan,Vulnerable dependency,/home/runner/work/juice-shop-DevSecOps/juice-shop-DevSecOps/frontend/node_modules/zone.js/dist/webapis-media-query.js,,Fixed in working tree,"Angular runtime 20.3.32; old HTTP, Universal and codelyzer copies removed; zone.js 0.15.1."
1451,Retire.js Scan,Vulnerable dependency,/home/runner/work/juice-shop-DevSecOps/juice-shop-DevSecOps/frontend/node_modules/zone.js/dist/webapis-media-query.js,,Fixed in working tree,"Angular runtime 20.3.32; old HTTP, Universal and codelyzer copies removed; zone.js 0.15.1."
1454,Retire.js Scan,Vulnerable dependency,/home/runner/work/juice-shop-DevSecOps/juice-shop-DevSecOps/frontend/node_modules/zone.js/dist/webapis-media-query.min.js,,Fixed in working tree,"Angular runtime 20.3.32; old HTTP, Universal and codelyzer copies removed; zone.js 0.15.1."
1456,Retire.js Scan,Vulnerable dependency,/home/runner/work/juice-shop-DevSecOps/juice-shop-DevSecOps/frontend/node_modules/zone.js/dist/webapis-media-query.min.js,,Fixed in working tree,"Angular runtime 20.3.32; old HTTP, Universal and codelyzer copies removed; zone.js 0.15.1."
1459,Retire.js Scan,Vulnerable dependency,/home/runner/work/juice-shop-DevSecOps/juice-shop-DevSecOps/frontend/node_modules/zone.js/dist/webapis-notification.js,,Fixed in working tree,"Angular runtime 20.3.32; old HTTP, Universal and codelyzer copies removed; zone.js 0.15.1."
1461,Retire.js Scan,Vulnerable dependency,/home/runner/work/juice-shop-DevSecOps/juice-shop-DevSecOps/frontend/node_modules/zone.js/dist/webapis-notification.js,,Fixed in working tree,"Angular runtime 20.3.32; old HTTP, Universal and codelyzer copies removed; zone.js 0.15.1."
1464,Retire.js Scan,Vulnerable dependency,/home/runner/work/juice-shop-DevSecOps/juice-shop-DevSecOps/frontend/node_modules/zone.js/dist/webapis-notification.min.js,,Fixed in working tree,"Angular runtime 20.3.32; old HTTP, Universal and codelyzer copies removed; zone.js 0.15.1."
1466,Retire.js Scan,Vulnerable dependency,/home/runner/work/juice-shop-DevSecOps/juice-shop-DevSecOps/frontend/node_modules/zone.js/dist/webapis-notification.min.js,,Fixed in working tree,"Angular runtime 20.3.32; old HTTP, Universal and codelyzer copies removed; zone.js 0.15.1."
1469,Retire.js Scan,Vulnerable dependency,/home/runner/work/juice-shop-DevSecOps/juice-shop-DevSecOps/frontend/node_modules/zone.js/dist/webapis-rtc-peer-connection.js,,Fixed in working tree,"Angular runtime 20.3.32; old HTTP, Universal and codelyzer copies removed; zone.js 0.15.1."
1471,Retire.js Scan,Vulnerable dependency,/home/runner/work/juice-shop-DevSecOps/juice-shop-DevSecOps/frontend/node_modules/zone.js/dist/webapis-rtc-peer-connection.js,,Fixed in working tree,"Angular runtime 20.3.32; old HTTP, Universal and codelyzer copies removed; zone.js 0.15.1."
1474,Retire.js Scan,Vulnerable dependency,/home/runner/work/juice-shop-DevSecOps/juice-shop-DevSecOps/frontend/node_modules/zone.js/dist/webapis-rtc-peer-connection.min.js,,Fixed in working tree,"Angular runtime 20.3.32; old HTTP, Universal and codelyzer copies removed; zone.js 0.15.1."
1476,Retire.js Scan,Vulnerable dependency,/home/runner/work/juice-shop-DevSecOps/juice-shop-DevSecOps/frontend/node_modules/zone.js/dist/webapis-rtc-peer-connection.min.js,,Fixed in working tree,"Angular runtime 20.3.32; old HTTP, Universal and codelyzer copies removed; zone.js 0.15.1."
1479,Retire.js Scan,Vulnerable dependency,/home/runner/work/juice-shop-DevSecOps/juice-shop-DevSecOps/frontend/node_modules/zone.js/dist/webapis-shadydom.js,,Fixed in working tree,"Angular runtime 20.3.32; old HTTP, Universal and codelyzer copies removed; zone.js 0.15.1."
1481,Retire.js Scan,Vulnerable dependency,/home/runner/work/juice-shop-DevSecOps/juice-shop-DevSecOps/frontend/node_modules/zone.js/dist/webapis-shadydom.js,,Fixed in working tree,"Angular runtime 20.3.32; old HTTP, Universal and codelyzer copies removed; zone.js 0.15.1."
1484,Retire.js Scan,Vulnerable dependency,/home/runner/work/juice-shop-DevSecOps/juice-shop-DevSecOps/frontend/node_modules/zone.js/dist/webapis-shadydom.min.js,,Fixed in working tree,"Angular runtime 20.3.32; old HTTP, Universal and codelyzer copies removed; zone.js 0.15.1."
1486,Retire.js Scan,Vulnerable dependency,/home/runner/work/juice-shop-DevSecOps/juice-shop-DevSecOps/frontend/node_modules/zone.js/dist/webapis-shadydom.min.js,,Fixed in working tree,"Angular runtime 20.3.32; old HTTP, Universal and codelyzer copies removed; zone.js 0.15.1."
1489,Retire.js Scan,Vulnerable dependency,/home/runner/work/juice-shop-DevSecOps/juice-shop-DevSecOps/frontend/node_modules/zone.js/dist/wtf.js,,Fixed in working tree,"Angular runtime 20.3.32; old HTTP, Universal and codelyzer copies removed; zone.js 0.15.1."
1491,Retire.js Scan,Vulnerable dependency,/home/runner/work/juice-shop-DevSecOps/juice-shop-DevSecOps/frontend/node_modules/zone.js/dist/wtf.js,,Fixed in working tree,"Angular runtime 20.3.32; old HTTP, Universal and codelyzer copies removed; zone.js 0.15.1."
1494,Retire.js Scan,Vulnerable dependency,/home/runner/work/juice-shop-DevSecOps/juice-shop-DevSecOps/frontend/node_modules/zone.js/dist/wtf.min.js,,Fixed in working tree,"Angular runtime 20.3.32; old HTTP, Universal and codelyzer copies removed; zone.js 0.15.1."
1496,Retire.js Scan,Vulnerable dependency,/home/runner/work/juice-shop-DevSecOps/juice-shop-DevSecOps/frontend/node_modules/zone.js/dist/wtf.min.js,,Fixed in working tree,"Angular runtime 20.3.32; old HTTP, Universal and codelyzer copies removed; zone.js 0.15.1."
1499,Retire.js Scan,Vulnerable dependency,/home/runner/work/juice-shop-DevSecOps/juice-shop-DevSecOps/frontend/node_modules/zone.js/dist/zone-bluebird.js,,Fixed in working tree,"Angular runtime 20.3.32; old HTTP, Universal and codelyzer copies removed; zone.js 0.15.1."
1501,Retire.js Scan,Vulnerable dependency,/home/runner/work/juice-shop-DevSecOps/juice-shop-DevSecOps/frontend/node_modules/zone.js/dist/zone-bluebird.js,,Fixed in working tree,"Angular runtime 20.3.32; old HTTP, Universal and codelyzer copies removed; zone.js 0.15.1."
1504,Retire.js Scan,Vulnerable dependency,/home/runner/work/juice-shop-DevSecOps/juice-shop-DevSecOps/frontend/node_modules/zone.js/dist/zone-error.js,,Fixed in working tree,"Angular runtime 20.3.32; old HTTP, Universal and codelyzer copies removed; zone.js 0.15.1."
1506,Retire.js Scan,Vulnerable dependency,/home/runner/work/juice-shop-DevSecOps/juice-shop-DevSecOps/frontend/node_modules/zone.js/dist/zone-error.js,,Fixed in working tree,"Angular runtime 20.3.32; old HTTP, Universal and codelyzer copies removed; zone.js 0.15.1."
1509,Retire.js Scan,Vulnerable dependency,/home/runner/work/juice-shop-DevSecOps/juice-shop-DevSecOps/frontend/node_modules/zone.js/dist/zone-bluebird.min.js,,Fixed in working tree,"Angular runtime 20.3.32; old HTTP, Universal and codelyzer copies removed; zone.js 0.15.1."
1511,Retire.js Scan,Vulnerable dependency,/home/runner/work/juice-shop-DevSecOps/juice-shop-DevSecOps/frontend/node_modules/zone.js/dist/zone-bluebird.min.js,,Fixed in working tree,"Angular runtime 20.3.32; old HTTP, Universal and codelyzer copies removed; zone.js 0.15.1."
1514,Retire.js Scan,Vulnerable dependency,/home/runner/work/juice-shop-DevSecOps/juice-shop-DevSecOps/frontend/node_modules/zone.js/dist/zone-error.min.js,,Fixed in working tree,"Angular runtime 20.3.32; old HTTP, Universal and codelyzer copies removed; zone.js 0.15.1."
1516,Retire.js Scan,Vulnerable dependency,/home/runner/work/juice-shop-DevSecOps/juice-shop-DevSecOps/frontend/node_modules/zone.js/dist/zone-error.min.js,,Fixed in working tree,"Angular runtime 20.3.32; old HTTP, Universal and codelyzer copies removed; zone.js 0.15.1."
1519,Retire.js Scan,Vulnerable dependency,/home/runner/work/juice-shop-DevSecOps/juice-shop-DevSecOps/frontend/node_modules/zone.js/dist/zone-evergreen-testing-bundle.js,,Fixed in working tree,"Angular runtime 20.3.32; old HTTP, Universal and codelyzer copies removed; zone.js 0.15.1."
1521,Retire.js Scan,Vulnerable dependency,/home/runner/work/juice-shop-DevSecOps/juice-shop-DevSecOps/frontend/node_modules/zone.js/dist/zone-evergreen-testing-bundle.js,,Fixed in working tree,"Angular runtime 20.3.32; old HTTP, Universal and codelyzer copies removed; zone.js 0.15.1."
1524,Retire.js Scan,Vulnerable dependency,/home/runner/work/juice-shop-DevSecOps/juice-shop-DevSecOps/frontend/node_modules/zone.js/dist/zone-evergreen-testing-bundle.min.js,,Fixed in working tree,"Angular runtime 20.3.32; old HTTP, Universal and codelyzer copies removed; zone.js 0.15.1."
1526,Retire.js Scan,Vulnerable dependency,/home/runner/work/juice-shop-DevSecOps/juice-shop-DevSecOps/frontend/node_modules/zone.js/dist/zone-evergreen-testing-bundle.min.js,,Fixed in working tree,"Angular runtime 20.3.32; old HTTP, Universal and codelyzer copies removed; zone.js 0.15.1."
1529,Retire.js Scan,Vulnerable dependency,/home/runner/work/juice-shop-DevSecOps/juice-shop-DevSecOps/frontend/node_modules/zone.js/dist/zone-evergreen.min.js,,Fixed in working tree,"Angular runtime 20.3.32; old HTTP, Universal and codelyzer copies removed; zone.js 0.15.1."
1531,Retire.js Scan,Vulnerable dependency,/home/runner/work/juice-shop-DevSecOps/juice-shop-DevSecOps/frontend/node_modules/zone.js/dist/zone-evergreen.min.js,,Fixed in working tree,"Angular runtime 20.3.32; old HTTP, Universal and codelyzer copies removed; zone.js 0.15.1."
1534,Retire.js Scan,Vulnerable dependency,/home/runner/work/juice-shop-DevSecOps/juice-shop-DevSecOps/frontend/node_modules/zone.js/dist/zone-evergreen.js,,Fixed in working tree,"Angular runtime 20.3.32; old HTTP, Universal and codelyzer copies removed; zone.js 0.15.1."
1536,Retire.js Scan,Vulnerable dependency,/home/runner/work/juice-shop-DevSecOps/juice-shop-DevSecOps/frontend/node_modules/zone.js/dist/zone-evergreen.js,,Fixed in working tree,"Angular runtime 20.3.32; old HTTP, Universal and codelyzer copies removed; zone.js 0.15.1."
1539,Retire.js Scan,Vulnerable dependency,/home/runner/work/juice-shop-DevSecOps/juice-shop-DevSecOps/frontend/node_modules/zone.js/dist/zone-legacy.js,,Fixed in working tree,"Angular runtime 20.3.32; old HTTP, Universal and codelyzer copies removed; zone.js 0.15.1."
1541,Retire.js Scan,Vulnerable dependency,/home/runner/work/juice-shop-DevSecOps/juice-shop-DevSecOps/frontend/node_modules/zone.js/dist/zone-legacy.js,,Fixed in working tree,"Angular runtime 20.3.32; old HTTP, Universal and codelyzer copies removed; zone.js 0.15.1."
1544,Retire.js Scan,Vulnerable dependency,/home/runner/work/juice-shop-DevSecOps/juice-shop-DevSecOps/frontend/node_modules/zone.js/dist/zone-legacy.min.js,,Fixed in working tree,"Angular runtime 20.3.32; old HTTP, Universal and codelyzer copies removed; zone.js 0.15.1."
1546,Retire.js Scan,Vulnerable dependency,/home/runner/work/juice-shop-DevSecOps/juice-shop-DevSecOps/frontend/node_modules/zone.js/dist/zone-legacy.min.js,,Fixed in working tree,"Angular runtime 20.3.32; old HTTP, Universal and codelyzer copies removed; zone.js 0.15.1."
1549,Retire.js Scan,Vulnerable dependency,/home/runner/work/juice-shop-DevSecOps/juice-shop-DevSecOps/frontend/node_modules/zone.js/dist/zone-mix.min.js,,Fixed in working tree,"Angular runtime 20.3.32; old HTTP, Universal and codelyzer copies removed; zone.js 0.15.1."
1551,Retire.js Scan,Vulnerable dependency,/home/runner/work/juice-shop-DevSecOps/juice-shop-DevSecOps/frontend/node_modules/zone.js/dist/zone-mix.min.js,,Fixed in working tree,"Angular runtime 20.3.32; old HTTP, Universal and codelyzer copies removed; zone.js 0.15.1."
1554,Retire.js Scan,Vulnerable dependency,/home/runner/work/juice-shop-DevSecOps/juice-shop-DevSecOps/frontend/node_modules/zone.js/dist/zone-mix.js,,Fixed in working tree,"Angular runtime 20.3.32; old HTTP, Universal and codelyzer copies removed; zone.js 0.15.1."
1556,Retire.js Scan,Vulnerable dependency,/home/runner/work/juice-shop-DevSecOps/juice-shop-DevSecOps/frontend/node_modules/zone.js/dist/zone-mix.js,,Fixed in working tree,"Angular runtime 20.3.32; old HTTP, Universal and codelyzer copies removed; zone.js 0.15.1."
1559,Retire.js Scan,Vulnerable dependency,/home/runner/work/juice-shop-DevSecOps/juice-shop-DevSecOps/frontend/node_modules/zone.js/dist/zone-node.js,,Fixed in working tree,"Angular runtime 20.3.32; old HTTP, Universal and codelyzer copies removed; zone.js 0.15.1."
1561,Retire.js Scan,Vulnerable dependency,/home/runner/work/juice-shop-DevSecOps/juice-shop-DevSecOps/frontend/node_modules/zone.js/dist/zone-node.js,,Fixed in working tree,"Angular runtime 20.3.32; old HTTP, Universal and codelyzer copies removed; zone.js 0.15.1."
1564,Retire.js Scan,Vulnerable dependency,/home/runner/work/juice-shop-DevSecOps/juice-shop-DevSecOps/frontend/node_modules/zone.js/dist/zone-node.min.js,,Fixed in working tree,"Angular runtime 20.3.32; old HTTP, Universal and codelyzer copies removed; zone.js 0.15.1."
1566,Retire.js Scan,Vulnerable dependency,/home/runner/work/juice-shop-DevSecOps/juice-shop-DevSecOps/frontend/node_modules/zone.js/dist/zone-node.min.js,,Fixed in working tree,"Angular runtime 20.3.32; old HTTP, Universal and codelyzer copies removed; zone.js 0.15.1."
1569,Retire.js Scan,Vulnerable dependency,/home/runner/work/juice-shop-DevSecOps/juice-shop-DevSecOps/frontend/node_modules/zone.js/dist/zone-patch-canvas.js,,Fixed in working tree,"Angular runtime 20.3.32; old HTTP, Universal and codelyzer copies removed; zone.js 0.15.1."
1571,Retire.js Scan,Vulnerable dependency,/home/runner/work/juice-shop-DevSecOps/juice-shop-DevSecOps/frontend/node_modules/zone.js/dist/zone-patch-canvas.js,,Fixed in working tree,"Angular runtime 20.3.32; old HTTP, Universal and codelyzer copies removed; zone.js 0.15.1."
1574,Retire.js Scan,Vulnerable dependency,/home/runner/work/juice-shop-DevSecOps/juice-shop-DevSecOps/frontend/node_modules/zone.js/dist/zone-patch-canvas.min.js,,Fixed in working tree,"Angular runtime 20.3.32; old HTTP, Universal and codelyzer copies removed; zone.js 0.15.1."
1576,Retire.js Scan,Vulnerable dependency,/home/runner/work/juice-shop-DevSecOps/juice-shop-DevSecOps/frontend/node_modules/zone.js/dist/zone-patch-canvas.min.js,,Fixed in working tree,"Angular runtime 20.3.32; old HTTP, Universal and codelyzer copies removed; zone.js 0.15.1."
1579,Retire.js Scan,Vulnerable dependency,/home/runner/work/juice-shop-DevSecOps/juice-shop-DevSecOps/frontend/node_modules/zone.js/dist/zone-patch-cordova.js,,Fixed in working tree,"Angular runtime 20.3.32; old HTTP, Universal and codelyzer copies removed; zone.js 0.15.1."
1581,Retire.js Scan,Vulnerable dependency,/home/runner/work/juice-shop-DevSecOps/juice-shop-DevSecOps/frontend/node_modules/zone.js/dist/zone-patch-cordova.js,,Fixed in working tree,"Angular runtime 20.3.32; old HTTP, Universal and codelyzer copies removed; zone.js 0.15.1."
1584,Retire.js Scan,Vulnerable dependency,/home/runner/work/juice-shop-DevSecOps/juice-shop-DevSecOps/frontend/node_modules/zone.js/dist/zone-patch-cordova.min.js,,Fixed in working tree,"Angular runtime 20.3.32; old HTTP, Universal and codelyzer copies removed; zone.js 0.15.1."
1586,Retire.js Scan,Vulnerable dependency,/home/runner/work/juice-shop-DevSecOps/juice-shop-DevSecOps/frontend/node_modules/zone.js/dist/zone-patch-cordova.min.js,,Fixed in working tree,"Angular runtime 20.3.32; old HTTP, Universal and codelyzer copies removed; zone.js 0.15.1."
1589,Retire.js Scan,Vulnerable dependency,/home/runner/work/juice-shop-DevSecOps/juice-shop-DevSecOps/frontend/node_modules/zone.js/dist/zone-patch-electron.js,,Fixed in working tree,"Angular runtime 20.3.32; old HTTP, Universal and codelyzer copies removed; zone.js 0.15.1."
1591,Retire.js Scan,Vulnerable dependency,/home/runner/work/juice-shop-DevSecOps/juice-shop-DevSecOps/frontend/node_modules/zone.js/dist/zone-patch-electron.js,,Fixed in working tree,"Angular runtime 20.3.32; old HTTP, Universal and codelyzer copies removed; zone.js 0.15.1."
1594,Retire.js Scan,Vulnerable dependency,/home/runner/work/juice-shop-DevSecOps/juice-shop-DevSecOps/frontend/node_modules/zone.js/dist/zone-patch-electron.min.js,,Fixed in working tree,"Angular runtime 20.3.32; old HTTP, Universal and codelyzer copies removed; zone.js 0.15.1."
1596,Retire.js Scan,Vulnerable dependency,/home/runner/work/juice-shop-DevSecOps/juice-shop-DevSecOps/frontend/node_modules/zone.js/dist/zone-patch-electron.min.js,,Fixed in working tree,"Angular runtime 20.3.32; old HTTP, Universal and codelyzer copies removed; zone.js 0.15.1."
1599,Retire.js Scan,Vulnerable dependency,/home/runner/work/juice-shop-DevSecOps/juice-shop-DevSecOps/frontend/node_modules/zone.js/dist/zone-patch-fetch.js,,Fixed in working tree,"Angular runtime 20.3.32; old HTTP, Universal and codelyzer copies removed; zone.js 0.15.1."
1601,Retire.js Scan,Vulnerable dependency,/home/runner/work/juice-shop-DevSecOps/juice-shop-DevSecOps/frontend/node_modules/zone.js/dist/zone-patch-fetch.js,,Fixed in working tree,"Angular runtime 20.3.32; old HTTP, Universal and codelyzer copies removed; zone.js 0.15.1."
1604,Retire.js Scan,Vulnerable dependency,/home/runner/work/juice-shop-DevSecOps/juice-shop-DevSecOps/frontend/node_modules/zone.js/dist/zone-patch-jsonp.js,,Fixed in working tree,"Angular runtime 20.3.32; old HTTP, Universal and codelyzer copies removed; zone.js 0.15.1."
1606,Retire.js Scan,Vulnerable dependency,/home/runner/work/juice-shop-DevSecOps/juice-shop-DevSecOps/frontend/node_modules/zone.js/dist/zone-patch-jsonp.js,,Fixed in working tree,"Angular runtime 20.3.32; old HTTP, Universal and codelyzer copies removed; zone.js 0.15.1."
1609,Retire.js Scan,Vulnerable dependency,/home/runner/work/juice-shop-DevSecOps/juice-shop-DevSecOps/frontend/node_modules/zone.js/dist/zone-patch-fetch.min.js,,Fixed in working tree,"Angular runtime 20.3.32; old HTTP, Universal and codelyzer copies removed; zone.js 0.15.1."
1611,Retire.js Scan,Vulnerable dependency,/home/runner/work/juice-shop-DevSecOps/juice-shop-DevSecOps/frontend/node_modules/zone.js/dist/zone-patch-fetch.min.js,,Fixed in working tree,"Angular runtime 20.3.32; old HTTP, Universal and codelyzer copies removed; zone.js 0.15.1."
1614,Retire.js Scan,Vulnerable dependency,/home/runner/work/juice-shop-DevSecOps/juice-shop-DevSecOps/frontend/node_modules/zone.js/dist/zone-patch-jsonp.min.js,,Fixed in working tree,"Angular runtime 20.3.32; old HTTP, Universal and codelyzer copies removed; zone.js 0.15.1."
1616,Retire.js Scan,Vulnerable dependency,/home/runner/work/juice-shop-DevSecOps/juice-shop-DevSecOps/frontend/node_modules/zone.js/dist/zone-patch-jsonp.min.js,,Fixed in working tree,"Angular runtime 20.3.32; old HTTP, Universal and codelyzer copies removed; zone.js 0.15.1."
1619,Retire.js Scan,Vulnerable dependency,/home/runner/work/juice-shop-DevSecOps/juice-shop-DevSecOps/frontend/node_modules/zone.js/dist/zone-patch-message-port.js,,Fixed in working tree,"Angular runtime 20.3.32; old HTTP, Universal and codelyzer copies removed; zone.js 0.15.1."
1621,Retire.js Scan,Vulnerable dependency,/home/runner/work/juice-shop-DevSecOps/juice-shop-DevSecOps/frontend/node_modules/zone.js/dist/zone-patch-message-port.js,,Fixed in working tree,"Angular runtime 20.3.32; old HTTP, Universal and codelyzer copies removed; zone.js 0.15.1."
1624,Retire.js Scan,Vulnerable dependency,/home/runner/work/juice-shop-DevSecOps/juice-shop-DevSecOps/frontend/node_modules/zone.js/dist/zone-patch-message-port.min.js,,Fixed in working tree,"Angular runtime 20.3.32; old HTTP, Universal and codelyzer copies removed; zone.js 0.15.1."
1626,Retire.js Scan,Vulnerable dependency,/home/runner/work/juice-shop-DevSecOps/juice-shop-DevSecOps/frontend/node_modules/zone.js/dist/zone-patch-message-port.min.js,,Fixed in working tree,"Angular runtime 20.3.32; old HTTP, Universal and codelyzer copies removed; zone.js 0.15.1."
1629,Retire.js Scan,Vulnerable dependency,/home/runner/work/juice-shop-DevSecOps/juice-shop-DevSecOps/frontend/node_modules/zone.js/dist/zone-patch-promise-test.min.js,,Fixed in working tree,"Angular runtime 20.3.32; old HTTP, Universal and codelyzer copies removed; zone.js 0.15.1."
1631,Retire.js Scan,Vulnerable dependency,/home/runner/work/juice-shop-DevSecOps/juice-shop-DevSecOps/frontend/node_modules/zone.js/dist/zone-patch-promise-test.min.js,,Fixed in working tree,"Angular runtime 20.3.32; old HTTP, Universal and codelyzer copies removed; zone.js 0.15.1."
1634,Retire.js Scan,Vulnerable dependency,/home/runner/work/juice-shop-DevSecOps/juice-shop-DevSecOps/frontend/node_modules/zone.js/dist/zone-patch-promise-test.js,,Fixed in working tree,"Angular runtime 20.3.32; old HTTP, Universal and codelyzer copies removed; zone.js 0.15.1."
1636,Retire.js Scan,Vulnerable dependency,/home/runner/work/juice-shop-DevSecOps/juice-shop-DevSecOps/frontend/node_modules/zone.js/dist/zone-patch-promise-test.js,,Fixed in working tree,"Angular runtime 20.3.32; old HTTP, Universal and codelyzer copies removed; zone.js 0.15.1."
1639,Retire.js Scan,Vulnerable dependency,/home/runner/work/juice-shop-DevSecOps/juice-shop-DevSecOps/frontend/node_modules/zone.js/dist/zone-patch-resize-observer.js,,Fixed in working tree,"Angular runtime 20.3.32; old HTTP, Universal and codelyzer copies removed; zone.js 0.15.1."
1641,Retire.js Scan,Vulnerable dependency,/home/runner/work/juice-shop-DevSecOps/juice-shop-DevSecOps/frontend/node_modules/zone.js/dist/zone-patch-resize-observer.js,,Fixed in working tree,"Angular runtime 20.3.32; old HTTP, Universal and codelyzer copies removed; zone.js 0.15.1."
1644,Retire.js Scan,Vulnerable dependency,/home/runner/work/juice-shop-DevSecOps/juice-shop-DevSecOps/frontend/node_modules/zone.js/dist/zone-patch-rxjs-fake-async.js,,Fixed in working tree,"Angular runtime 20.3.32; old HTTP, Universal and codelyzer copies removed; zone.js 0.15.1."
1646,Retire.js Scan,Vulnerable dependency,/home/runner/work/juice-shop-DevSecOps/juice-shop-DevSecOps/frontend/node_modules/zone.js/dist/zone-patch-rxjs-fake-async.js,,Fixed in working tree,"Angular runtime 20.3.32; old HTTP, Universal and codelyzer copies removed; zone.js 0.15.1."
1649,Retire.js Scan,Vulnerable dependency,/home/runner/work/juice-shop-DevSecOps/juice-shop-DevSecOps/frontend/node_modules/zone.js/dist/zone-patch-resize-observer.min.js,,Fixed in working tree,"Angular runtime 20.3.32; old HTTP, Universal and codelyzer copies removed; zone.js 0.15.1."
1651,Retire.js Scan,Vulnerable dependency,/home/runner/work/juice-shop-DevSecOps/juice-shop-DevSecOps/frontend/node_modules/zone.js/dist/zone-patch-resize-observer.min.js,,Fixed in working tree,"Angular runtime 20.3.32; old HTTP, Universal and codelyzer copies removed; zone.js 0.15.1."
1654,Retire.js Scan,Vulnerable dependency,/home/runner/work/juice-shop-DevSecOps/juice-shop-DevSecOps/frontend/node_modules/zone.js/dist/zone-patch-rxjs-fake-async.min.js,,Fixed in working tree,"Angular runtime 20.3.32; old HTTP, Universal and codelyzer copies removed; zone.js 0.15.1."
1656,Retire.js Scan,Vulnerable dependency,/home/runner/work/juice-shop-DevSecOps/juice-shop-DevSecOps/frontend/node_modules/zone.js/dist/zone-patch-rxjs-fake-async.min.js,,Fixed in working tree,"Angular runtime 20.3.32; old HTTP, Universal and codelyzer copies removed; zone.js 0.15.1."
1659,Retire.js Scan,Vulnerable dependency,/home/runner/work/juice-shop-DevSecOps/juice-shop-DevSecOps/frontend/node_modules/zone.js/dist/zone-patch-rxjs.js,,Fixed in working tree,"Angular runtime 20.3.32; old HTTP, Universal and codelyzer copies removed; zone.js 0.15.1."
1661,Retire.js Scan,Vulnerable dependency,/home/runner/work/juice-shop-DevSecOps/juice-shop-DevSecOps/frontend/node_modules/zone.js/dist/zone-patch-rxjs.js,,Fixed in working tree,"Angular runtime 20.3.32; old HTTP, Universal and codelyzer copies removed; zone.js 0.15.1."
1664,Retire.js Scan,Vulnerable dependency,/home/runner/work/juice-shop-DevSecOps/juice-shop-DevSecOps/frontend/node_modules/zone.js/dist/zone-patch-rxjs.min.js,,Fixed in working tree,"Angular runtime 20.3.32; old HTTP, Universal and codelyzer copies removed; zone.js 0.15.1."
1666,Retire.js Scan,Vulnerable dependency,/home/runner/work/juice-shop-DevSecOps/juice-shop-DevSecOps/frontend/node_modules/zone.js/dist/zone-patch-rxjs.min.js,,Fixed in working tree,"Angular runtime 20.3.32; old HTTP, Universal and codelyzer copies removed; zone.js 0.15.1."
1669,Retire.js Scan,Vulnerable dependency,/home/runner/work/juice-shop-DevSecOps/juice-shop-DevSecOps/frontend/node_modules/zone.js/dist/zone-patch-socket-io.js,,Fixed in working tree,"Angular runtime 20.3.32; old HTTP, Universal and codelyzer copies removed; zone.js 0.15.1."
1671,Retire.js Scan,Vulnerable dependency,/home/runner/work/juice-shop-DevSecOps/juice-shop-DevSecOps/frontend/node_modules/zone.js/dist/zone-patch-socket-io.js,,Fixed in working tree,"Angular runtime 20.3.32; old HTTP, Universal and codelyzer copies removed; zone.js 0.15.1."
1674,Retire.js Scan,Vulnerable dependency,/home/runner/work/juice-shop-DevSecOps/juice-shop-DevSecOps/frontend/node_modules/zone.js/dist/zone-patch-socket-io.min.js,,Fixed in working tree,"Angular runtime 20.3.32; old HTTP, Universal and codelyzer copies removed; zone.js 0.15.1."
1676,Retire.js Scan,Vulnerable dependency,/home/runner/work/juice-shop-DevSecOps/juice-shop-DevSecOps/frontend/node_modules/zone.js/dist/zone-patch-socket-io.min.js,,Fixed in working tree,"Angular runtime 20.3.32; old HTTP, Universal and codelyzer copies removed; zone.js 0.15.1."
1679,Retire.js Scan,Vulnerable dependency,/home/runner/work/juice-shop-DevSecOps/juice-shop-DevSecOps/frontend/node_modules/zone.js/dist/zone-patch-user-media.js,,Fixed in working tree,"Angular runtime 20.3.32; old HTTP, Universal and codelyzer copies removed; zone.js 0.15.1."
1681,Retire.js Scan,Vulnerable dependency,/home/runner/work/juice-shop-DevSecOps/juice-shop-DevSecOps/frontend/node_modules/zone.js/dist/zone-patch-user-media.js,,Fixed in working tree,"Angular runtime 20.3.32; old HTTP, Universal and codelyzer copies removed; zone.js 0.15.1."
1684,Retire.js Scan,Vulnerable dependency,/home/runner/work/juice-shop-DevSecOps/juice-shop-DevSecOps/frontend/node_modules/zone.js/dist/zone-patch-user-media.min.js,,Fixed in working tree,"Angular runtime 20.3.32; old HTTP, Universal and codelyzer copies removed; zone.js 0.15.1."
1686,Retire.js Scan,Vulnerable dependency,/home/runner/work/juice-shop-DevSecOps/juice-shop-DevSecOps/frontend/node_modules/zone.js/dist/zone-patch-user-media.min.js,,Fixed in working tree,"Angular runtime 20.3.32; old HTTP, Universal and codelyzer copies removed; zone.js 0.15.1."
1689,Retire.js Scan,Vulnerable dependency,/home/runner/work/juice-shop-DevSecOps/juice-shop-DevSecOps/frontend/node_modules/zone.js/dist/zone-testing-bundle.js,,Fixed in working tree,"Angular runtime 20.3.32; old HTTP, Universal and codelyzer copies removed; zone.js 0.15.1."
1691,Retire.js Scan,Vulnerable dependency,/home/runner/work/juice-shop-DevSecOps/juice-shop-DevSecOps/frontend/node_modules/zone.js/dist/zone-testing-bundle.js,,Fixed in working tree,"Angular runtime 20.3.32; old HTTP, Universal and codelyzer copies removed; zone.js 0.15.1."
1694,Retire.js Scan,Vulnerable dependency,/home/runner/work/juice-shop-DevSecOps/juice-shop-DevSecOps/frontend/node_modules/zone.js/dist/zone-testing-bundle.min.js,,Fixed in working tree,"Angular runtime 20.3.32; old HTTP, Universal and codelyzer copies removed; zone.js 0.15.1."
1696,Retire.js Scan,Vulnerable dependency,/home/runner/work/juice-shop-DevSecOps/juice-shop-DevSecOps/frontend/node_modules/zone.js/dist/zone-testing-bundle.min.js,,Fixed in working tree,"Angular runtime 20.3.32; old HTTP, Universal and codelyzer copies removed; zone.js 0.15.1."
1699,Retire.js Scan,Vulnerable dependency,/home/runner/work/juice-shop-DevSecOps/juice-shop-DevSecOps/frontend/node_modules/zone.js/dist/zone-testing-node-bundle.js,,Fixed in working tree,"Angular runtime 20.3.32; old HTTP, Universal and codelyzer copies removed; zone.js 0.15.1."
1701,Retire.js Scan,Vulnerable dependency,/home/runner/work/juice-shop-DevSecOps/juice-shop-DevSecOps/frontend/node_modules/zone.js/dist/zone-testing-node-bundle.js,,Fixed in working tree,"Angular runtime 20.3.32; old HTTP, Universal and codelyzer copies removed; zone.js 0.15.1."
1704,Retire.js Scan,Vulnerable dependency,/home/runner/work/juice-shop-DevSecOps/juice-shop-DevSecOps/frontend/node_modules/zone.js/dist/zone-testing-node-bundle.min.js,,Fixed in working tree,"Angular runtime 20.3.32; old HTTP, Universal and codelyzer copies removed; zone.js 0.15.1."
1706,Retire.js Scan,Vulnerable dependency,/home/runner/work/juice-shop-DevSecOps/juice-shop-DevSecOps/frontend/node_modules/zone.js/dist/zone-testing-node-bundle.min.js,,Fixed in working tree,"Angular runtime 20.3.32; old HTTP, Universal and codelyzer copies removed; zone.js 0.15.1."
1709,Retire.js Scan,Vulnerable dependency,/home/runner/work/juice-shop-DevSecOps/juice-shop-DevSecOps/frontend/node_modules/zone.js/dist/zone-testing.js,,Fixed in working tree,"Angular runtime 20.3.32; old HTTP, Universal and codelyzer copies removed; zone.js 0.15.1."
1711,Retire.js Scan,Vulnerable dependency,/home/runner/work/juice-shop-DevSecOps/juice-shop-DevSecOps/frontend/node_modules/zone.js/dist/zone-testing.js,,Fixed in working tree,"Angular runtime 20.3.32; old HTTP, Universal and codelyzer copies removed; zone.js 0.15.1."
1714,Retire.js Scan,Vulnerable dependency,/home/runner/work/juice-shop-DevSecOps/juice-shop-DevSecOps/frontend/node_modules/zone.js/dist/zone.js,,Fixed in working tree,"Angular runtime 20.3.32; old HTTP, Universal and codelyzer copies removed; zone.js 0.15.1."
1716,Retire.js Scan,Vulnerable dependency,/home/runner/work/juice-shop-DevSecOps/juice-shop-DevSecOps/frontend/node_modules/zone.js/dist/zone.js,,Fixed in working tree,"Angular runtime 20.3.32; old HTTP, Universal and codelyzer copies removed; zone.js 0.15.1."
1719,Retire.js Scan,Vulnerable dependency,/home/runner/work/juice-shop-DevSecOps/juice-shop-DevSecOps/frontend/node_modules/zone.js/dist/zone.min.js,,Fixed in working tree,"Angular runtime 20.3.32; old HTTP, Universal and codelyzer copies removed; zone.js 0.15.1."
1721,Retire.js Scan,Vulnerable dependency,/home/runner/work/juice-shop-DevSecOps/juice-shop-DevSecOps/frontend/node_modules/zone.js/dist/zone.min.js,,Fixed in working tree,"Angular runtime 20.3.32; old HTTP, Universal and codelyzer copies removed; zone.js 0.15.1."
1724,Retire.js Scan,Vulnerable dependency,/home/runner/work/juice-shop-DevSecOps/juice-shop-DevSecOps/frontend/node_modules/zone.js/dist/zone-testing.min.js,,Fixed in working tree,"Angular runtime 20.3.32; old HTTP, Universal and codelyzer copies removed; zone.js 0.15.1."
1726,Retire.js Scan,Vulnerable dependency,/home/runner/work/juice-shop-DevSecOps/juice-shop-DevSecOps/frontend/node_modules/zone.js/dist/zone-testing.min.js,,Fixed in working tree,"Angular runtime 20.3.32; old HTTP, Universal and codelyzer copies removed; zone.js 0.15.1."
1729,Retire.js Scan,Vulnerable dependency,/home/runner/work/juice-shop-DevSecOps/juice-shop-DevSecOps/frontend/node_modules/zone.js/fesm2015/async-stack-tagging.js,,Fixed in working tree,"Angular runtime 20.3.32; old HTTP, Universal and codelyzer copies removed; zone.js 0.15.1."
1731,Retire.js Scan,Vulnerable dependency,/home/runner/work/juice-shop-DevSecOps/juice-shop-DevSecOps/frontend/node_modules/zone.js/fesm2015/async-stack-tagging.js,,Fixed in working tree,"Angular runtime 20.3.32; old HTTP, Universal and codelyzer copies removed; zone.js 0.15.1."
1734,Retire.js Scan,Vulnerable dependency,/home/runner/work/juice-shop-DevSecOps/juice-shop-DevSecOps/frontend/node_modules/zone.js/fesm2015/async-stack-tagging.min.js,,Fixed in working tree,"Angular runtime 20.3.32; old HTTP, Universal and codelyzer copies removed; zone.js 0.15.1."
1736,Retire.js Scan,Vulnerable dependency,/home/runner/work/juice-shop-DevSecOps/juice-shop-DevSecOps/frontend/node_modules/zone.js/fesm2015/async-stack-tagging.min.js,,Fixed in working tree,"Angular runtime 20.3.32; old HTTP, Universal and codelyzer copies removed; zone.js 0.15.1."
1739,Retire.js Scan,Vulnerable dependency,/home/runner/work/juice-shop-DevSecOps/juice-shop-DevSecOps/frontend/node_modules/zone.js/fesm2015/async-test.js,,Fixed in working tree,"Angular runtime 20.3.32; old HTTP, Universal and codelyzer copies removed; zone.js 0.15.1."
1741,Retire.js Scan,Vulnerable dependency,/home/runner/work/juice-shop-DevSecOps/juice-shop-DevSecOps/frontend/node_modules/zone.js/fesm2015/async-test.js,,Fixed in working tree,"Angular runtime 20.3.32; old HTTP, Universal and codelyzer copies removed; zone.js 0.15.1."
1744,Retire.js Scan,Vulnerable dependency,/home/runner/work/juice-shop-DevSecOps/juice-shop-DevSecOps/frontend/node_modules/zone.js/fesm2015/async-test.min.js,,Fixed in working tree,"Angular runtime 20.3.32; old HTTP, Universal and codelyzer copies removed; zone.js 0.15.1."
1746,Retire.js Scan,Vulnerable dependency,/home/runner/work/juice-shop-DevSecOps/juice-shop-DevSecOps/frontend/node_modules/zone.js/fesm2015/async-test.min.js,,Fixed in working tree,"Angular runtime 20.3.32; old HTTP, Universal and codelyzer copies removed; zone.js 0.15.1."
1749,Retire.js Scan,Vulnerable dependency,/home/runner/work/juice-shop-DevSecOps/juice-shop-DevSecOps/frontend/node_modules/zone.js/fesm2015/fake-async-test.js,,Fixed in working tree,"Angular runtime 20.3.32; old HTTP, Universal and codelyzer copies removed; zone.js 0.15.1."
1751,Retire.js Scan,Vulnerable dependency,/home/runner/work/juice-shop-DevSecOps/juice-shop-DevSecOps/frontend/node_modules/zone.js/fesm2015/fake-async-test.js,,Fixed in working tree,"Angular runtime 20.3.32; old HTTP, Universal and codelyzer copies removed; zone.js 0.15.1."
1754,Retire.js Scan,Vulnerable dependency,/home/runner/work/juice-shop-DevSecOps/juice-shop-DevSecOps/frontend/node_modules/zone.js/fesm2015/fake-async-test.min.js,,Fixed in working tree,"Angular runtime 20.3.32; old HTTP, Universal and codelyzer copies removed; zone.js 0.15.1."
1756,Retire.js Scan,Vulnerable dependency,/home/runner/work/juice-shop-DevSecOps/juice-shop-DevSecOps/frontend/node_modules/zone.js/fesm2015/fake-async-test.min.js,,Fixed in working tree,"Angular runtime 20.3.32; old HTTP, Universal and codelyzer copies removed; zone.js 0.15.1."
1759,Retire.js Scan,Vulnerable dependency,/home/runner/work/juice-shop-DevSecOps/juice-shop-DevSecOps/frontend/node_modules/zone.js/fesm2015/jasmine-patch.js,,Fixed in working tree,"Angular runtime 20.3.32; old HTTP, Universal and codelyzer copies removed; zone.js 0.15.1."
1761,Retire.js Scan,Vulnerable dependency,/home/runner/work/juice-shop-DevSecOps/juice-shop-DevSecOps/frontend/node_modules/zone.js/fesm2015/jasmine-patch.js,,Fixed in working tree,"Angular runtime 20.3.32; old HTTP, Universal and codelyzer copies removed; zone.js 0.15.1."
1764,Retire.js Scan,Vulnerable dependency,/home/runner/work/juice-shop-DevSecOps/juice-shop-DevSecOps/frontend/node_modules/zone.js/fesm2015/jasmine-patch.min.js,,Fixed in working tree,"Angular runtime 20.3.32; old HTTP, Universal and codelyzer copies removed; zone.js 0.15.1."
1766,Retire.js Scan,Vulnerable dependency,/home/runner/work/juice-shop-DevSecOps/juice-shop-DevSecOps/frontend/node_modules/zone.js/fesm2015/jasmine-patch.min.js,,Fixed in working tree,"Angular runtime 20.3.32; old HTTP, Universal and codelyzer copies removed; zone.js 0.15.1."
1769,Retire.js Scan,Vulnerable dependency,/home/runner/work/juice-shop-DevSecOps/juice-shop-DevSecOps/frontend/node_modules/zone.js/fesm2015/long-stack-trace-zone.min.js,,Fixed in working tree,"Angular runtime 20.3.32; old HTTP, Universal and codelyzer copies removed; zone.js 0.15.1."
1771,Retire.js Scan,Vulnerable dependency,/home/runner/work/juice-shop-DevSecOps/juice-shop-DevSecOps/frontend/node_modules/zone.js/fesm2015/long-stack-trace-zone.min.js,,Fixed in working tree,"Angular runtime 20.3.32; old HTTP, Universal and codelyzer copies removed; zone.js 0.15.1."
1774,Retire.js Scan,Vulnerable dependency,/home/runner/work/juice-shop-DevSecOps/juice-shop-DevSecOps/frontend/node_modules/zone.js/fesm2015/long-stack-trace-zone.js,,Fixed in working tree,"Angular runtime 20.3.32; old HTTP, Universal and codelyzer copies removed; zone.js 0.15.1."
1776,Retire.js Scan,Vulnerable dependency,/home/runner/work/juice-shop-DevSecOps/juice-shop-DevSecOps/frontend/node_modules/zone.js/fesm2015/long-stack-trace-zone.js,,Fixed in working tree,"Angular runtime 20.3.32; old HTTP, Universal and codelyzer copies removed; zone.js 0.15.1."
1779,Retire.js Scan,Vulnerable dependency,/home/runner/work/juice-shop-DevSecOps/juice-shop-DevSecOps/frontend/node_modules/zone.js/fesm2015/mocha-patch.js,,Fixed in working tree,"Angular runtime 20.3.32; old HTTP, Universal and codelyzer copies removed; zone.js 0.15.1."
1781,Retire.js Scan,Vulnerable dependency,/home/runner/work/juice-shop-DevSecOps/juice-shop-DevSecOps/frontend/node_modules/zone.js/fesm2015/mocha-patch.js,,Fixed in working tree,"Angular runtime 20.3.32; old HTTP, Universal and codelyzer copies removed; zone.js 0.15.1."
1784,Retire.js Scan,Vulnerable dependency,/home/runner/work/juice-shop-DevSecOps/juice-shop-DevSecOps/frontend/node_modules/zone.js/fesm2015/mocha-patch.min.js,,Fixed in working tree,"Angular runtime 20.3.32; old HTTP, Universal and codelyzer copies removed; zone.js 0.15.1."
1786,Retire.js Scan,Vulnerable dependency,/home/runner/work/juice-shop-DevSecOps/juice-shop-DevSecOps/frontend/node_modules/zone.js/fesm2015/mocha-patch.min.js,,Fixed in working tree,"Angular runtime 20.3.32; old HTTP, Universal and codelyzer copies removed; zone.js 0.15.1."
1789,Retire.js Scan,Vulnerable dependency,/home/runner/work/juice-shop-DevSecOps/juice-shop-DevSecOps/frontend/node_modules/zone.js/fesm2015/proxy.js,,Fixed in working tree,"Angular runtime 20.3.32; old HTTP, Universal and codelyzer copies removed; zone.js 0.15.1."
1791,Retire.js Scan,Vulnerable dependency,/home/runner/work/juice-shop-DevSecOps/juice-shop-DevSecOps/frontend/node_modules/zone.js/fesm2015/proxy.js,,Fixed in working tree,"Angular runtime 20.3.32; old HTTP, Universal and codelyzer copies removed; zone.js 0.15.1."
1794,Retire.js Scan,Vulnerable dependency,/home/runner/work/juice-shop-DevSecOps/juice-shop-DevSecOps/frontend/node_modules/zone.js/fesm2015/sync-test.js,,Fixed in working tree,"Angular runtime 20.3.32; old HTTP, Universal and codelyzer copies removed; zone.js 0.15.1."
1796,Retire.js Scan,Vulnerable dependency,/home/runner/work/juice-shop-DevSecOps/juice-shop-DevSecOps/frontend/node_modules/zone.js/fesm2015/sync-test.js,,Fixed in working tree,"Angular runtime 20.3.32; old HTTP, Universal and codelyzer copies removed; zone.js 0.15.1."
1799,Retire.js Scan,Vulnerable dependency,/home/runner/work/juice-shop-DevSecOps/juice-shop-DevSecOps/frontend/node_modules/zone.js/fesm2015/task-tracking.js,,Fixed in working tree,"Angular runtime 20.3.32; old HTTP, Universal and codelyzer copies removed; zone.js 0.15.1."
1801,Retire.js Scan,Vulnerable dependency,/home/runner/work/juice-shop-DevSecOps/juice-shop-DevSecOps/frontend/node_modules/zone.js/fesm2015/task-tracking.js,,Fixed in working tree,"Angular runtime 20.3.32; old HTTP, Universal and codelyzer copies removed; zone.js 0.15.1."
1804,Retire.js Scan,Vulnerable dependency,/home/runner/work/juice-shop-DevSecOps/juice-shop-DevSecOps/frontend/node_modules/zone.js/fesm2015/task-tracking.min.js,,Fixed in working tree,"Angular runtime 20.3.32; old HTTP, Universal and codelyzer copies removed; zone.js 0.15.1."
1806,Retire.js Scan,Vulnerable dependency,/home/runner/work/juice-shop-DevSecOps/juice-shop-DevSecOps/frontend/node_modules/zone.js/fesm2015/task-tracking.min.js,,Fixed in working tree,"Angular runtime 20.3.32; old HTTP, Universal and codelyzer copies removed; zone.js 0.15.1."
1809,Retire.js Scan,Vulnerable dependency,/home/runner/work/juice-shop-DevSecOps/juice-shop-DevSecOps/frontend/node_modules/zone.js/fesm2015/sync-test.min.js,,Fixed in working tree,"Angular runtime 20.3.32; old HTTP, Universal and codelyzer copies removed; zone.js 0.15.1."
1811,Retire.js Scan,Vulnerable dependency,/home/runner/work/juice-shop-DevSecOps/juice-shop-DevSecOps/frontend/node_modules/zone.js/fesm2015/sync-test.min.js,,Fixed in working tree,"Angular runtime 20.3.32; old HTTP, Universal and codelyzer copies removed; zone.js 0.15.1."
1814,Retire.js Scan,Vulnerable dependency,/home/runner/work/juice-shop-DevSecOps/juice-shop-DevSecOps/frontend/node_modules/zone.js/fesm2015/webapis-media-query.js,,Fixed in working tree,"Angular runtime 20.3.32; old HTTP, Universal and codelyzer copies removed; zone.js 0.15.1."
1816,Retire.js Scan,Vulnerable dependency,/home/runner/work/juice-shop-DevSecOps/juice-shop-DevSecOps/frontend/node_modules/zone.js/fesm2015/webapis-media-query.js,,Fixed in working tree,"Angular runtime 20.3.32; old HTTP, Universal and codelyzer copies removed; zone.js 0.15.1."
1819,Retire.js Scan,Vulnerable dependency,/home/runner/work/juice-shop-DevSecOps/juice-shop-DevSecOps/frontend/node_modules/zone.js/fesm2015/webapis-media-query.min.js,,Fixed in working tree,"Angular runtime 20.3.32; old HTTP, Universal and codelyzer copies removed; zone.js 0.15.1."
1821,Retire.js Scan,Vulnerable dependency,/home/runner/work/juice-shop-DevSecOps/juice-shop-DevSecOps/frontend/node_modules/zone.js/fesm2015/webapis-media-query.min.js,,Fixed in working tree,"Angular runtime 20.3.32; old HTTP, Universal and codelyzer copies removed; zone.js 0.15.1."
1824,Retire.js Scan,Vulnerable dependency,/home/runner/work/juice-shop-DevSecOps/juice-shop-DevSecOps/frontend/node_modules/zone.js/fesm2015/webapis-notification.js,,Fixed in working tree,"Angular runtime 20.3.32; old HTTP, Universal and codelyzer copies removed; zone.js 0.15.1."
1826,Retire.js Scan,Vulnerable dependency,/home/runner/work/juice-shop-DevSecOps/juice-shop-DevSecOps/frontend/node_modules/zone.js/fesm2015/webapis-notification.js,,Fixed in working tree,"Angular runtime 20.3.32; old HTTP, Universal and codelyzer copies removed; zone.js 0.15.1."
1829,Retire.js Scan,Vulnerable dependency,/home/runner/work/juice-shop-DevSecOps/juice-shop-DevSecOps/frontend/node_modules/zone.js/fesm2015/webapis-notification.min.js,,Fixed in working tree,"Angular runtime 20.3.32; old HTTP, Universal and codelyzer copies removed; zone.js 0.15.1."
1831,Retire.js Scan,Vulnerable dependency,/home/runner/work/juice-shop-DevSecOps/juice-shop-DevSecOps/frontend/node_modules/zone.js/fesm2015/webapis-notification.min.js,,Fixed in working tree,"Angular runtime 20.3.32; old HTTP, Universal and codelyzer copies removed; zone.js 0.15.1."
1834,Retire.js Scan,Vulnerable dependency,/home/runner/work/juice-shop-DevSecOps/juice-shop-DevSecOps/frontend/node_modules/zone.js/fesm2015/webapis-rtc-peer-connection.js,,Fixed in working tree,"Angular runtime 20.3.32; old HTTP, Universal and codelyzer copies removed; zone.js 0.15.1."
1836,Retire.js Scan,Vulnerable dependency,/home/runner/work/juice-shop-DevSecOps/juice-shop-DevSecOps/frontend/node_modules/zone.js/fesm2015/webapis-rtc-peer-connection.js,,Fixed in working tree,"Angular runtime 20.3.32; old HTTP, Universal and codelyzer copies removed; zone.js 0.15.1."
1839,Retire.js Scan,Vulnerable dependency,/home/runner/work/juice-shop-DevSecOps/juice-shop-DevSecOps/frontend/node_modules/zone.js/fesm2015/webapis-rtc-peer-connection.min.js,,Fixed in working tree,"Angular runtime 20.3.32; old HTTP, Universal and codelyzer copies removed; zone.js 0.15.1."
1841,Retire.js Scan,Vulnerable dependency,/home/runner/work/juice-shop-DevSecOps/juice-shop-DevSecOps/frontend/node_modules/zone.js/fesm2015/webapis-rtc-peer-connection.min.js,,Fixed in working tree,"Angular runtime 20.3.32; old HTTP, Universal and codelyzer copies removed; zone.js 0.15.1."
1844,Retire.js Scan,Vulnerable dependency,/home/runner/work/juice-shop-DevSecOps/juice-shop-DevSecOps/frontend/node_modules/zone.js/fesm2015/webapis-shadydom.min.js,,Fixed in working tree,"Angular runtime 20.3.32; old HTTP, Universal and codelyzer copies removed; zone.js 0.15.1."
1846,Retire.js Scan,Vulnerable dependency,/home/runner/work/juice-shop-DevSecOps/juice-shop-DevSecOps/frontend/node_modules/zone.js/fesm2015/webapis-shadydom.min.js,,Fixed in working tree,"Angular runtime 20.3.32; old HTTP, Universal and codelyzer copies removed; zone.js 0.15.1."
1849,Retire.js Scan,Vulnerable dependency,/home/runner/work/juice-shop-DevSecOps/juice-shop-DevSecOps/frontend/node_modules/zone.js/fesm2015/webapis-shadydom.js,,Fixed in working tree,"Angular runtime 20.3.32; old HTTP, Universal and codelyzer copies removed; zone.js 0.15.1."
1851,Retire.js Scan,Vulnerable dependency,/home/runner/work/juice-shop-DevSecOps/juice-shop-DevSecOps/frontend/node_modules/zone.js/fesm2015/webapis-shadydom.js,,Fixed in working tree,"Angular runtime 20.3.32; old HTTP, Universal and codelyzer copies removed; zone.js 0.15.1."
1854,Retire.js Scan,Vulnerable dependency,/home/runner/work/juice-shop-DevSecOps/juice-shop-DevSecOps/frontend/node_modules/zone.js/fesm2015/wtf.js,,Fixed in working tree,"Angular runtime 20.3.32; old HTTP, Universal and codelyzer copies removed; zone.js 0.15.1."
1856,Retire.js Scan,Vulnerable dependency,/home/runner/work/juice-shop-DevSecOps/juice-shop-DevSecOps/frontend/node_modules/zone.js/fesm2015/wtf.js,,Fixed in working tree,"Angular runtime 20.3.32; old HTTP, Universal and codelyzer copies removed; zone.js 0.15.1."
1859,Retire.js Scan,Vulnerable dependency,/home/runner/work/juice-shop-DevSecOps/juice-shop-DevSecOps/frontend/node_modules/zone.js/fesm2015/wtf.min.js,,Fixed in working tree,"Angular runtime 20.3.32; old HTTP, Universal and codelyzer copies removed; zone.js 0.15.1."
1861,Retire.js Scan,Vulnerable dependency,/home/runner/work/juice-shop-DevSecOps/juice-shop-DevSecOps/frontend/node_modules/zone.js/fesm2015/wtf.min.js,,Fixed in working tree,"Angular runtime 20.3.32; old HTTP, Universal and codelyzer copies removed; zone.js 0.15.1."
1864,Retire.js Scan,Vulnerable dependency,/home/runner/work/juice-shop-DevSecOps/juice-shop-DevSecOps/frontend/node_modules/zone.js/fesm2015/zone-bluebird.js,,Fixed in working tree,"Angular runtime 20.3.32; old HTTP, Universal and codelyzer copies removed; zone.js 0.15.1."
1866,Retire.js Scan,Vulnerable dependency,/home/runner/work/juice-shop-DevSecOps/juice-shop-DevSecOps/frontend/node_modules/zone.js/fesm2015/zone-bluebird.js,,Fixed in working tree,"Angular runtime 20.3.32; old HTTP, Universal and codelyzer copies removed; zone.js 0.15.1."
1869,Retire.js Scan,Vulnerable dependency,/home/runner/work/juice-shop-DevSecOps/juice-shop-DevSecOps/frontend/node_modules/zone.js/fesm2015/zone-bluebird.min.js,,Fixed in working tree,"Angular runtime 20.3.32; old HTTP, Universal and codelyzer copies removed; zone.js 0.15.1."
1871,Retire.js Scan,Vulnerable dependency,/home/runner/work/juice-shop-DevSecOps/juice-shop-DevSecOps/frontend/node_modules/zone.js/fesm2015/zone-bluebird.min.js,,Fixed in working tree,"Angular runtime 20.3.32; old HTTP, Universal and codelyzer copies removed; zone.js 0.15.1."
1874,Retire.js Scan,Vulnerable dependency,/home/runner/work/juice-shop-DevSecOps/juice-shop-DevSecOps/frontend/node_modules/zone.js/fesm2015/zone-error.js,,Fixed in working tree,"Angular runtime 20.3.32; old HTTP, Universal and codelyzer copies removed; zone.js 0.15.1."
1876,Retire.js Scan,Vulnerable dependency,/home/runner/work/juice-shop-DevSecOps/juice-shop-DevSecOps/frontend/node_modules/zone.js/fesm2015/zone-error.js,,Fixed in working tree,"Angular runtime 20.3.32; old HTTP, Universal and codelyzer copies removed; zone.js 0.15.1."
1879,Retire.js Scan,Vulnerable dependency,/home/runner/work/juice-shop-DevSecOps/juice-shop-DevSecOps/frontend/node_modules/zone.js/fesm2015/zone-error.min.js,,Fixed in working tree,"Angular runtime 20.3.32; old HTTP, Universal and codelyzer copies removed; zone.js 0.15.1."
1881,Retire.js Scan,Vulnerable dependency,/home/runner/work/juice-shop-DevSecOps/juice-shop-DevSecOps/frontend/node_modules/zone.js/fesm2015/zone-error.min.js,,Fixed in working tree,"Angular runtime 20.3.32; old HTTP, Universal and codelyzer copies removed; zone.js 0.15.1."
1884,Retire.js Scan,Vulnerable dependency,/home/runner/work/juice-shop-DevSecOps/juice-shop-DevSecOps/frontend/node_modules/zone.js/fesm2015/zone-legacy.js,,Fixed in working tree,"Angular runtime 20.3.32; old HTTP, Universal and codelyzer copies removed; zone.js 0.15.1."
1886,Retire.js Scan,Vulnerable dependency,/home/runner/work/juice-shop-DevSecOps/juice-shop-DevSecOps/frontend/node_modules/zone.js/fesm2015/zone-legacy.js,,Fixed in working tree,"Angular runtime 20.3.32; old HTTP, Universal and codelyzer copies removed; zone.js 0.15.1."
1889,Retire.js Scan,Vulnerable dependency,/home/runner/work/juice-shop-DevSecOps/juice-shop-DevSecOps/frontend/node_modules/zone.js/fesm2015/zone-legacy.min.js,,Fixed in working tree,"Angular runtime 20.3.32; old HTTP, Universal and codelyzer copies removed; zone.js 0.15.1."
1891,Retire.js Scan,Vulnerable dependency,/home/runner/work/juice-shop-DevSecOps/juice-shop-DevSecOps/frontend/node_modules/zone.js/fesm2015/zone-legacy.min.js,,Fixed in working tree,"Angular runtime 20.3.32; old HTTP, Universal and codelyzer copies removed; zone.js 0.15.1."
1894,Retire.js Scan,Vulnerable dependency,/home/runner/work/juice-shop-DevSecOps/juice-shop-DevSecOps/frontend/node_modules/zone.js/fesm2015/zone-mix.js,,Fixed in working tree,"Angular runtime 20.3.32; old HTTP, Universal and codelyzer copies removed; zone.js 0.15.1."
1896,Retire.js Scan,Vulnerable dependency,/home/runner/work/juice-shop-DevSecOps/juice-shop-DevSecOps/frontend/node_modules/zone.js/fesm2015/zone-mix.js,,Fixed in working tree,"Angular runtime 20.3.32; old HTTP, Universal and codelyzer copies removed; zone.js 0.15.1."
1899,Retire.js Scan,Vulnerable dependency,/home/runner/work/juice-shop-DevSecOps/juice-shop-DevSecOps/frontend/node_modules/zone.js/fesm2015/zone-node.js,,Fixed in working tree,"Angular runtime 20.3.32; old HTTP, Universal and codelyzer copies removed; zone.js 0.15.1."
1901,Retire.js Scan,Vulnerable dependency,/home/runner/work/juice-shop-DevSecOps/juice-shop-DevSecOps/frontend/node_modules/zone.js/fesm2015/zone-node.js,,Fixed in working tree,"Angular runtime 20.3.32; old HTTP, Universal and codelyzer copies removed; zone.js 0.15.1."
1904,Retire.js Scan,Vulnerable dependency,/home/runner/work/juice-shop-DevSecOps/juice-shop-DevSecOps/frontend/node_modules/zone.js/fesm2015/zone-mix.min.js,,Fixed in working tree,"Angular runtime 20.3.32; old HTTP, Universal and codelyzer copies removed; zone.js 0.15.1."
1906,Retire.js Scan,Vulnerable dependency,/home/runner/work/juice-shop-DevSecOps/juice-shop-DevSecOps/frontend/node_modules/zone.js/fesm2015/zone-mix.min.js,,Fixed in working tree,"Angular runtime 20.3.32; old HTTP, Universal and codelyzer copies removed; zone.js 0.15.1."
1909,Retire.js Scan,Vulnerable dependency,/home/runner/work/juice-shop-DevSecOps/juice-shop-DevSecOps/frontend/node_modules/zone.js/fesm2015/zone-node.min.js,,Fixed in working tree,"Angular runtime 20.3.32; old HTTP, Universal and codelyzer copies removed; zone.js 0.15.1."
1911,Retire.js Scan,Vulnerable dependency,/home/runner/work/juice-shop-DevSecOps/juice-shop-DevSecOps/frontend/node_modules/zone.js/fesm2015/zone-node.min.js,,Fixed in working tree,"Angular runtime 20.3.32; old HTTP, Universal and codelyzer copies removed; zone.js 0.15.1."
1914,Retire.js Scan,Vulnerable dependency,/home/runner/work/juice-shop-DevSecOps/juice-shop-DevSecOps/frontend/node_modules/zone.js/fesm2015/zone-patch-canvas.js,,Fixed in working tree,"Angular runtime 20.3.32; old HTTP, Universal and codelyzer copies removed; zone.js 0.15.1."
1916,Retire.js Scan,Vulnerable dependency,/home/runner/work/juice-shop-DevSecOps/juice-shop-DevSecOps/frontend/node_modules/zone.js/fesm2015/zone-patch-canvas.js,,Fixed in working tree,"Angular runtime 20.3.32; old HTTP, Universal and codelyzer copies removed; zone.js 0.15.1."
1919,Retire.js Scan,Vulnerable dependency,/home/runner/work/juice-shop-DevSecOps/juice-shop-DevSecOps/frontend/node_modules/zone.js/fesm2015/zone-patch-canvas.min.js,,Fixed in working tree,"Angular runtime 20.3.32; old HTTP, Universal and codelyzer copies removed; zone.js 0.15.1."
1921,Retire.js Scan,Vulnerable dependency,/home/runner/work/juice-shop-DevSecOps/juice-shop-DevSecOps/frontend/node_modules/zone.js/fesm2015/zone-patch-canvas.min.js,,Fixed in working tree,"Angular runtime 20.3.32; old HTTP, Universal and codelyzer copies removed; zone.js 0.15.1."
1924,Retire.js Scan,Vulnerable dependency,/home/runner/work/juice-shop-DevSecOps/juice-shop-DevSecOps/frontend/node_modules/zone.js/fesm2015/proxy.min.js,,Fixed in working tree,"Angular runtime 20.3.32; old HTTP, Universal and codelyzer copies removed; zone.js 0.15.1."
1926,Retire.js Scan,Vulnerable dependency,/home/runner/work/juice-shop-DevSecOps/juice-shop-DevSecOps/frontend/node_modules/zone.js/fesm2015/proxy.min.js,,Fixed in working tree,"Angular runtime 20.3.32; old HTTP, Universal and codelyzer copies removed; zone.js 0.15.1."
1929,Retire.js Scan,Vulnerable dependency,/home/runner/work/juice-shop-DevSecOps/juice-shop-DevSecOps/frontend/node_modules/zone.js/fesm2015/zone-patch-cordova.js,,Fixed in working tree,"Angular runtime 20.3.32; old HTTP, Universal and codelyzer copies removed; zone.js 0.15.1."
1931,Retire.js Scan,Vulnerable dependency,/home/runner/work/juice-shop-DevSecOps/juice-shop-DevSecOps/frontend/node_modules/zone.js/fesm2015/zone-patch-cordova.js,,Fixed in working tree,"Angular runtime 20.3.32; old HTTP, Universal and codelyzer copies removed; zone.js 0.15.1."
1934,Retire.js Scan,Vulnerable dependency,/home/runner/work/juice-shop-DevSecOps/juice-shop-DevSecOps/frontend/node_modules/zone.js/fesm2015/zone-patch-cordova.min.js,,Fixed in working tree,"Angular runtime 20.3.32; old HTTP, Universal and codelyzer copies removed; zone.js 0.15.1."
1936,Retire.js Scan,Vulnerable dependency,/home/runner/work/juice-shop-DevSecOps/juice-shop-DevSecOps/frontend/node_modules/zone.js/fesm2015/zone-patch-cordova.min.js,,Fixed in working tree,"Angular runtime 20.3.32; old HTTP, Universal and codelyzer copies removed; zone.js 0.15.1."
1939,Retire.js Scan,Vulnerable dependency,/home/runner/work/juice-shop-DevSecOps/juice-shop-DevSecOps/frontend/node_modules/zone.js/fesm2015/zone-patch-electron.js,,Fixed in working tree,"Angular runtime 20.3.32; old HTTP, Universal and codelyzer copies removed; zone.js 0.15.1."
1941,Retire.js Scan,Vulnerable dependency,/home/runner/work/juice-shop-DevSecOps/juice-shop-DevSecOps/frontend/node_modules/zone.js/fesm2015/zone-patch-electron.js,,Fixed in working tree,"Angular runtime 20.3.32; old HTTP, Universal and codelyzer copies removed; zone.js 0.15.1."
1944,Retire.js Scan,Vulnerable dependency,/home/runner/work/juice-shop-DevSecOps/juice-shop-DevSecOps/frontend/node_modules/zone.js/fesm2015/zone-patch-electron.min.js,,Fixed in working tree,"Angular runtime 20.3.32; old HTTP, Universal and codelyzer copies removed; zone.js 0.15.1."
1946,Retire.js Scan,Vulnerable dependency,/home/runner/work/juice-shop-DevSecOps/juice-shop-DevSecOps/frontend/node_modules/zone.js/fesm2015/zone-patch-electron.min.js,,Fixed in working tree,"Angular runtime 20.3.32; old HTTP, Universal and codelyzer copies removed; zone.js 0.15.1."
1949,Retire.js Scan,Vulnerable dependency,/home/runner/work/juice-shop-DevSecOps/juice-shop-DevSecOps/frontend/node_modules/zone.js/fesm2015/zone-patch-fetch.js,,Fixed in working tree,"Angular runtime 20.3.32; old HTTP, Universal and codelyzer copies removed; zone.js 0.15.1."
1951,Retire.js Scan,Vulnerable dependency,/home/runner/work/juice-shop-DevSecOps/juice-shop-DevSecOps/frontend/node_modules/zone.js/fesm2015/zone-patch-fetch.js,,Fixed in working tree,"Angular runtime 20.3.32; old HTTP, Universal and codelyzer copies removed; zone.js 0.15.1."
1954,Retire.js Scan,Vulnerable dependency,/home/runner/work/juice-shop-DevSecOps/juice-shop-DevSecOps/frontend/node_modules/zone.js/fesm2015/zone-patch-fetch.min.js,,Fixed in working tree,"Angular runtime 20.3.32; old HTTP, Universal and codelyzer copies removed; zone.js 0.15.1."
1956,Retire.js Scan,Vulnerable dependency,/home/runner/work/juice-shop-DevSecOps/juice-shop-DevSecOps/frontend/node_modules/zone.js/fesm2015/zone-patch-fetch.min.js,,Fixed in working tree,"Angular runtime 20.3.32; old HTTP, Universal and codelyzer copies removed; zone.js 0.15.1."
1959,Retire.js Scan,Vulnerable dependency,/home/runner/work/juice-shop-DevSecOps/juice-shop-DevSecOps/frontend/node_modules/zone.js/fesm2015/zone-patch-jsonp.js,,Fixed in working tree,"Angular runtime 20.3.32; old HTTP, Universal and codelyzer copies removed; zone.js 0.15.1."
1961,Retire.js Scan,Vulnerable dependency,/home/runner/work/juice-shop-DevSecOps/juice-shop-DevSecOps/frontend/node_modules/zone.js/fesm2015/zone-patch-jsonp.js,,Fixed in working tree,"Angular runtime 20.3.32; old HTTP, Universal and codelyzer copies removed; zone.js 0.15.1."
1964,Retire.js Scan,Vulnerable dependency,/home/runner/work/juice-shop-DevSecOps/juice-shop-DevSecOps/frontend/node_modules/zone.js/fesm2015/zone-patch-jsonp.min.js,,Fixed in working tree,"Angular runtime 20.3.32; old HTTP, Universal and codelyzer copies removed; zone.js 0.15.1."
1966,Retire.js Scan,Vulnerable dependency,/home/runner/work/juice-shop-DevSecOps/juice-shop-DevSecOps/frontend/node_modules/zone.js/fesm2015/zone-patch-jsonp.min.js,,Fixed in working tree,"Angular runtime 20.3.32; old HTTP, Universal and codelyzer copies removed; zone.js 0.15.1."
1969,Retire.js Scan,Vulnerable dependency,/home/runner/work/juice-shop-DevSecOps/juice-shop-DevSecOps/frontend/node_modules/zone.js/fesm2015/zone-patch-message-port.js,,Fixed in working tree,"Angular runtime 20.3.32; old HTTP, Universal and codelyzer copies removed; zone.js 0.15.1."
1971,Retire.js Scan,Vulnerable dependency,/home/runner/work/juice-shop-DevSecOps/juice-shop-DevSecOps/frontend/node_modules/zone.js/fesm2015/zone-patch-message-port.js,,Fixed in working tree,"Angular runtime 20.3.32; old HTTP, Universal and codelyzer copies removed; zone.js 0.15.1."
1974,Retire.js Scan,Vulnerable dependency,/home/runner/work/juice-shop-DevSecOps/juice-shop-DevSecOps/frontend/node_modules/zone.js/fesm2015/zone-patch-message-port.min.js,,Fixed in working tree,"Angular runtime 20.3.32; old HTTP, Universal and codelyzer copies removed; zone.js 0.15.1."
1976,Retire.js Scan,Vulnerable dependency,/home/runner/work/juice-shop-DevSecOps/juice-shop-DevSecOps/frontend/node_modules/zone.js/fesm2015/zone-patch-message-port.min.js,,Fixed in working tree,"Angular runtime 20.3.32; old HTTP, Universal and codelyzer copies removed; zone.js 0.15.1."
1979,Retire.js Scan,Vulnerable dependency,/home/runner/work/juice-shop-DevSecOps/juice-shop-DevSecOps/frontend/node_modules/zone.js/fesm2015/zone-patch-promise-test.js,,Fixed in working tree,"Angular runtime 20.3.32; old HTTP, Universal and codelyzer copies removed; zone.js 0.15.1."
1981,Retire.js Scan,Vulnerable dependency,/home/runner/work/juice-shop-DevSecOps/juice-shop-DevSecOps/frontend/node_modules/zone.js/fesm2015/zone-patch-promise-test.js,,Fixed in working tree,"Angular runtime 20.3.32; old HTTP, Universal and codelyzer copies removed; zone.js 0.15.1."
1984,Retire.js Scan,Vulnerable dependency,/home/runner/work/juice-shop-DevSecOps/juice-shop-DevSecOps/frontend/node_modules/zone.js/fesm2015/zone-patch-resize-observer.js,,Fixed in working tree,"Angular runtime 20.3.32; old HTTP, Universal and codelyzer copies removed; zone.js 0.15.1."
1986,Retire.js Scan,Vulnerable dependency,/home/runner/work/juice-shop-DevSecOps/juice-shop-DevSecOps/frontend/node_modules/zone.js/fesm2015/zone-patch-resize-observer.js,,Fixed in working tree,"Angular runtime 20.3.32; old HTTP, Universal and codelyzer copies removed; zone.js 0.15.1."
1989,Retire.js Scan,Vulnerable dependency,/home/runner/work/juice-shop-DevSecOps/juice-shop-DevSecOps/frontend/node_modules/zone.js/fesm2015/zone-patch-promise-test.min.js,,Fixed in working tree,"Angular runtime 20.3.32; old HTTP, Universal and codelyzer copies removed; zone.js 0.15.1."
1991,Retire.js Scan,Vulnerable dependency,/home/runner/work/juice-shop-DevSecOps/juice-shop-DevSecOps/frontend/node_modules/zone.js/fesm2015/zone-patch-promise-test.min.js,,Fixed in working tree,"Angular runtime 20.3.32; old HTTP, Universal and codelyzer copies removed; zone.js 0.15.1."
1994,Retire.js Scan,Vulnerable dependency,/home/runner/work/juice-shop-DevSecOps/juice-shop-DevSecOps/frontend/node_modules/zone.js/fesm2015/zone-patch-resize-observer.min.js,,Fixed in working tree,"Angular runtime 20.3.32; old HTTP, Universal and codelyzer copies removed; zone.js 0.15.1."
1996,Retire.js Scan,Vulnerable dependency,/home/runner/work/juice-shop-DevSecOps/juice-shop-DevSecOps/frontend/node_modules/zone.js/fesm2015/zone-patch-resize-observer.min.js,,Fixed in working tree,"Angular runtime 20.3.32; old HTTP, Universal and codelyzer copies removed; zone.js 0.15.1."
1999,Retire.js Scan,Vulnerable dependency,/home/runner/work/juice-shop-DevSecOps/juice-shop-DevSecOps/frontend/node_modules/zone.js/fesm2015/zone-patch-rxjs-fake-async.js,,Fixed in working tree,"Angular runtime 20.3.32; old HTTP, Universal and codelyzer copies removed; zone.js 0.15.1."
2001,Retire.js Scan,Vulnerable dependency,/home/runner/work/juice-shop-DevSecOps/juice-shop-DevSecOps/frontend/node_modules/zone.js/fesm2015/zone-patch-rxjs-fake-async.js,,Fixed in working tree,"Angular runtime 20.3.32; old HTTP, Universal and codelyzer copies removed; zone.js 0.15.1."
2004,Retire.js Scan,Vulnerable dependency,/home/runner/work/juice-shop-DevSecOps/juice-shop-DevSecOps/frontend/node_modules/zone.js/fesm2015/zone-patch-rxjs-fake-async.min.js,,Fixed in working tree,"Angular runtime 20.3.32; old HTTP, Universal and codelyzer copies removed; zone.js 0.15.1."
2006,Retire.js Scan,Vulnerable dependency,/home/runner/work/juice-shop-DevSecOps/juice-shop-DevSecOps/frontend/node_modules/zone.js/fesm2015/zone-patch-rxjs-fake-async.min.js,,Fixed in working tree,"Angular runtime 20.3.32; old HTTP, Universal and codelyzer copies removed; zone.js 0.15.1."
2009,Retire.js Scan,Vulnerable dependency,/home/runner/work/juice-shop-DevSecOps/juice-shop-DevSecOps/frontend/node_modules/zone.js/fesm2015/zone-patch-rxjs.js,,Fixed in working tree,"Angular runtime 20.3.32; old HTTP, Universal and codelyzer copies removed; zone.js 0.15.1."
2011,Retire.js Scan,Vulnerable dependency,/home/runner/work/juice-shop-DevSecOps/juice-shop-DevSecOps/frontend/node_modules/zone.js/fesm2015/zone-patch-rxjs.js,,Fixed in working tree,"Angular runtime 20.3.32; old HTTP, Universal and codelyzer copies removed; zone.js 0.15.1."
2014,Retire.js Scan,Vulnerable dependency,/home/runner/work/juice-shop-DevSecOps/juice-shop-DevSecOps/frontend/node_modules/zone.js/fesm2015/zone-patch-rxjs.min.js,,Fixed in working tree,"Angular runtime 20.3.32; old HTTP, Universal and codelyzer copies removed; zone.js 0.15.1."
2016,Retire.js Scan,Vulnerable dependency,/home/runner/work/juice-shop-DevSecOps/juice-shop-DevSecOps/frontend/node_modules/zone.js/fesm2015/zone-patch-rxjs.min.js,,Fixed in working tree,"Angular runtime 20.3.32; old HTTP, Universal and codelyzer copies removed; zone.js 0.15.1."
2019,Retire.js Scan,Vulnerable dependency,/home/runner/work/juice-shop-DevSecOps/juice-shop-DevSecOps/frontend/node_modules/zone.js/fesm2015/zone-patch-socket-io.js,,Fixed in working tree,"Angular runtime 20.3.32; old HTTP, Universal and codelyzer copies removed; zone.js 0.15.1."
2021,Retire.js Scan,Vulnerable dependency,/home/runner/work/juice-shop-DevSecOps/juice-shop-DevSecOps/frontend/node_modules/zone.js/fesm2015/zone-patch-socket-io.js,,Fixed in working tree,"Angular runtime 20.3.32; old HTTP, Universal and codelyzer copies removed; zone.js 0.15.1."
2024,Retire.js Scan,Vulnerable dependency,/home/runner/work/juice-shop-DevSecOps/juice-shop-DevSecOps/frontend/node_modules/zone.js/fesm2015/zone-patch-socket-io.min.js,,Fixed in working tree,"Angular runtime 20.3.32; old HTTP, Universal and codelyzer copies removed; zone.js 0.15.1."
2026,Retire.js Scan,Vulnerable dependency,/home/runner/work/juice-shop-DevSecOps/juice-shop-DevSecOps/frontend/node_modules/zone.js/fesm2015/zone-patch-socket-io.min.js,,Fixed in working tree,"Angular runtime 20.3.32; old HTTP, Universal and codelyzer copies removed; zone.js 0.15.1."
2029,Retire.js Scan,Vulnerable dependency,/home/runner/work/juice-shop-DevSecOps/juice-shop-DevSecOps/frontend/node_modules/zone.js/fesm2015/zone-patch-user-media.js,,Fixed in working tree,"Angular runtime 20.3.32; old HTTP, Universal and codelyzer copies removed; zone.js 0.15.1."
2031,Retire.js Scan,Vulnerable dependency,/home/runner/work/juice-shop-DevSecOps/juice-shop-DevSecOps/frontend/node_modules/zone.js/fesm2015/zone-patch-user-media.js,,Fixed in working tree,"Angular runtime 20.3.32; old HTTP, Universal and codelyzer copies removed; zone.js 0.15.1."
2034,Retire.js Scan,Vulnerable dependency,/home/runner/work/juice-shop-DevSecOps/juice-shop-DevSecOps/frontend/node_modules/zone.js/fesm2015/zone-patch-user-media.min.js,,Fixed in working tree,"Angular runtime 20.3.32; old HTTP, Universal and codelyzer copies removed; zone.js 0.15.1."
2036,Retire.js Scan,Vulnerable dependency,/home/runner/work/juice-shop-DevSecOps/juice-shop-DevSecOps/frontend/node_modules/zone.js/fesm2015/zone-patch-user-media.min.js,,Fixed in working tree,"Angular runtime 20.3.32; old HTTP, Universal and codelyzer copies removed; zone.js 0.15.1."
2039,Retire.js Scan,Vulnerable dependency,/home/runner/work/juice-shop-DevSecOps/juice-shop-DevSecOps/frontend/node_modules/zone.js/fesm2015/zone-testing-bundle.js,,Fixed in working tree,"Angular runtime 20.3.32; old HTTP, Universal and codelyzer copies removed; zone.js 0.15.1."
2041,Retire.js Scan,Vulnerable dependency,/home/runner/work/juice-shop-DevSecOps/juice-shop-DevSecOps/frontend/node_modules/zone.js/fesm2015/zone-testing-bundle.js,,Fixed in working tree,"Angular runtime 20.3.32; old HTTP, Universal and codelyzer copies removed; zone.js 0.15.1."
2044,Retire.js Scan,Vulnerable dependency,/home/runner/work/juice-shop-DevSecOps/juice-shop-DevSecOps/frontend/node_modules/zone.js/fesm2015/zone-testing-bundle.min.js,,Fixed in working tree,"Angular runtime 20.3.32; old HTTP, Universal and codelyzer copies removed; zone.js 0.15.1."
2046,Retire.js Scan,Vulnerable dependency,/home/runner/work/juice-shop-DevSecOps/juice-shop-DevSecOps/frontend/node_modules/zone.js/fesm2015/zone-testing-bundle.min.js,,Fixed in working tree,"Angular runtime 20.3.32; old HTTP, Universal and codelyzer copies removed; zone.js 0.15.1."
2049,Retire.js Scan,Vulnerable dependency,/home/runner/work/juice-shop-DevSecOps/juice-shop-DevSecOps/frontend/node_modules/zone.js/fesm2015/zone-testing-node-bundle.js,,Fixed in working tree,"Angular runtime 20.3.32; old HTTP, Universal and codelyzer copies removed; zone.js 0.15.1."
2051,Retire.js Scan,Vulnerable dependency,/home/runner/work/juice-shop-DevSecOps/juice-shop-DevSecOps/frontend/node_modules/zone.js/fesm2015/zone-testing-node-bundle.js,,Fixed in working tree,"Angular runtime 20.3.32; old HTTP, Universal and codelyzer copies removed; zone.js 0.15.1."
2054,Retire.js Scan,Vulnerable dependency,/home/runner/work/juice-shop-DevSecOps/juice-shop-DevSecOps/frontend/node_modules/zone.js/fesm2015/zone-testing-node-bundle.min.js,,Fixed in working tree,"Angular runtime 20.3.32; old HTTP, Universal and codelyzer copies removed; zone.js 0.15.1."
2056,Retire.js Scan,Vulnerable dependency,/home/runner/work/juice-shop-DevSecOps/juice-shop-DevSecOps/frontend/node_modules/zone.js/fesm2015/zone-testing-node-bundle.min.js,,Fixed in working tree,"Angular runtime 20.3.32; old HTTP, Universal and codelyzer copies removed; zone.js 0.15.1."
2059,Retire.js Scan,Vulnerable dependency,/home/runner/work/juice-shop-DevSecOps/juice-shop-DevSecOps/frontend/node_modules/zone.js/fesm2015/zone-testing.js,,Fixed in working tree,"Angular runtime 20.3.32; old HTTP, Universal and codelyzer copies removed; zone.js 0.15.1."
2061,Retire.js Scan,Vulnerable dependency,/home/runner/work/juice-shop-DevSecOps/juice-shop-DevSecOps/frontend/node_modules/zone.js/fesm2015/zone-testing.js,,Fixed in working tree,"Angular runtime 20.3.32; old HTTP, Universal and codelyzer copies removed; zone.js 0.15.1."
2064,Retire.js Scan,Vulnerable dependency,/home/runner/work/juice-shop-DevSecOps/juice-shop-DevSecOps/frontend/node_modules/zone.js/fesm2015/zone.js,,Fixed in working tree,"Angular runtime 20.3.32; old HTTP, Universal and codelyzer copies removed; zone.js 0.15.1."
2066,Retire.js Scan,Vulnerable dependency,/home/runner/work/juice-shop-DevSecOps/juice-shop-DevSecOps/frontend/node_modules/zone.js/fesm2015/zone.js,,Fixed in working tree,"Angular runtime 20.3.32; old HTTP, Universal and codelyzer copies removed; zone.js 0.15.1."
2069,Retire.js Scan,Vulnerable dependency,/home/runner/work/juice-shop-DevSecOps/juice-shop-DevSecOps/frontend/node_modules/zone.js/fesm2015/zone.min.js,,Fixed in working tree,"Angular runtime 20.3.32; old HTTP, Universal and codelyzer copies removed; zone.js 0.15.1."
2071,Retire.js Scan,Vulnerable dependency,/home/runner/work/juice-shop-DevSecOps/juice-shop-DevSecOps/frontend/node_modules/zone.js/fesm2015/zone.min.js,,Fixed in working tree,"Angular runtime 20.3.32; old HTTP, Universal and codelyzer copies removed; zone.js 0.15.1."
2074,Retire.js Scan,Vulnerable dependency,/home/runner/work/juice-shop-DevSecOps/juice-shop-DevSecOps/frontend/node_modules/zone.js/fesm2015/zone-testing.min.js,,Fixed in working tree,"Angular runtime 20.3.32; old HTTP, Universal and codelyzer copies removed; zone.js 0.15.1."
2076,Retire.js Scan,Vulnerable dependency,/home/runner/work/juice-shop-DevSecOps/juice-shop-DevSecOps/frontend/node_modules/zone.js/fesm2015/zone-testing.min.js,,Fixed in working tree,"Angular runtime 20.3.32; old HTTP, Universal and codelyzer copies removed; zone.js 0.15.1."
2085,Retire.js Scan,Vulnerable dependency,/home/runner/work/juice-shop-DevSecOps/juice-shop-DevSecOps/node_modules/express-jwt/node_modules/moment/moment.js,,Fixed in working tree,Removed obsolete express-jwt 0.1.3 and its Moment dependency.
2086,Retire.js Scan,Vulnerable dependency,/home/runner/work/juice-shop-DevSecOps/juice-shop-DevSecOps/node_modules/express-jwt/node_modules/moment/moment.js,,Fixed in working tree,Removed obsolete express-jwt 0.1.3 and its Moment dependency.
2088,Retire.js Scan,Vulnerable dependency,/home/runner/work/juice-shop-DevSecOps/juice-shop-DevSecOps/node_modules/sanitize-html/node_modules/lodash/lodash.js,,Fixed in working tree,sanitize-html 2.17.7 replaces sanitizer 1.4.2 and obsolete Lodash.
2089,Retire.js Scan,Vulnerable dependency,/home/runner/work/juice-shop-DevSecOps/juice-shop-DevSecOps/node_modules/sanitize-html/node_modules/lodash/lodash.js,,Fixed in working tree,sanitize-html 2.17.7 replaces sanitizer 1.4.2 and obsolete Lodash.
2090,Retire.js Scan,Vulnerable dependency,/home/runner/work/juice-shop-DevSecOps/juice-shop-DevSecOps/node_modules/sanitize-html/node_modules/lodash/lodash.js,,Fixed in working tree,sanitize-html 2.17.7 replaces sanitizer 1.4.2 and obsolete Lodash.
2094,Retire.js Scan,Vulnerable dependency,/home/runner/work/juice-shop-DevSecOps/juice-shop-DevSecOps/frontend/node_modules/@angular/language-service/bundles/language-service.js,,Fixed in working tree,"Angular runtime 20.3.32; old HTTP, Universal and codelyzer copies removed; zone.js 0.15.1."
2096,Retire.js Scan,Vulnerable dependency,/home/runner/work/juice-shop-DevSecOps/juice-shop-DevSecOps/frontend/node_modules/@angular/language-service/bundles/language-service.js,,Fixed in working tree,"Angular runtime 20.3.32; old HTTP, Universal and codelyzer copies removed; zone.js 0.15.1."
2100,Retire.js Scan,Vulnerable dependency,/home/runner/work/juice-shop-DevSecOps/juice-shop-DevSecOps/frontend/node_modules/@angular/http/bundles/http-testing.umd.js,,Fixed in working tree,"Angular runtime 20.3.32; old HTTP, Universal and codelyzer copies removed; zone.js 0.15.1."
2102,Retire.js Scan,Vulnerable dependency,/home/runner/work/juice-shop-DevSecOps/juice-shop-DevSecOps/frontend/node_modules/@angular/http/bundles/http-testing.umd.js,,Fixed in working tree,"Angular runtime 20.3.32; old HTTP, Universal and codelyzer copies removed; zone.js 0.15.1."
2106,Retire.js Scan,Vulnerable dependency,/home/runner/work/juice-shop-DevSecOps/juice-shop-DevSecOps/frontend/node_modules/@angular/http/bundles/http-testing.umd.min.js,,Fixed in working tree,"Angular runtime 20.3.32; old HTTP, Universal and codelyzer copies removed; zone.js 0.15.1."
2108,Retire.js Scan,Vulnerable dependency,/home/runner/work/juice-shop-DevSecOps/juice-shop-DevSecOps/frontend/node_modules/@angular/http/bundles/http-testing.umd.min.js,,Fixed in working tree,"Angular runtime 20.3.32; old HTTP, Universal and codelyzer copies removed; zone.js 0.15.1."
2112,Retire.js Scan,Vulnerable dependency,/home/runner/work/juice-shop-DevSecOps/juice-shop-DevSecOps/frontend/node_modules/@angular/http/bundles/http.umd.js,,Fixed in working tree,"Angular runtime 20.3.32; old HTTP, Universal and codelyzer copies removed; zone.js 0.15.1."
2114,Retire.js Scan,Vulnerable dependency,/home/runner/work/juice-shop-DevSecOps/juice-shop-DevSecOps/frontend/node_modules/@angular/http/bundles/http.umd.js,,Fixed in working tree,"Angular runtime 20.3.32; old HTTP, Universal and codelyzer copies removed; zone.js 0.15.1."
2118,Retire.js Scan,Vulnerable dependency,/home/runner/work/juice-shop-DevSecOps/juice-shop-DevSecOps/frontend/node_modules/@angular/http/bundles/http.umd.min.js,,Fixed in working tree,"Angular runtime 20.3.32; old HTTP, Universal and codelyzer copies removed; zone.js 0.15.1."
2120,Retire.js Scan,Vulnerable dependency,/home/runner/work/juice-shop-DevSecOps/juice-shop-DevSecOps/frontend/node_modules/@angular/http/bundles/http.umd.min.js,,Fixed in working tree,"Angular runtime 20.3.32; old HTTP, Universal and codelyzer copies removed; zone.js 0.15.1."
2124,Retire.js Scan,Vulnerable dependency,/home/runner/work/juice-shop-DevSecOps/juice-shop-DevSecOps/frontend/node_modules/@angular/http/fesm2015/http.js,,Fixed in working tree,"Angular runtime 20.3.32; old HTTP, Universal and codelyzer copies removed; zone.js 0.15.1."
2126,Retire.js Scan,Vulnerable dependency,/home/runner/work/juice-shop-DevSecOps/juice-shop-DevSecOps/frontend/node_modules/@angular/http/fesm2015/http.js,,Fixed in working tree,"Angular runtime 20.3.32; old HTTP, Universal and codelyzer copies removed; zone.js 0.15.1."
2130,Retire.js Scan,Vulnerable dependency,/home/runner/work/juice-shop-DevSecOps/juice-shop-DevSecOps/frontend/node_modules/@angular/http/fesm2015/testing.js,,Fixed in working tree,"Angular runtime 20.3.32; old HTTP, Universal and codelyzer copies removed; zone.js 0.15.1."
2132,Retire.js Scan,Vulnerable dependency,/home/runner/work/juice-shop-DevSecOps/juice-shop-DevSecOps/frontend/node_modules/@angular/http/fesm2015/testing.js,,Fixed in working tree,"Angular runtime 20.3.32; old HTTP, Universal and codelyzer copies removed; zone.js 0.15.1."
2136,Retire.js Scan,Vulnerable dependency,/home/runner/work/juice-shop-DevSecOps/juice-shop-DevSecOps/frontend/node_modules/@angular/http/fesm5/http.js,,Fixed in working tree,"Angular runtime 20.3.32; old HTTP, Universal and codelyzer copies removed; zone.js 0.15.1."
2138,Retire.js Scan,Vulnerable dependency,/home/runner/work/juice-shop-DevSecOps/juice-shop-DevSecOps/frontend/node_modules/@angular/http/fesm5/http.js,,Fixed in working tree,"Angular runtime 20.3.32; old HTTP, Universal and codelyzer copies removed; zone.js 0.15.1."
2142,Retire.js Scan,Vulnerable dependency,/home/runner/work/juice-shop-DevSecOps/juice-shop-DevSecOps/frontend/node_modules/@angular/http/fesm5/testing.js,,Fixed in working tree,"Angular runtime 20.3.32; old HTTP, Universal and codelyzer copies removed; zone.js 0.15.1."
2144,Retire.js Scan,Vulnerable dependency,/home/runner/work/juice-shop-DevSecOps/juice-shop-DevSecOps/frontend/node_modules/@angular/http/fesm5/testing.js,,Fixed in working tree,"Angular runtime 20.3.32; old HTTP, Universal and codelyzer copies removed; zone.js 0.15.1."
2147,Retire.js Scan,Vulnerable dependency,/home/runner/work/juice-shop-DevSecOps/juice-shop-DevSecOps/node_modules/express-jwt/node_modules/moment/min/moment.min.js,,Fixed in working tree,Removed obsolete express-jwt 0.1.3 and its Moment dependency.
2148,Retire.js Scan,Vulnerable dependency,/home/runner/work/juice-shop-DevSecOps/juice-shop-DevSecOps/node_modules/express-jwt/node_modules/moment/min/moment.min.js,,Fixed in working tree,Removed obsolete express-jwt 0.1.3 and its Moment dependency.
2150,Retire.js Scan,Vulnerable dependency,/home/runner/work/juice-shop-DevSecOps/juice-shop-DevSecOps/node_modules/sanitize-html/node_modules/lodash/dist/lodash.js,,Fixed in working tree,sanitize-html 2.17.7 replaces sanitizer 1.4.2 and obsolete Lodash.
2151,Retire.js Scan,Vulnerable dependency,/home/runner/work/juice-shop-DevSecOps/juice-shop-DevSecOps/node_modules/sanitize-html/node_modules/lodash/dist/lodash.js,,Fixed in working tree,sanitize-html 2.17.7 replaces sanitizer 1.4.2 and obsolete Lodash.
2152,Retire.js Scan,Vulnerable dependency,/home/runner/work/juice-shop-DevSecOps/juice-shop-DevSecOps/node_modules/sanitize-html/node_modules/lodash/dist/lodash.js,,Fixed in working tree,sanitize-html 2.17.7 replaces sanitizer 1.4.2 and obsolete Lodash.
2155,Retire.js Scan,Vulnerable dependency,/home/runner/work/juice-shop-DevSecOps/juice-shop-DevSecOps/node_modules/sanitize-html/node_modules/lodash/dist/lodash.min.js,,Fixed in working tree,sanitize-html 2.17.7 replaces sanitizer 1.4.2 and obsolete Lodash.
2156,Retire.js Scan,Vulnerable dependency,/home/runner/work/juice-shop-DevSecOps/juice-shop-DevSecOps/node_modules/sanitize-html/node_modules/lodash/dist/lodash.min.js,,Fixed in working tree,sanitize-html 2.17.7 replaces sanitizer 1.4.2 and obsolete Lodash.
2157,Retire.js Scan,Vulnerable dependency,/home/runner/work/juice-shop-DevSecOps/juice-shop-DevSecOps/node_modules/sanitize-html/node_modules/lodash/dist/lodash.min.js,,Fixed in working tree,sanitize-html 2.17.7 replaces sanitizer 1.4.2 and obsolete Lodash.
2162,Retire.js Scan,Vulnerable dependency,/home/runner/work/juice-shop-DevSecOps/juice-shop-DevSecOps/frontend/node_modules/codelyzer/node_modules/zone.js/dist/async-test.js,,Fixed in working tree,"Angular runtime 20.3.32; old HTTP, Universal and codelyzer copies removed; zone.js 0.15.1."
2164,Retire.js Scan,Vulnerable dependency,/home/runner/work/juice-shop-DevSecOps/juice-shop-DevSecOps/frontend/node_modules/codelyzer/node_modules/zone.js/dist/async-test.js,,Fixed in working tree,"Angular runtime 20.3.32; old HTTP, Universal and codelyzer copies removed; zone.js 0.15.1."
2168,Retire.js Scan,Vulnerable dependency,/home/runner/work/juice-shop-DevSecOps/juice-shop-DevSecOps/frontend/node_modules/codelyzer/node_modules/zone.js/dist/async-test.min.js,,Fixed in working tree,"Angular runtime 20.3.32; old HTTP, Universal and codelyzer copies removed; zone.js 0.15.1."
2170,Retire.js Scan,Vulnerable dependency,/home/runner/work/juice-shop-DevSecOps/juice-shop-DevSecOps/frontend/node_modules/codelyzer/node_modules/zone.js/dist/async-test.min.js,,Fixed in working tree,"Angular runtime 20.3.32; old HTTP, Universal and codelyzer copies removed; zone.js 0.15.1."
2174,Retire.js Scan,Vulnerable dependency,/home/runner/work/juice-shop-DevSecOps/juice-shop-DevSecOps/frontend/node_modules/codelyzer/node_modules/zone.js/dist/fake-async-test.js,,Fixed in working tree,"Angular runtime 20.3.32; old HTTP, Universal and codelyzer copies removed; zone.js 0.15.1."
2176,Retire.js Scan,Vulnerable dependency,/home/runner/work/juice-shop-DevSecOps/juice-shop-DevSecOps/frontend/node_modules/codelyzer/node_modules/zone.js/dist/fake-async-test.js,,Fixed in working tree,"Angular runtime 20.3.32; old HTTP, Universal and codelyzer copies removed; zone.js 0.15.1."
2180,Retire.js Scan,Vulnerable dependency,/home/runner/work/juice-shop-DevSecOps/juice-shop-DevSecOps/frontend/node_modules/codelyzer/node_modules/zone.js/dist/fake-async-test.min.js,,Fixed in working tree,"Angular runtime 20.3.32; old HTTP, Universal and codelyzer copies removed; zone.js 0.15.1."
2182,Retire.js Scan,Vulnerable dependency,/home/runner/work/juice-shop-DevSecOps/juice-shop-DevSecOps/frontend/node_modules/codelyzer/node_modules/zone.js/dist/fake-async-test.min.js,,Fixed in working tree,"Angular runtime 20.3.32; old HTTP, Universal and codelyzer copies removed; zone.js 0.15.1."
2186,Retire.js Scan,Vulnerable dependency,/home/runner/work/juice-shop-DevSecOps/juice-shop-DevSecOps/frontend/node_modules/codelyzer/node_modules/zone.js/dist/jasmine-patch.js,,Fixed in working tree,"Angular runtime 20.3.32; old HTTP, Universal and codelyzer copies removed; zone.js 0.15.1."
2188,Retire.js Scan,Vulnerable dependency,/home/runner/work/juice-shop-DevSecOps/juice-shop-DevSecOps/frontend/node_modules/codelyzer/node_modules/zone.js/dist/jasmine-patch.js,,Fixed in working tree,"Angular runtime 20.3.32; old HTTP, Universal and codelyzer copies removed; zone.js 0.15.1."
2192,Retire.js Scan,Vulnerable dependency,/home/runner/work/juice-shop-DevSecOps/juice-shop-DevSecOps/frontend/node_modules/codelyzer/node_modules/zone.js/dist/jasmine-patch.min.js,,Fixed in working tree,"Angular runtime 20.3.32; old HTTP, Universal and codelyzer copies removed; zone.js 0.15.1."
2194,Retire.js Scan,Vulnerable dependency,/home/runner/work/juice-shop-DevSecOps/juice-shop-DevSecOps/frontend/node_modules/codelyzer/node_modules/zone.js/dist/jasmine-patch.min.js,,Fixed in working tree,"Angular runtime 20.3.32; old HTTP, Universal and codelyzer copies removed; zone.js 0.15.1."
2198,Retire.js Scan,Vulnerable dependency,/home/runner/work/juice-shop-DevSecOps/juice-shop-DevSecOps/frontend/node_modules/codelyzer/node_modules/zone.js/dist/long-stack-trace-zone.js,,Fixed in working tree,"Angular runtime 20.3.32; old HTTP, Universal and codelyzer copies removed; zone.js 0.15.1."
2200,Retire.js Scan,Vulnerable dependency,/home/runner/work/juice-shop-DevSecOps/juice-shop-DevSecOps/frontend/node_modules/codelyzer/node_modules/zone.js/dist/long-stack-trace-zone.js,,Fixed in working tree,"Angular runtime 20.3.32; old HTTP, Universal and codelyzer copies removed; zone.js 0.15.1."
2204,Retire.js Scan,Vulnerable dependency,/home/runner/work/juice-shop-DevSecOps/juice-shop-DevSecOps/frontend/node_modules/codelyzer/node_modules/zone.js/dist/long-stack-trace-zone.min.js,,Fixed in working tree,"Angular runtime 20.3.32; old HTTP, Universal and codelyzer copies removed; zone.js 0.15.1."
2206,Retire.js Scan,Vulnerable dependency,/home/runner/work/juice-shop-DevSecOps/juice-shop-DevSecOps/frontend/node_modules/codelyzer/node_modules/zone.js/dist/long-stack-trace-zone.min.js,,Fixed in working tree,"Angular runtime 20.3.32; old HTTP, Universal and codelyzer copies removed; zone.js 0.15.1."
2210,Retire.js Scan,Vulnerable dependency,/home/runner/work/juice-shop-DevSecOps/juice-shop-DevSecOps/frontend/node_modules/codelyzer/node_modules/zone.js/dist/mocha-patch.js,,Fixed in working tree,"Angular runtime 20.3.32; old HTTP, Universal and codelyzer copies removed; zone.js 0.15.1."
2212,Retire.js Scan,Vulnerable dependency,/home/runner/work/juice-shop-DevSecOps/juice-shop-DevSecOps/frontend/node_modules/codelyzer/node_modules/zone.js/dist/mocha-patch.js,,Fixed in working tree,"Angular runtime 20.3.32; old HTTP, Universal and codelyzer copies removed; zone.js 0.15.1."
2216,Retire.js Scan,Vulnerable dependency,/home/runner/work/juice-shop-DevSecOps/juice-shop-DevSecOps/frontend/node_modules/codelyzer/node_modules/zone.js/dist/mocha-patch.min.js,,Fixed in working tree,"Angular runtime 20.3.32; old HTTP, Universal and codelyzer copies removed; zone.js 0.15.1."
2218,Retire.js Scan,Vulnerable dependency,/home/runner/work/juice-shop-DevSecOps/juice-shop-DevSecOps/frontend/node_modules/codelyzer/node_modules/zone.js/dist/mocha-patch.min.js,,Fixed in working tree,"Angular runtime 20.3.32; old HTTP, Universal and codelyzer copies removed; zone.js 0.15.1."
2222,Retire.js Scan,Vulnerable dependency,/home/runner/work/juice-shop-DevSecOps/juice-shop-DevSecOps/frontend/node_modules/codelyzer/node_modules/zone.js/dist/proxy.js,,Fixed in working tree,"Angular runtime 20.3.32; old HTTP, Universal and codelyzer copies removed; zone.js 0.15.1."
2224,Retire.js Scan,Vulnerable dependency,/home/runner/work/juice-shop-DevSecOps/juice-shop-DevSecOps/frontend/node_modules/codelyzer/node_modules/zone.js/dist/proxy.js,,Fixed in working tree,"Angular runtime 20.3.32; old HTTP, Universal and codelyzer copies removed; zone.js 0.15.1."
2228,Retire.js Scan,Vulnerable dependency,/home/runner/work/juice-shop-DevSecOps/juice-shop-DevSecOps/frontend/node_modules/codelyzer/node_modules/zone.js/dist/proxy.min.js,,Fixed in working tree,"Angular runtime 20.3.32; old HTTP, Universal and codelyzer copies removed; zone.js 0.15.1."
2230,Retire.js Scan,Vulnerable dependency,/home/runner/work/juice-shop-DevSecOps/juice-shop-DevSecOps/frontend/node_modules/codelyzer/node_modules/zone.js/dist/proxy.min.js,,Fixed in working tree,"Angular runtime 20.3.32; old HTTP, Universal and codelyzer copies removed; zone.js 0.15.1."
2234,Retire.js Scan,Vulnerable dependency,/home/runner/work/juice-shop-DevSecOps/juice-shop-DevSecOps/frontend/node_modules/codelyzer/node_modules/zone.js/dist/sync-test.js,,Fixed in working tree,"Angular runtime 20.3.32; old HTTP, Universal and codelyzer copies removed; zone.js 0.15.1."
2236,Retire.js Scan,Vulnerable dependency,/home/runner/work/juice-shop-DevSecOps/juice-shop-DevSecOps/frontend/node_modules/codelyzer/node_modules/zone.js/dist/sync-test.js,,Fixed in working tree,"Angular runtime 20.3.32; old HTTP, Universal and codelyzer copies removed; zone.js 0.15.1."
2240,Retire.js Scan,Vulnerable dependency,/home/runner/work/juice-shop-DevSecOps/juice-shop-DevSecOps/frontend/node_modules/codelyzer/node_modules/zone.js/dist/sync-test.min.js,,Fixed in working tree,"Angular runtime 20.3.32; old HTTP, Universal and codelyzer copies removed; zone.js 0.15.1."
2242,Retire.js Scan,Vulnerable dependency,/home/runner/work/juice-shop-DevSecOps/juice-shop-DevSecOps/frontend/node_modules/codelyzer/node_modules/zone.js/dist/sync-test.min.js,,Fixed in working tree,"Angular runtime 20.3.32; old HTTP, Universal and codelyzer copies removed; zone.js 0.15.1."
2246,Retire.js Scan,Vulnerable dependency,/home/runner/work/juice-shop-DevSecOps/juice-shop-DevSecOps/frontend/node_modules/codelyzer/node_modules/zone.js/dist/task-tracking.js,,Fixed in working tree,"Angular runtime 20.3.32; old HTTP, Universal and codelyzer copies removed; zone.js 0.15.1."
2248,Retire.js Scan,Vulnerable dependency,/home/runner/work/juice-shop-DevSecOps/juice-shop-DevSecOps/frontend/node_modules/codelyzer/node_modules/zone.js/dist/task-tracking.js,,Fixed in working tree,"Angular runtime 20.3.32; old HTTP, Universal and codelyzer copies removed; zone.js 0.15.1."
2252,Retire.js Scan,Vulnerable dependency,/home/runner/work/juice-shop-DevSecOps/juice-shop-DevSecOps/frontend/node_modules/codelyzer/node_modules/zone.js/dist/task-tracking.min.js,,Fixed in working tree,"Angular runtime 20.3.32; old HTTP, Universal and codelyzer copies removed; zone.js 0.15.1."
2254,Retire.js Scan,Vulnerable dependency,/home/runner/work/juice-shop-DevSecOps/juice-shop-DevSecOps/frontend/node_modules/codelyzer/node_modules/zone.js/dist/task-tracking.min.js,,Fixed in working tree,"Angular runtime 20.3.32; old HTTP, Universal and codelyzer copies removed; zone.js 0.15.1."
2258,Retire.js Scan,Vulnerable dependency,/home/runner/work/juice-shop-DevSecOps/juice-shop-DevSecOps/frontend/node_modules/codelyzer/node_modules/zone.js/dist/webapis-media-query.min.js,,Fixed in working tree,"Angular runtime 20.3.32; old HTTP, Universal and codelyzer copies removed; zone.js 0.15.1."
2260,Retire.js Scan,Vulnerable dependency,/home/runner/work/juice-shop-DevSecOps/juice-shop-DevSecOps/frontend/node_modules/codelyzer/node_modules/zone.js/dist/webapis-media-query.min.js,,Fixed in working tree,"Angular runtime 20.3.32; old HTTP, Universal and codelyzer copies removed; zone.js 0.15.1."
2264,Retire.js Scan,Vulnerable dependency,/home/runner/work/juice-shop-DevSecOps/juice-shop-DevSecOps/frontend/node_modules/codelyzer/node_modules/zone.js/dist/webapis-media-query.js,,Fixed in working tree,"Angular runtime 20.3.32; old HTTP, Universal and codelyzer copies removed; zone.js 0.15.1."
2266,Retire.js Scan,Vulnerable dependency,/home/runner/work/juice-shop-DevSecOps/juice-shop-DevSecOps/frontend/node_modules/codelyzer/node_modules/zone.js/dist/webapis-media-query.js,,Fixed in working tree,"Angular runtime 20.3.32; old HTTP, Universal and codelyzer copies removed; zone.js 0.15.1."
2270,Retire.js Scan,Vulnerable dependency,/home/runner/work/juice-shop-DevSecOps/juice-shop-DevSecOps/frontend/node_modules/codelyzer/node_modules/zone.js/dist/webapis-notification.js,,Fixed in working tree,"Angular runtime 20.3.32; old HTTP, Universal and codelyzer copies removed; zone.js 0.15.1."
2272,Retire.js Scan,Vulnerable dependency,/home/runner/work/juice-shop-DevSecOps/juice-shop-DevSecOps/frontend/node_modules/codelyzer/node_modules/zone.js/dist/webapis-notification.js,,Fixed in working tree,"Angular runtime 20.3.32; old HTTP, Universal and codelyzer copies removed; zone.js 0.15.1."
2276,Retire.js Scan,Vulnerable dependency,/home/runner/work/juice-shop-DevSecOps/juice-shop-DevSecOps/frontend/node_modules/codelyzer/node_modules/zone.js/dist/webapis-notification.min.js,,Fixed in working tree,"Angular runtime 20.3.32; old HTTP, Universal and codelyzer copies removed; zone.js 0.15.1."
2278,Retire.js Scan,Vulnerable dependency,/home/runner/work/juice-shop-DevSecOps/juice-shop-DevSecOps/frontend/node_modules/codelyzer/node_modules/zone.js/dist/webapis-notification.min.js,,Fixed in working tree,"Angular runtime 20.3.32; old HTTP, Universal and codelyzer copies removed; zone.js 0.15.1."
2282,Retire.js Scan,Vulnerable dependency,/home/runner/work/juice-shop-DevSecOps/juice-shop-DevSecOps/frontend/node_modules/codelyzer/node_modules/zone.js/dist/webapis-rtc-peer-connection.js,,Fixed in working tree,"Angular runtime 20.3.32; old HTTP, Universal and codelyzer copies removed; zone.js 0.15.1."
2284,Retire.js Scan,Vulnerable dependency,/home/runner/work/juice-shop-DevSecOps/juice-shop-DevSecOps/frontend/node_modules/codelyzer/node_modules/zone.js/dist/webapis-rtc-peer-connection.js,,Fixed in working tree,"Angular runtime 20.3.32; old HTTP, Universal and codelyzer copies removed; zone.js 0.15.1."
2288,Retire.js Scan,Vulnerable dependency,/home/runner/work/juice-shop-DevSecOps/juice-shop-DevSecOps/frontend/node_modules/codelyzer/node_modules/zone.js/dist/webapis-rtc-peer-connection.min.js,,Fixed in working tree,"Angular runtime 20.3.32; old HTTP, Universal and codelyzer copies removed; zone.js 0.15.1."
2290,Retire.js Scan,Vulnerable dependency,/home/runner/work/juice-shop-DevSecOps/juice-shop-DevSecOps/frontend/node_modules/codelyzer/node_modules/zone.js/dist/webapis-rtc-peer-connection.min.js,,Fixed in working tree,"Angular runtime 20.3.32; old HTTP, Universal and codelyzer copies removed; zone.js 0.15.1."
2294,Retire.js Scan,Vulnerable dependency,/home/runner/work/juice-shop-DevSecOps/juice-shop-DevSecOps/frontend/node_modules/codelyzer/node_modules/zone.js/dist/webapis-shadydom.js,,Fixed in working tree,"Angular runtime 20.3.32; old HTTP, Universal and codelyzer copies removed; zone.js 0.15.1."
2296,Retire.js Scan,Vulnerable dependency,/home/runner/work/juice-shop-DevSecOps/juice-shop-DevSecOps/frontend/node_modules/codelyzer/node_modules/zone.js/dist/webapis-shadydom.js,,Fixed in working tree,"Angular runtime 20.3.32; old HTTP, Universal and codelyzer copies removed; zone.js 0.15.1."
2300,Retire.js Scan,Vulnerable dependency,/home/runner/work/juice-shop-DevSecOps/juice-shop-DevSecOps/frontend/node_modules/codelyzer/node_modules/zone.js/dist/webapis-shadydom.min.js,,Fixed in working tree,"Angular runtime 20.3.32; old HTTP, Universal and codelyzer copies removed; zone.js 0.15.1."
2302,Retire.js Scan,Vulnerable dependency,/home/runner/work/juice-shop-DevSecOps/juice-shop-DevSecOps/frontend/node_modules/codelyzer/node_modules/zone.js/dist/webapis-shadydom.min.js,,Fixed in working tree,"Angular runtime 20.3.32; old HTTP, Universal and codelyzer copies removed; zone.js 0.15.1."
2306,Retire.js Scan,Vulnerable dependency,/home/runner/work/juice-shop-DevSecOps/juice-shop-DevSecOps/frontend/node_modules/codelyzer/node_modules/zone.js/dist/wtf.js,,Fixed in working tree,"Angular runtime 20.3.32; old HTTP, Universal and codelyzer copies removed; zone.js 0.15.1."
2308,Retire.js Scan,Vulnerable dependency,/home/runner/work/juice-shop-DevSecOps/juice-shop-DevSecOps/frontend/node_modules/codelyzer/node_modules/zone.js/dist/wtf.js,,Fixed in working tree,"Angular runtime 20.3.32; old HTTP, Universal and codelyzer copies removed; zone.js 0.15.1."
2312,Retire.js Scan,Vulnerable dependency,/home/runner/work/juice-shop-DevSecOps/juice-shop-DevSecOps/frontend/node_modules/codelyzer/node_modules/zone.js/dist/wtf.min.js,,Fixed in working tree,"Angular runtime 20.3.32; old HTTP, Universal and codelyzer copies removed; zone.js 0.15.1."
2314,Retire.js Scan,Vulnerable dependency,/home/runner/work/juice-shop-DevSecOps/juice-shop-DevSecOps/frontend/node_modules/codelyzer/node_modules/zone.js/dist/wtf.min.js,,Fixed in working tree,"Angular runtime 20.3.32; old HTTP, Universal and codelyzer copies removed; zone.js 0.15.1."
2318,Retire.js Scan,Vulnerable dependency,/home/runner/work/juice-shop-DevSecOps/juice-shop-DevSecOps/frontend/node_modules/codelyzer/node_modules/zone.js/dist/zone-bluebird.js,,Fixed in working tree,"Angular runtime 20.3.32; old HTTP, Universal and codelyzer copies removed; zone.js 0.15.1."
2320,Retire.js Scan,Vulnerable dependency,/home/runner/work/juice-shop-DevSecOps/juice-shop-DevSecOps/frontend/node_modules/codelyzer/node_modules/zone.js/dist/zone-bluebird.js,,Fixed in working tree,"Angular runtime 20.3.32; old HTTP, Universal and codelyzer copies removed; zone.js 0.15.1."
2324,Retire.js Scan,Vulnerable dependency,/home/runner/work/juice-shop-DevSecOps/juice-shop-DevSecOps/frontend/node_modules/codelyzer/node_modules/zone.js/dist/zone-bluebird.min.js,,Fixed in working tree,"Angular runtime 20.3.32; old HTTP, Universal and codelyzer copies removed; zone.js 0.15.1."
2326,Retire.js Scan,Vulnerable dependency,/home/runner/work/juice-shop-DevSecOps/juice-shop-DevSecOps/frontend/node_modules/codelyzer/node_modules/zone.js/dist/zone-bluebird.min.js,,Fixed in working tree,"Angular runtime 20.3.32; old HTTP, Universal and codelyzer copies removed; zone.js 0.15.1."
2330,Retire.js Scan,Vulnerable dependency,/home/runner/work/juice-shop-DevSecOps/juice-shop-DevSecOps/frontend/node_modules/codelyzer/node_modules/zone.js/dist/zone-error.js,,Fixed in working tree,"Angular runtime 20.3.32; old HTTP, Universal and codelyzer copies removed; zone.js 0.15.1."
2332,Retire.js Scan,Vulnerable dependency,/home/runner/work/juice-shop-DevSecOps/juice-shop-DevSecOps/frontend/node_modules/codelyzer/node_modules/zone.js/dist/zone-error.js,,Fixed in working tree,"Angular runtime 20.3.32; old HTTP, Universal and codelyzer copies removed; zone.js 0.15.1."
2336,Retire.js Scan,Vulnerable dependency,/home/runner/work/juice-shop-DevSecOps/juice-shop-DevSecOps/frontend/node_modules/codelyzer/node_modules/zone.js/dist/zone-error.min.js,,Fixed in working tree,"Angular runtime 20.3.32; old HTTP, Universal and codelyzer copies removed; zone.js 0.15.1."
2338,Retire.js Scan,Vulnerable dependency,/home/runner/work/juice-shop-DevSecOps/juice-shop-DevSecOps/frontend/node_modules/codelyzer/node_modules/zone.js/dist/zone-error.min.js,,Fixed in working tree,"Angular runtime 20.3.32; old HTTP, Universal and codelyzer copies removed; zone.js 0.15.1."
2342,Retire.js Scan,Vulnerable dependency,/home/runner/work/juice-shop-DevSecOps/juice-shop-DevSecOps/frontend/node_modules/codelyzer/node_modules/zone.js/dist/zone-evergreen-testing-bundle.js,,Fixed in working tree,"Angular runtime 20.3.32; old HTTP, Universal and codelyzer copies removed; zone.js 0.15.1."
2344,Retire.js Scan,Vulnerable dependency,/home/runner/work/juice-shop-DevSecOps/juice-shop-DevSecOps/frontend/node_modules/codelyzer/node_modules/zone.js/dist/zone-evergreen-testing-bundle.js,,Fixed in working tree,"Angular runtime 20.3.32; old HTTP, Universal and codelyzer copies removed; zone.js 0.15.1."
2348,Retire.js Scan,Vulnerable dependency,/home/runner/work/juice-shop-DevSecOps/juice-shop-DevSecOps/frontend/node_modules/codelyzer/node_modules/zone.js/dist/zone-evergreen-testing-bundle.min.js,,Fixed in working tree,"Angular runtime 20.3.32; old HTTP, Universal and codelyzer copies removed; zone.js 0.15.1."
2350,Retire.js Scan,Vulnerable dependency,/home/runner/work/juice-shop-DevSecOps/juice-shop-DevSecOps/frontend/node_modules/codelyzer/node_modules/zone.js/dist/zone-evergreen-testing-bundle.min.js,,Fixed in working tree,"Angular runtime 20.3.32; old HTTP, Universal and codelyzer copies removed; zone.js 0.15.1."
2354,Retire.js Scan,Vulnerable dependency,/home/runner/work/juice-shop-DevSecOps/juice-shop-DevSecOps/frontend/node_modules/codelyzer/node_modules/zone.js/dist/zone-evergreen.js,,Fixed in working tree,"Angular runtime 20.3.32; old HTTP, Universal and codelyzer copies removed; zone.js 0.15.1."
2356,Retire.js Scan,Vulnerable dependency,/home/runner/work/juice-shop-DevSecOps/juice-shop-DevSecOps/frontend/node_modules/codelyzer/node_modules/zone.js/dist/zone-evergreen.js,,Fixed in working tree,"Angular runtime 20.3.32; old HTTP, Universal and codelyzer copies removed; zone.js 0.15.1."
2360,Retire.js Scan,Vulnerable dependency,/home/runner/work/juice-shop-DevSecOps/juice-shop-DevSecOps/frontend/node_modules/codelyzer/node_modules/zone.js/dist/zone-evergreen.min.js,,Fixed in working tree,"Angular runtime 20.3.32; old HTTP, Universal and codelyzer copies removed; zone.js 0.15.1."
2362,Retire.js Scan,Vulnerable dependency,/home/runner/work/juice-shop-DevSecOps/juice-shop-DevSecOps/frontend/node_modules/codelyzer/node_modules/zone.js/dist/zone-evergreen.min.js,,Fixed in working tree,"Angular runtime 20.3.32; old HTTP, Universal and codelyzer copies removed; zone.js 0.15.1."
2366,Retire.js Scan,Vulnerable dependency,/home/runner/work/juice-shop-DevSecOps/juice-shop-DevSecOps/frontend/node_modules/codelyzer/node_modules/zone.js/dist/zone-legacy.js,,Fixed in working tree,"Angular runtime 20.3.32; old HTTP, Universal and codelyzer copies removed; zone.js 0.15.1."
2368,Retire.js Scan,Vulnerable dependency,/home/runner/work/juice-shop-DevSecOps/juice-shop-DevSecOps/frontend/node_modules/codelyzer/node_modules/zone.js/dist/zone-legacy.js,,Fixed in working tree,"Angular runtime 20.3.32; old HTTP, Universal and codelyzer copies removed; zone.js 0.15.1."
2372,Retire.js Scan,Vulnerable dependency,/home/runner/work/juice-shop-DevSecOps/juice-shop-DevSecOps/frontend/node_modules/codelyzer/node_modules/zone.js/dist/zone-legacy.min.js,,Fixed in working tree,"Angular runtime 20.3.32; old HTTP, Universal and codelyzer copies removed; zone.js 0.15.1."
2374,Retire.js Scan,Vulnerable dependency,/home/runner/work/juice-shop-DevSecOps/juice-shop-DevSecOps/frontend/node_modules/codelyzer/node_modules/zone.js/dist/zone-legacy.min.js,,Fixed in working tree,"Angular runtime 20.3.32; old HTTP, Universal and codelyzer copies removed; zone.js 0.15.1."
2378,Retire.js Scan,Vulnerable dependency,/home/runner/work/juice-shop-DevSecOps/juice-shop-DevSecOps/frontend/node_modules/codelyzer/node_modules/zone.js/dist/zone-mix.js,,Fixed in working tree,"Angular runtime 20.3.32; old HTTP, Universal and codelyzer copies removed; zone.js 0.15.1."
2380,Retire.js Scan,Vulnerable dependency,/home/runner/work/juice-shop-DevSecOps/juice-shop-DevSecOps/frontend/node_modules/codelyzer/node_modules/zone.js/dist/zone-mix.js,,Fixed in working tree,"Angular runtime 20.3.32; old HTTP, Universal and codelyzer copies removed; zone.js 0.15.1."
2384,Retire.js Scan,Vulnerable dependency,/home/runner/work/juice-shop-DevSecOps/juice-shop-DevSecOps/frontend/node_modules/codelyzer/node_modules/zone.js/dist/zone-node.js,,Fixed in working tree,"Angular runtime 20.3.32; old HTTP, Universal and codelyzer copies removed; zone.js 0.15.1."
2386,Retire.js Scan,Vulnerable dependency,/home/runner/work/juice-shop-DevSecOps/juice-shop-DevSecOps/frontend/node_modules/codelyzer/node_modules/zone.js/dist/zone-node.js,,Fixed in working tree,"Angular runtime 20.3.32; old HTTP, Universal and codelyzer copies removed; zone.js 0.15.1."
2390,Retire.js Scan,Vulnerable dependency,/home/runner/work/juice-shop-DevSecOps/juice-shop-DevSecOps/frontend/node_modules/codelyzer/node_modules/zone.js/dist/zone-mix.min.js,,Fixed in working tree,"Angular runtime 20.3.32; old HTTP, Universal and codelyzer copies removed; zone.js 0.15.1."
2392,Retire.js Scan,Vulnerable dependency,/home/runner/work/juice-shop-DevSecOps/juice-shop-DevSecOps/frontend/node_modules/codelyzer/node_modules/zone.js/dist/zone-mix.min.js,,Fixed in working tree,"Angular runtime 20.3.32; old HTTP, Universal and codelyzer copies removed; zone.js 0.15.1."
2396,Retire.js Scan,Vulnerable dependency,/home/runner/work/juice-shop-DevSecOps/juice-shop-DevSecOps/frontend/node_modules/codelyzer/node_modules/zone.js/dist/zone-node.min.js,,Fixed in working tree,"Angular runtime 20.3.32; old HTTP, Universal and codelyzer copies removed; zone.js 0.15.1."
2398,Retire.js Scan,Vulnerable dependency,/home/runner/work/juice-shop-DevSecOps/juice-shop-DevSecOps/frontend/node_modules/codelyzer/node_modules/zone.js/dist/zone-node.min.js,,Fixed in working tree,"Angular runtime 20.3.32; old HTTP, Universal and codelyzer copies removed; zone.js 0.15.1."
2402,Retire.js Scan,Vulnerable dependency,/home/runner/work/juice-shop-DevSecOps/juice-shop-DevSecOps/frontend/node_modules/codelyzer/node_modules/zone.js/dist/zone-patch-canvas.js,,Fixed in working tree,"Angular runtime 20.3.32; old HTTP, Universal and codelyzer copies removed; zone.js 0.15.1."
2404,Retire.js Scan,Vulnerable dependency,/home/runner/work/juice-shop-DevSecOps/juice-shop-DevSecOps/frontend/node_modules/codelyzer/node_modules/zone.js/dist/zone-patch-canvas.js,,Fixed in working tree,"Angular runtime 20.3.32; old HTTP, Universal and codelyzer copies removed; zone.js 0.15.1."
2408,Retire.js Scan,Vulnerable dependency,/home/runner/work/juice-shop-DevSecOps/juice-shop-DevSecOps/frontend/node_modules/codelyzer/node_modules/zone.js/dist/zone-patch-canvas.min.js,,Fixed in working tree,"Angular runtime 20.3.32; old HTTP, Universal and codelyzer copies removed; zone.js 0.15.1."
2410,Retire.js Scan,Vulnerable dependency,/home/runner/work/juice-shop-DevSecOps/juice-shop-DevSecOps/frontend/node_modules/codelyzer/node_modules/zone.js/dist/zone-patch-canvas.min.js,,Fixed in working tree,"Angular runtime 20.3.32; old HTTP, Universal and codelyzer copies removed; zone.js 0.15.1."
2414,Retire.js Scan,Vulnerable dependency,/home/runner/work/juice-shop-DevSecOps/juice-shop-DevSecOps/frontend/node_modules/codelyzer/node_modules/zone.js/dist/zone-patch-cordova.js,,Fixed in working tree,"Angular runtime 20.3.32; old HTTP, Universal and codelyzer copies removed; zone.js 0.15.1."
2416,Retire.js Scan,Vulnerable dependency,/home/runner/work/juice-shop-DevSecOps/juice-shop-DevSecOps/frontend/node_modules/codelyzer/node_modules/zone.js/dist/zone-patch-cordova.js,,Fixed in working tree,"Angular runtime 20.3.32; old HTTP, Universal and codelyzer copies removed; zone.js 0.15.1."
2420,Retire.js Scan,Vulnerable dependency,/home/runner/work/juice-shop-DevSecOps/juice-shop-DevSecOps/frontend/node_modules/codelyzer/node_modules/zone.js/dist/zone-patch-cordova.min.js,,Fixed in working tree,"Angular runtime 20.3.32; old HTTP, Universal and codelyzer copies removed; zone.js 0.15.1."
2422,Retire.js Scan,Vulnerable dependency,/home/runner/work/juice-shop-DevSecOps/juice-shop-DevSecOps/frontend/node_modules/codelyzer/node_modules/zone.js/dist/zone-patch-cordova.min.js,,Fixed in working tree,"Angular runtime 20.3.32; old HTTP, Universal and codelyzer copies removed; zone.js 0.15.1."
2426,Retire.js Scan,Vulnerable dependency,/home/runner/work/juice-shop-DevSecOps/juice-shop-DevSecOps/frontend/node_modules/codelyzer/node_modules/zone.js/dist/zone-patch-electron.js,,Fixed in working tree,"Angular runtime 20.3.32; old HTTP, Universal and codelyzer copies removed; zone.js 0.15.1."
2428,Retire.js Scan,Vulnerable dependency,/home/runner/work/juice-shop-DevSecOps/juice-shop-DevSecOps/frontend/node_modules/codelyzer/node_modules/zone.js/dist/zone-patch-electron.js,,Fixed in working tree,"Angular runtime 20.3.32; old HTTP, Universal and codelyzer copies removed; zone.js 0.15.1."
2432,Retire.js Scan,Vulnerable dependency,/home/runner/work/juice-shop-DevSecOps/juice-shop-DevSecOps/frontend/node_modules/codelyzer/node_modules/zone.js/dist/zone-patch-fetch.js,,Fixed in working tree,"Angular runtime 20.3.32; old HTTP, Universal and codelyzer copies removed; zone.js 0.15.1."
2434,Retire.js Scan,Vulnerable dependency,/home/runner/work/juice-shop-DevSecOps/juice-shop-DevSecOps/frontend/node_modules/codelyzer/node_modules/zone.js/dist/zone-patch-fetch.js,,Fixed in working tree,"Angular runtime 20.3.32; old HTTP, Universal and codelyzer copies removed; zone.js 0.15.1."
2438,Retire.js Scan,Vulnerable dependency,/home/runner/work/juice-shop-DevSecOps/juice-shop-DevSecOps/frontend/node_modules/codelyzer/node_modules/zone.js/dist/zone-patch-fetch.min.js,,Fixed in working tree,"Angular runtime 20.3.32; old HTTP, Universal and codelyzer copies removed; zone.js 0.15.1."
2440,Retire.js Scan,Vulnerable dependency,/home/runner/work/juice-shop-DevSecOps/juice-shop-DevSecOps/frontend/node_modules/codelyzer/node_modules/zone.js/dist/zone-patch-fetch.min.js,,Fixed in working tree,"Angular runtime 20.3.32; old HTTP, Universal and codelyzer copies removed; zone.js 0.15.1."
2444,Retire.js Scan,Vulnerable dependency,/home/runner/work/juice-shop-DevSecOps/juice-shop-DevSecOps/frontend/node_modules/codelyzer/node_modules/zone.js/dist/zone-patch-electron.min.js,,Fixed in working tree,"Angular runtime 20.3.32; old HTTP, Universal and codelyzer copies removed; zone.js 0.15.1."
2446,Retire.js Scan,Vulnerable dependency,/home/runner/work/juice-shop-DevSecOps/juice-shop-DevSecOps/frontend/node_modules/codelyzer/node_modules/zone.js/dist/zone-patch-electron.min.js,,Fixed in working tree,"Angular runtime 20.3.32; old HTTP, Universal and codelyzer copies removed; zone.js 0.15.1."
2450,Retire.js Scan,Vulnerable dependency,/home/runner/work/juice-shop-DevSecOps/juice-shop-DevSecOps/frontend/node_modules/codelyzer/node_modules/zone.js/dist/zone-patch-jsonp.min.js,,Fixed in working tree,"Angular runtime 20.3.32; old HTTP, Universal and codelyzer copies removed; zone.js 0.15.1."
2452,Retire.js Scan,Vulnerable dependency,/home/runner/work/juice-shop-DevSecOps/juice-shop-DevSecOps/frontend/node_modules/codelyzer/node_modules/zone.js/dist/zone-patch-jsonp.min.js,,Fixed in working tree,"Angular runtime 20.3.32; old HTTP, Universal and codelyzer copies removed; zone.js 0.15.1."
2456,Retire.js Scan,Vulnerable dependency,/home/runner/work/juice-shop-DevSecOps/juice-shop-DevSecOps/frontend/node_modules/codelyzer/node_modules/zone.js/dist/zone-patch-message-port.js,,Fixed in working tree,"Angular runtime 20.3.32; old HTTP, Universal and codelyzer copies removed; zone.js 0.15.1."
2458,Retire.js Scan,Vulnerable dependency,/home/runner/work/juice-shop-DevSecOps/juice-shop-DevSecOps/frontend/node_modules/codelyzer/node_modules/zone.js/dist/zone-patch-message-port.js,,Fixed in working tree,"Angular runtime 20.3.32; old HTTP, Universal and codelyzer copies removed; zone.js 0.15.1."
2462,Retire.js Scan,Vulnerable dependency,/home/runner/work/juice-shop-DevSecOps/juice-shop-DevSecOps/frontend/node_modules/codelyzer/node_modules/zone.js/dist/zone-patch-jsonp.js,,Fixed in working tree,"Angular runtime 20.3.32; old HTTP, Universal and codelyzer copies removed; zone.js 0.15.1."
2464,Retire.js Scan,Vulnerable dependency,/home/runner/work/juice-shop-DevSecOps/juice-shop-DevSecOps/frontend/node_modules/codelyzer/node_modules/zone.js/dist/zone-patch-jsonp.js,,Fixed in working tree,"Angular runtime 20.3.32; old HTTP, Universal and codelyzer copies removed; zone.js 0.15.1."
2468,Retire.js Scan,Vulnerable dependency,/home/runner/work/juice-shop-DevSecOps/juice-shop-DevSecOps/frontend/node_modules/codelyzer/node_modules/zone.js/dist/zone-patch-message-port.min.js,,Fixed in working tree,"Angular runtime 20.3.32; old HTTP, Universal and codelyzer copies removed; zone.js 0.15.1."
2470,Retire.js Scan,Vulnerable dependency,/home/runner/work/juice-shop-DevSecOps/juice-shop-DevSecOps/frontend/node_modules/codelyzer/node_modules/zone.js/dist/zone-patch-message-port.min.js,,Fixed in working tree,"Angular runtime 20.3.32; old HTTP, Universal and codelyzer copies removed; zone.js 0.15.1."
2474,Retire.js Scan,Vulnerable dependency,/home/runner/work/juice-shop-DevSecOps/juice-shop-DevSecOps/frontend/node_modules/codelyzer/node_modules/zone.js/dist/zone-patch-promise-test.js,,Fixed in working tree,"Angular runtime 20.3.32; old HTTP, Universal and codelyzer copies removed; zone.js 0.15.1."
2476,Retire.js Scan,Vulnerable dependency,/home/runner/work/juice-shop-DevSecOps/juice-shop-DevSecOps/frontend/node_modules/codelyzer/node_modules/zone.js/dist/zone-patch-promise-test.js,,Fixed in working tree,"Angular runtime 20.3.32; old HTTP, Universal and codelyzer copies removed; zone.js 0.15.1."
2480,Retire.js Scan,Vulnerable dependency,/home/runner/work/juice-shop-DevSecOps/juice-shop-DevSecOps/frontend/node_modules/codelyzer/node_modules/zone.js/dist/zone-patch-promise-test.min.js,,Fixed in working tree,"Angular runtime 20.3.32; old HTTP, Universal and codelyzer copies removed; zone.js 0.15.1."
2482,Retire.js Scan,Vulnerable dependency,/home/runner/work/juice-shop-DevSecOps/juice-shop-DevSecOps/frontend/node_modules/codelyzer/node_modules/zone.js/dist/zone-patch-promise-test.min.js,,Fixed in working tree,"Angular runtime 20.3.32; old HTTP, Universal and codelyzer copies removed; zone.js 0.15.1."
2486,Retire.js Scan,Vulnerable dependency,/home/runner/work/juice-shop-DevSecOps/juice-shop-DevSecOps/frontend/node_modules/codelyzer/node_modules/zone.js/dist/zone-patch-resize-observer.js,,Fixed in working tree,"Angular runtime 20.3.32; old HTTP, Universal and codelyzer copies removed; zone.js 0.15.1."
2488,Retire.js Scan,Vulnerable dependency,/home/runner/work/juice-shop-DevSecOps/juice-shop-DevSecOps/frontend/node_modules/codelyzer/node_modules/zone.js/dist/zone-patch-resize-observer.js,,Fixed in working tree,"Angular runtime 20.3.32; old HTTP, Universal and codelyzer copies removed; zone.js 0.15.1."
2492,Retire.js Scan,Vulnerable dependency,/home/runner/work/juice-shop-DevSecOps/juice-shop-DevSecOps/frontend/node_modules/codelyzer/node_modules/zone.js/dist/zone-patch-resize-observer.min.js,,Fixed in working tree,"Angular runtime 20.3.32; old HTTP, Universal and codelyzer copies removed; zone.js 0.15.1."
2494,Retire.js Scan,Vulnerable dependency,/home/runner/work/juice-shop-DevSecOps/juice-shop-DevSecOps/frontend/node_modules/codelyzer/node_modules/zone.js/dist/zone-patch-resize-observer.min.js,,Fixed in working tree,"Angular runtime 20.3.32; old HTTP, Universal and codelyzer copies removed; zone.js 0.15.1."
2498,Retire.js Scan,Vulnerable dependency,/home/runner/work/juice-shop-DevSecOps/juice-shop-DevSecOps/frontend/node_modules/codelyzer/node_modules/zone.js/dist/zone-patch-rxjs-fake-async.js,,Fixed in working tree,"Angular runtime 20.3.32; old HTTP, Universal and codelyzer copies removed; zone.js 0.15.1."
2500,Retire.js Scan,Vulnerable dependency,/home/runner/work/juice-shop-DevSecOps/juice-shop-DevSecOps/frontend/node_modules/codelyzer/node_modules/zone.js/dist/zone-patch-rxjs-fake-async.js,,Fixed in working tree,"Angular runtime 20.3.32; old HTTP, Universal and codelyzer copies removed; zone.js 0.15.1."
2504,Retire.js Scan,Vulnerable dependency,/home/runner/work/juice-shop-DevSecOps/juice-shop-DevSecOps/frontend/node_modules/codelyzer/node_modules/zone.js/dist/zone-patch-rxjs-fake-async.min.js,,Fixed in working tree,"Angular runtime 20.3.32; old HTTP, Universal and codelyzer copies removed; zone.js 0.15.1."
2506,Retire.js Scan,Vulnerable dependency,/home/runner/work/juice-shop-DevSecOps/juice-shop-DevSecOps/frontend/node_modules/codelyzer/node_modules/zone.js/dist/zone-patch-rxjs-fake-async.min.js,,Fixed in working tree,"Angular runtime 20.3.32; old HTTP, Universal and codelyzer copies removed; zone.js 0.15.1."
2510,Retire.js Scan,Vulnerable dependency,/home/runner/work/juice-shop-DevSecOps/juice-shop-DevSecOps/frontend/node_modules/codelyzer/node_modules/zone.js/dist/zone-patch-rxjs.js,,Fixed in working tree,"Angular runtime 20.3.32; old HTTP, Universal and codelyzer copies removed; zone.js 0.15.1."
2512,Retire.js Scan,Vulnerable dependency,/home/runner/work/juice-shop-DevSecOps/juice-shop-DevSecOps/frontend/node_modules/codelyzer/node_modules/zone.js/dist/zone-patch-rxjs.js,,Fixed in working tree,"Angular runtime 20.3.32; old HTTP, Universal and codelyzer copies removed; zone.js 0.15.1."
2516,Retire.js Scan,Vulnerable dependency,/home/runner/work/juice-shop-DevSecOps/juice-shop-DevSecOps/frontend/node_modules/codelyzer/node_modules/zone.js/dist/zone-patch-rxjs.min.js,,Fixed in working tree,"Angular runtime 20.3.32; old HTTP, Universal and codelyzer copies removed; zone.js 0.15.1."
2518,Retire.js Scan,Vulnerable dependency,/home/runner/work/juice-shop-DevSecOps/juice-shop-DevSecOps/frontend/node_modules/codelyzer/node_modules/zone.js/dist/zone-patch-rxjs.min.js,,Fixed in working tree,"Angular runtime 20.3.32; old HTTP, Universal and codelyzer copies removed; zone.js 0.15.1."
2522,Retire.js Scan,Vulnerable dependency,/home/runner/work/juice-shop-DevSecOps/juice-shop-DevSecOps/frontend/node_modules/codelyzer/node_modules/zone.js/dist/zone-patch-socket-io.js,,Fixed in working tree,"Angular runtime 20.3.32; old HTTP, Universal and codelyzer copies removed; zone.js 0.15.1."
2524,Retire.js Scan,Vulnerable dependency,/home/runner/work/juice-shop-DevSecOps/juice-shop-DevSecOps/frontend/node_modules/codelyzer/node_modules/zone.js/dist/zone-patch-socket-io.js,,Fixed in working tree,"Angular runtime 20.3.32; old HTTP, Universal and codelyzer copies removed; zone.js 0.15.1."
2528,Retire.js Scan,Vulnerable dependency,/home/runner/work/juice-shop-DevSecOps/juice-shop-DevSecOps/frontend/node_modules/codelyzer/node_modules/zone.js/dist/zone-patch-socket-io.min.js,,Fixed in working tree,"Angular runtime 20.3.32; old HTTP, Universal and codelyzer copies removed; zone.js 0.15.1."
2530,Retire.js Scan,Vulnerable dependency,/home/runner/work/juice-shop-DevSecOps/juice-shop-DevSecOps/frontend/node_modules/codelyzer/node_modules/zone.js/dist/zone-patch-socket-io.min.js,,Fixed in working tree,"Angular runtime 20.3.32; old HTTP, Universal and codelyzer copies removed; zone.js 0.15.1."
2534,Retire.js Scan,Vulnerable dependency,/home/runner/work/juice-shop-DevSecOps/juice-shop-DevSecOps/frontend/node_modules/codelyzer/node_modules/zone.js/dist/zone-patch-user-media.js,,Fixed in working tree,"Angular runtime 20.3.32; old HTTP, Universal and codelyzer copies removed; zone.js 0.15.1."
2536,Retire.js Scan,Vulnerable dependency,/home/runner/work/juice-shop-DevSecOps/juice-shop-DevSecOps/frontend/node_modules/codelyzer/node_modules/zone.js/dist/zone-patch-user-media.js,,Fixed in working tree,"Angular runtime 20.3.32; old HTTP, Universal and codelyzer copies removed; zone.js 0.15.1."
2540,Retire.js Scan,Vulnerable dependency,/home/runner/work/juice-shop-DevSecOps/juice-shop-DevSecOps/frontend/node_modules/codelyzer/node_modules/zone.js/dist/zone-patch-user-media.min.js,,Fixed in working tree,"Angular runtime 20.3.32; old HTTP, Universal and codelyzer copies removed; zone.js 0.15.1."
2542,Retire.js Scan,Vulnerable dependency,/home/runner/work/juice-shop-DevSecOps/juice-shop-DevSecOps/frontend/node_modules/codelyzer/node_modules/zone.js/dist/zone-patch-user-media.min.js,,Fixed in working tree,"Angular runtime 20.3.32; old HTTP, Universal and codelyzer copies removed; zone.js 0.15.1."
2546,Retire.js Scan,Vulnerable dependency,/home/runner/work/juice-shop-DevSecOps/juice-shop-DevSecOps/frontend/node_modules/codelyzer/node_modules/zone.js/dist/zone-testing-bundle.js,,Fixed in working tree,"Angular runtime 20.3.32; old HTTP, Universal and codelyzer copies removed; zone.js 0.15.1."
2548,Retire.js Scan,Vulnerable dependency,/home/runner/work/juice-shop-DevSecOps/juice-shop-DevSecOps/frontend/node_modules/codelyzer/node_modules/zone.js/dist/zone-testing-bundle.js,,Fixed in working tree,"Angular runtime 20.3.32; old HTTP, Universal and codelyzer copies removed; zone.js 0.15.1."
2552,Retire.js Scan,Vulnerable dependency,/home/runner/work/juice-shop-DevSecOps/juice-shop-DevSecOps/frontend/node_modules/codelyzer/node_modules/zone.js/dist/zone-testing-bundle.min.js,,Fixed in working tree,"Angular runtime 20.3.32; old HTTP, Universal and codelyzer copies removed; zone.js 0.15.1."
2554,Retire.js Scan,Vulnerable dependency,/home/runner/work/juice-shop-DevSecOps/juice-shop-DevSecOps/frontend/node_modules/codelyzer/node_modules/zone.js/dist/zone-testing-bundle.min.js,,Fixed in working tree,"Angular runtime 20.3.32; old HTTP, Universal and codelyzer copies removed; zone.js 0.15.1."
2558,Retire.js Scan,Vulnerable dependency,/home/runner/work/juice-shop-DevSecOps/juice-shop-DevSecOps/frontend/node_modules/codelyzer/node_modules/zone.js/dist/zone-testing-node-bundle.js,,Fixed in working tree,"Angular runtime 20.3.32; old HTTP, Universal and codelyzer copies removed; zone.js 0.15.1."
2560,Retire.js Scan,Vulnerable dependency,/home/runner/work/juice-shop-DevSecOps/juice-shop-DevSecOps/frontend/node_modules/codelyzer/node_modules/zone.js/dist/zone-testing-node-bundle.js,,Fixed in working tree,"Angular runtime 20.3.32; old HTTP, Universal and codelyzer copies removed; zone.js 0.15.1."
2564,Retire.js Scan,Vulnerable dependency,/home/runner/work/juice-shop-DevSecOps/juice-shop-DevSecOps/frontend/node_modules/codelyzer/node_modules/zone.js/dist/zone-testing-node-bundle.min.js,,Fixed in working tree,"Angular runtime 20.3.32; old HTTP, Universal and codelyzer copies removed; zone.js 0.15.1."
2566,Retire.js Scan,Vulnerable dependency,/home/runner/work/juice-shop-DevSecOps/juice-shop-DevSecOps/frontend/node_modules/codelyzer/node_modules/zone.js/dist/zone-testing-node-bundle.min.js,,Fixed in working tree,"Angular runtime 20.3.32; old HTTP, Universal and codelyzer copies removed; zone.js 0.15.1."
2570,Retire.js Scan,Vulnerable dependency,/home/runner/work/juice-shop-DevSecOps/juice-shop-DevSecOps/frontend/node_modules/codelyzer/node_modules/zone.js/dist/zone-testing.js,,Fixed in working tree,"Angular runtime 20.3.32; old HTTP, Universal and codelyzer copies removed; zone.js 0.15.1."
2572,Retire.js Scan,Vulnerable dependency,/home/runner/work/juice-shop-DevSecOps/juice-shop-DevSecOps/frontend/node_modules/codelyzer/node_modules/zone.js/dist/zone-testing.js,,Fixed in working tree,"Angular runtime 20.3.32; old HTTP, Universal and codelyzer copies removed; zone.js 0.15.1."
2576,Retire.js Scan,Vulnerable dependency,/home/runner/work/juice-shop-DevSecOps/juice-shop-DevSecOps/frontend/node_modules/codelyzer/node_modules/zone.js/dist/zone-testing.min.js,,Fixed in working tree,"Angular runtime 20.3.32; old HTTP, Universal and codelyzer copies removed; zone.js 0.15.1."
2578,Retire.js Scan,Vulnerable dependency,/home/runner/work/juice-shop-DevSecOps/juice-shop-DevSecOps/frontend/node_modules/codelyzer/node_modules/zone.js/dist/zone-testing.min.js,,Fixed in working tree,"Angular runtime 20.3.32; old HTTP, Universal and codelyzer copies removed; zone.js 0.15.1."
2582,Retire.js Scan,Vulnerable dependency,/home/runner/work/juice-shop-DevSecOps/juice-shop-DevSecOps/frontend/node_modules/codelyzer/node_modules/zone.js/dist/zone.js,,Fixed in working tree,"Angular runtime 20.3.32; old HTTP, Universal and codelyzer copies removed; zone.js 0.15.1."
2584,Retire.js Scan,Vulnerable dependency,/home/runner/work/juice-shop-DevSecOps/juice-shop-DevSecOps/frontend/node_modules/codelyzer/node_modules/zone.js/dist/zone.js,,Fixed in working tree,"Angular runtime 20.3.32; old HTTP, Universal and codelyzer copies removed; zone.js 0.15.1."
2588,Retire.js Scan,Vulnerable dependency,/home/runner/work/juice-shop-DevSecOps/juice-shop-DevSecOps/frontend/node_modules/codelyzer/node_modules/zone.js/dist/zone.min.js,,Fixed in working tree,"Angular runtime 20.3.32; old HTTP, Universal and codelyzer copies removed; zone.js 0.15.1."
2590,Retire.js Scan,Vulnerable dependency,/home/runner/work/juice-shop-DevSecOps/juice-shop-DevSecOps/frontend/node_modules/codelyzer/node_modules/zone.js/dist/zone.min.js,,Fixed in working tree,"Angular runtime 20.3.32; old HTTP, Universal and codelyzer copies removed; zone.js 0.15.1."
2594,Retire.js Scan,Vulnerable dependency,/home/runner/work/juice-shop-DevSecOps/juice-shop-DevSecOps/frontend/node_modules/codelyzer/node_modules/@angular/compiler/bundles/compiler-testing.umd.js,,Fixed in working tree,"Angular runtime 20.3.32; old HTTP, Universal and codelyzer copies removed; zone.js 0.15.1."
2596,Retire.js Scan,Vulnerable dependency,/home/runner/work/juice-shop-DevSecOps/juice-shop-DevSecOps/frontend/node_modules/codelyzer/node_modules/@angular/compiler/bundles/compiler-testing.umd.js,,Fixed in working tree,"Angular runtime 20.3.32; old HTTP, Universal and codelyzer copies removed; zone.js 0.15.1."
2600,Retire.js Scan,Vulnerable dependency,/home/runner/work/juice-shop-DevSecOps/juice-shop-DevSecOps/frontend/node_modules/codelyzer/node_modules/@angular/compiler/bundles/compiler-testing.umd.min.js,,Fixed in working tree,"Angular runtime 20.3.32; old HTTP, Universal and codelyzer copies removed; zone.js 0.15.1."
2602,Retire.js Scan,Vulnerable dependency,/home/runner/work/juice-shop-DevSecOps/juice-shop-DevSecOps/frontend/node_modules/codelyzer/node_modules/@angular/compiler/bundles/compiler-testing.umd.min.js,,Fixed in working tree,"Angular runtime 20.3.32; old HTTP, Universal and codelyzer copies removed; zone.js 0.15.1."
2606,Retire.js Scan,Vulnerable dependency,/home/runner/work/juice-shop-DevSecOps/juice-shop-DevSecOps/frontend/node_modules/codelyzer/node_modules/@angular/compiler/bundles/compiler.umd.js,,Fixed in working tree,"Angular runtime 20.3.32; old HTTP, Universal and codelyzer copies removed; zone.js 0.15.1."
2608,Retire.js Scan,Vulnerable dependency,/home/runner/work/juice-shop-DevSecOps/juice-shop-DevSecOps/frontend/node_modules/codelyzer/node_modules/@angular/compiler/bundles/compiler.umd.js,,Fixed in working tree,"Angular runtime 20.3.32; old HTTP, Universal and codelyzer copies removed; zone.js 0.15.1."
2612,Retire.js Scan,Vulnerable dependency,/home/runner/work/juice-shop-DevSecOps/juice-shop-DevSecOps/frontend/node_modules/codelyzer/node_modules/@angular/compiler/bundles/compiler.umd.min.js,,Fixed in working tree,"Angular runtime 20.3.32; old HTTP, Universal and codelyzer copies removed; zone.js 0.15.1."
2614,Retire.js Scan,Vulnerable dependency,/home/runner/work/juice-shop-DevSecOps/juice-shop-DevSecOps/frontend/node_modules/codelyzer/node_modules/@angular/compiler/bundles/compiler.umd.min.js,,Fixed in working tree,"Angular runtime 20.3.32; old HTTP, Universal and codelyzer copies removed; zone.js 0.15.1."
2618,Retire.js Scan,Vulnerable dependency,/home/runner/work/juice-shop-DevSecOps/juice-shop-DevSecOps/frontend/node_modules/codelyzer/node_modules/@angular/compiler/fesm2015/compiler.js,,Fixed in working tree,"Angular runtime 20.3.32; old HTTP, Universal and codelyzer copies removed; zone.js 0.15.1."
2620,Retire.js Scan,Vulnerable dependency,/home/runner/work/juice-shop-DevSecOps/juice-shop-DevSecOps/frontend/node_modules/codelyzer/node_modules/@angular/compiler/fesm2015/compiler.js,,Fixed in working tree,"Angular runtime 20.3.32; old HTTP, Universal and codelyzer copies removed; zone.js 0.15.1."
2624,Retire.js Scan,Vulnerable dependency,/home/runner/work/juice-shop-DevSecOps/juice-shop-DevSecOps/frontend/node_modules/codelyzer/node_modules/@angular/compiler/fesm2015/testing.js,,Fixed in working tree,"Angular runtime 20.3.32; old HTTP, Universal and codelyzer copies removed; zone.js 0.15.1."
2626,Retire.js Scan,Vulnerable dependency,/home/runner/work/juice-shop-DevSecOps/juice-shop-DevSecOps/frontend/node_modules/codelyzer/node_modules/@angular/compiler/fesm2015/testing.js,,Fixed in working tree,"Angular runtime 20.3.32; old HTTP, Universal and codelyzer copies removed; zone.js 0.15.1."
2630,Retire.js Scan,Vulnerable dependency,/home/runner/work/juice-shop-DevSecOps/juice-shop-DevSecOps/frontend/node_modules/codelyzer/node_modules/@angular/compiler/fesm5/compiler.js,,Fixed in working tree,"Angular runtime 20.3.32; old HTTP, Universal and codelyzer copies removed; zone.js 0.15.1."
2632,Retire.js Scan,Vulnerable dependency,/home/runner/work/juice-shop-DevSecOps/juice-shop-DevSecOps/frontend/node_modules/codelyzer/node_modules/@angular/compiler/fesm5/compiler.js,,Fixed in working tree,"Angular runtime 20.3.32; old HTTP, Universal and codelyzer copies removed; zone.js 0.15.1."
2636,Retire.js Scan,Vulnerable dependency,/home/runner/work/juice-shop-DevSecOps/juice-shop-DevSecOps/frontend/node_modules/codelyzer/node_modules/@angular/compiler/fesm5/testing.js,,Fixed in working tree,"Angular runtime 20.3.32; old HTTP, Universal and codelyzer copies removed; zone.js 0.15.1."
2638,Retire.js Scan,Vulnerable dependency,/home/runner/work/juice-shop-DevSecOps/juice-shop-DevSecOps/frontend/node_modules/codelyzer/node_modules/@angular/compiler/fesm5/testing.js,,Fixed in working tree,"Angular runtime 20.3.32; old HTTP, Universal and codelyzer copies removed; zone.js 0.15.1."
2642,Retire.js Scan,Vulnerable dependency,/home/runner/work/juice-shop-DevSecOps/juice-shop-DevSecOps/frontend/node_modules/codelyzer/node_modules/@angular/core/bundles/core-testing.umd.js,,Fixed in working tree,"Angular runtime 20.3.32; old HTTP, Universal and codelyzer copies removed; zone.js 0.15.1."
2644,Retire.js Scan,Vulnerable dependency,/home/runner/work/juice-shop-DevSecOps/juice-shop-DevSecOps/frontend/node_modules/codelyzer/node_modules/@angular/core/bundles/core-testing.umd.js,,Fixed in working tree,"Angular runtime 20.3.32; old HTTP, Universal and codelyzer copies removed; zone.js 0.15.1."
2648,Retire.js Scan,Vulnerable dependency,/home/runner/work/juice-shop-DevSecOps/juice-shop-DevSecOps/frontend/node_modules/codelyzer/node_modules/@angular/core/bundles/core-testing.umd.min.js,,Fixed in working tree,"Angular runtime 20.3.32; old HTTP, Universal and codelyzer copies removed; zone.js 0.15.1."
2650,Retire.js Scan,Vulnerable dependency,/home/runner/work/juice-shop-DevSecOps/juice-shop-DevSecOps/frontend/node_modules/codelyzer/node_modules/@angular/core/bundles/core-testing.umd.min.js,,Fixed in working tree,"Angular runtime 20.3.32; old HTTP, Universal and codelyzer copies removed; zone.js 0.15.1."
2654,Retire.js Scan,Vulnerable dependency,/home/runner/work/juice-shop-DevSecOps/juice-shop-DevSecOps/frontend/node_modules/codelyzer/node_modules/@angular/core/bundles/core.umd.js,,Fixed in working tree,"Angular runtime 20.3.32; old HTTP, Universal and codelyzer copies removed; zone.js 0.15.1."
2656,Retire.js Scan,Vulnerable dependency,/home/runner/work/juice-shop-DevSecOps/juice-shop-DevSecOps/frontend/node_modules/codelyzer/node_modules/@angular/core/bundles/core.umd.js,,Fixed in working tree,"Angular runtime 20.3.32; old HTTP, Universal and codelyzer copies removed; zone.js 0.15.1."
2660,Retire.js Scan,Vulnerable dependency,/home/runner/work/juice-shop-DevSecOps/juice-shop-DevSecOps/frontend/node_modules/codelyzer/node_modules/@angular/core/bundles/core.umd.min.js,,Fixed in working tree,"Angular runtime 20.3.32; old HTTP, Universal and codelyzer copies removed; zone.js 0.15.1."
2662,Retire.js Scan,Vulnerable dependency,/home/runner/work/juice-shop-DevSecOps/juice-shop-DevSecOps/frontend/node_modules/codelyzer/node_modules/@angular/core/bundles/core.umd.min.js,,Fixed in working tree,"Angular runtime 20.3.32; old HTTP, Universal and codelyzer copies removed; zone.js 0.15.1."
2666,Retire.js Scan,Vulnerable dependency,/home/runner/work/juice-shop-DevSecOps/juice-shop-DevSecOps/frontend/node_modules/codelyzer/node_modules/@angular/core/fesm5/core.js,,Fixed in working tree,"Angular runtime 20.3.32; old HTTP, Universal and codelyzer copies removed; zone.js 0.15.1."
2668,Retire.js Scan,Vulnerable dependency,/home/runner/work/juice-shop-DevSecOps/juice-shop-DevSecOps/frontend/node_modules/codelyzer/node_modules/@angular/core/fesm5/core.js,,Fixed in working tree,"Angular runtime 20.3.32; old HTTP, Universal and codelyzer copies removed; zone.js 0.15.1."
2672,Retire.js Scan,Vulnerable dependency,/home/runner/work/juice-shop-DevSecOps/juice-shop-DevSecOps/frontend/node_modules/codelyzer/node_modules/@angular/core/fesm5/testing.js,,Fixed in working tree,"Angular runtime 20.3.32; old HTTP, Universal and codelyzer copies removed; zone.js 0.15.1."
2674,Retire.js Scan,Vulnerable dependency,/home/runner/work/juice-shop-DevSecOps/juice-shop-DevSecOps/frontend/node_modules/codelyzer/node_modules/@angular/core/fesm5/testing.js,,Fixed in working tree,"Angular runtime 20.3.32; old HTTP, Universal and codelyzer copies removed; zone.js 0.15.1."
2678,Retire.js Scan,Vulnerable dependency,/home/runner/work/juice-shop-DevSecOps/juice-shop-DevSecOps/frontend/node_modules/codelyzer/node_modules/@angular/core/fesm2015/core.js,,Fixed in working tree,"Angular runtime 20.3.32; old HTTP, Universal and codelyzer copies removed; zone.js 0.15.1."
2680,Retire.js Scan,Vulnerable dependency,/home/runner/work/juice-shop-DevSecOps/juice-shop-DevSecOps/frontend/node_modules/codelyzer/node_modules/@angular/core/fesm2015/core.js,,Fixed in working tree,"Angular runtime 20.3.32; old HTTP, Universal and codelyzer copies removed; zone.js 0.15.1."
2684,Retire.js Scan,Vulnerable dependency,/home/runner/work/juice-shop-DevSecOps/juice-shop-DevSecOps/frontend/node_modules/codelyzer/node_modules/@angular/core/fesm2015/testing.js,,Fixed in working tree,"Angular runtime 20.3.32; old HTTP, Universal and codelyzer copies removed; zone.js 0.15.1."
2686,Retire.js Scan,Vulnerable dependency,/home/runner/work/juice-shop-DevSecOps/juice-shop-DevSecOps/frontend/node_modules/codelyzer/node_modules/@angular/core/fesm2015/testing.js,,Fixed in working tree,"Angular runtime 20.3.32; old HTTP, Universal and codelyzer copies removed; zone.js 0.15.1."
2687,Gitleaks Scan,Known seed credentials,data/static/users.yml,88,Code fixed; deployment and rotation required,Removed predictable production seed passwords/TOTP secret and OAuth password comparison; explicit environment credentials or random passwords. Rotate any published password/TOTP values used outside this checkout.
2688,Gitleaks Scan,Known seed credentials,data/static/users.yml,150,Code fixed; deployment and rotation required,Removed predictable production seed passwords/TOTP secret and OAuth password comparison; explicit environment credentials or random passwords. Rotate any published password/TOTP values used outside this checkout.
2689,Gitleaks Scan,Published signing key,lib/insecurity.ts,22,Code fixed; deployment and rotation required,Published private key removed. Production requires private key file; RS256 verification and expiry enforced. Replace key in running deployments; invalidate old sessions. Historical commits still contain exposed key.
2690,Gitleaks Scan,Known seed credentials,routes/login.ts,66,Code fixed; deployment and rotation required,Removed predictable production seed passwords/TOTP secret and OAuth password comparison; explicit environment credentials or random passwords. Rotate any published password/TOTP values used outside this checkout.
2708,Retire.js Scan,Vulnerable dependency,/home/runner/work/juice-shop-DevSecOps/juice-shop-DevSecOps/node_modules/fast.js/dist/bench.js,,Fixed in working tree,Removed unused fast.js benchmark bundle from installed and packaged dependencies.
2709,Retire.js Scan,Vulnerable dependency,/home/runner/work/juice-shop-DevSecOps/juice-shop-DevSecOps/node_modules/fast.js/dist/bench.js,,Fixed in working tree,Removed unused fast.js benchmark bundle from installed and packaged dependencies.
2712,Retire.js Scan,Vulnerable dependency,/home/runner/work/juice-shop-DevSecOps/juice-shop-DevSecOps/frontend/node_modules/zone.js/bundles/async-stack-tagging.umd.js,,Fixed in working tree,"Angular runtime 20.3.32; old HTTP, Universal and codelyzer copies removed; zone.js 0.15.1."
2714,Retire.js Scan,Vulnerable dependency,/home/runner/work/juice-shop-DevSecOps/juice-shop-DevSecOps/frontend/node_modules/zone.js/bundles/async-stack-tagging.umd.js,,Fixed in working tree,"Angular runtime 20.3.32; old HTTP, Universal and codelyzer copies removed; zone.js 0.15.1."
2717,Retire.js Scan,Vulnerable dependency,/home/runner/work/juice-shop-DevSecOps/juice-shop-DevSecOps/frontend/node_modules/zone.js/bundles/async-test.umd.js,,Fixed in working tree,"Angular runtime 20.3.32; old HTTP, Universal and codelyzer copies removed; zone.js 0.15.1."
2719,Retire.js Scan,Vulnerable dependency,/home/runner/work/juice-shop-DevSecOps/juice-shop-DevSecOps/frontend/node_modules/zone.js/bundles/async-test.umd.js,,Fixed in working tree,"Angular runtime 20.3.32; old HTTP, Universal and codelyzer copies removed; zone.js 0.15.1."
2722,Retire.js Scan,Vulnerable dependency,/home/runner/work/juice-shop-DevSecOps/juice-shop-DevSecOps/frontend/node_modules/zone.js/bundles/async-stack-tagging.umd.min.js,,Fixed in working tree,"Angular runtime 20.3.32; old HTTP, Universal and codelyzer copies removed; zone.js 0.15.1."
2724,Retire.js Scan,Vulnerable dependency,/home/runner/work/juice-shop-DevSecOps/juice-shop-DevSecOps/frontend/node_modules/zone.js/bundles/async-stack-tagging.umd.min.js,,Fixed in working tree,"Angular runtime 20.3.32; old HTTP, Universal and codelyzer copies removed; zone.js 0.15.1."
2727,Retire.js Scan,Vulnerable dependency,/home/runner/work/juice-shop-DevSecOps/juice-shop-DevSecOps/frontend/node_modules/zone.js/bundles/async-test.umd.min.js,,Fixed in working tree,"Angular runtime 20.3.32; old HTTP, Universal and codelyzer copies removed; zone.js 0.15.1."
2729,Retire.js Scan,Vulnerable dependency,/home/runner/work/juice-shop-DevSecOps/juice-shop-DevSecOps/frontend/node_modules/zone.js/bundles/async-test.umd.min.js,,Fixed in working tree,"Angular runtime 20.3.32; old HTTP, Universal and codelyzer copies removed; zone.js 0.15.1."
2732,Retire.js Scan,Vulnerable dependency,/home/runner/work/juice-shop-DevSecOps/juice-shop-DevSecOps/frontend/node_modules/zone.js/bundles/fake-async-test.umd.min.js,,Fixed in working tree,"Angular runtime 20.3.32; old HTTP, Universal and codelyzer copies removed; zone.js 0.15.1."
2734,Retire.js Scan,Vulnerable dependency,/home/runner/work/juice-shop-DevSecOps/juice-shop-DevSecOps/frontend/node_modules/zone.js/bundles/fake-async-test.umd.min.js,,Fixed in working tree,"Angular runtime 20.3.32; old HTTP, Universal and codelyzer copies removed; zone.js 0.15.1."
2737,Retire.js Scan,Vulnerable dependency,/home/runner/work/juice-shop-DevSecOps/juice-shop-DevSecOps/frontend/node_modules/zone.js/bundles/fake-async-test.umd.js,,Fixed in working tree,"Angular runtime 20.3.32; old HTTP, Universal and codelyzer copies removed; zone.js 0.15.1."
2739,Retire.js Scan,Vulnerable dependency,/home/runner/work/juice-shop-DevSecOps/juice-shop-DevSecOps/frontend/node_modules/zone.js/bundles/fake-async-test.umd.js,,Fixed in working tree,"Angular runtime 20.3.32; old HTTP, Universal and codelyzer copies removed; zone.js 0.15.1."
2742,Retire.js Scan,Vulnerable dependency,/home/runner/work/juice-shop-DevSecOps/juice-shop-DevSecOps/frontend/node_modules/zone.js/bundles/jasmine-patch.umd.js,,Fixed in working tree,"Angular runtime 20.3.32; old HTTP, Universal and codelyzer copies removed; zone.js 0.15.1."
2744,Retire.js Scan,Vulnerable dependency,/home/runner/work/juice-shop-DevSecOps/juice-shop-DevSecOps/frontend/node_modules/zone.js/bundles/jasmine-patch.umd.js,,Fixed in working tree,"Angular runtime 20.3.32; old HTTP, Universal and codelyzer copies removed; zone.js 0.15.1."
2747,Retire.js Scan,Vulnerable dependency,/home/runner/work/juice-shop-DevSecOps/juice-shop-DevSecOps/frontend/node_modules/zone.js/bundles/jasmine-patch.umd.min.js,,Fixed in working tree,"Angular runtime 20.3.32; old HTTP, Universal and codelyzer copies removed; zone.js 0.15.1."
2749,Retire.js Scan,Vulnerable dependency,/home/runner/work/juice-shop-DevSecOps/juice-shop-DevSecOps/frontend/node_modules/zone.js/bundles/jasmine-patch.umd.min.js,,Fixed in working tree,"Angular runtime 20.3.32; old HTTP, Universal and codelyzer copies removed; zone.js 0.15.1."
2752,Retire.js Scan,Vulnerable dependency,/home/runner/work/juice-shop-DevSecOps/juice-shop-DevSecOps/frontend/node_modules/zone.js/bundles/long-stack-trace-zone.umd.js,,Fixed in working tree,"Angular runtime 20.3.32; old HTTP, Universal and codelyzer copies removed; zone.js 0.15.1."
2754,Retire.js Scan,Vulnerable dependency,/home/runner/work/juice-shop-DevSecOps/juice-shop-DevSecOps/frontend/node_modules/zone.js/bundles/long-stack-trace-zone.umd.js,,Fixed in working tree,"Angular runtime 20.3.32; old HTTP, Universal and codelyzer copies removed; zone.js 0.15.1."
2757,Retire.js Scan,Vulnerable dependency,/home/runner/work/juice-shop-DevSecOps/juice-shop-DevSecOps/frontend/node_modules/zone.js/bundles/mocha-patch.umd.js,,Fixed in working tree,"Angular runtime 20.3.32; old HTTP, Universal and codelyzer copies removed; zone.js 0.15.1."
2759,Retire.js Scan,Vulnerable dependency,/home/runner/work/juice-shop-DevSecOps/juice-shop-DevSecOps/frontend/node_modules/zone.js/bundles/mocha-patch.umd.js,,Fixed in working tree,"Angular runtime 20.3.32; old HTTP, Universal and codelyzer copies removed; zone.js 0.15.1."
2762,Retire.js Scan,Vulnerable dependency,/home/runner/work/juice-shop-DevSecOps/juice-shop-DevSecOps/frontend/node_modules/zone.js/bundles/long-stack-trace-zone.umd.min.js,,Fixed in working tree,"Angular runtime 20.3.32; old HTTP, Universal and codelyzer copies removed; zone.js 0.15.1."
2764,Retire.js Scan,Vulnerable dependency,/home/runner/work/juice-shop-DevSecOps/juice-shop-DevSecOps/frontend/node_modules/zone.js/bundles/long-stack-trace-zone.umd.min.js,,Fixed in working tree,"Angular runtime 20.3.32; old HTTP, Universal and codelyzer copies removed; zone.js 0.15.1."
2767,Retire.js Scan,Vulnerable dependency,/home/runner/work/juice-shop-DevSecOps/juice-shop-DevSecOps/frontend/node_modules/zone.js/bundles/mocha-patch.umd.min.js,,Fixed in working tree,"Angular runtime 20.3.32; old HTTP, Universal and codelyzer copies removed; zone.js 0.15.1."
2769,Retire.js Scan,Vulnerable dependency,/home/runner/work/juice-shop-DevSecOps/juice-shop-DevSecOps/frontend/node_modules/zone.js/bundles/mocha-patch.umd.min.js,,Fixed in working tree,"Angular runtime 20.3.32; old HTTP, Universal and codelyzer copies removed; zone.js 0.15.1."
2772,Retire.js Scan,Vulnerable dependency,/home/runner/work/juice-shop-DevSecOps/juice-shop-DevSecOps/frontend/node_modules/zone.js/bundles/proxy.umd.js,,Fixed in working tree,"Angular runtime 20.3.32; old HTTP, Universal and codelyzer copies removed; zone.js 0.15.1."
2774,Retire.js Scan,Vulnerable dependency,/home/runner/work/juice-shop-DevSecOps/juice-shop-DevSecOps/frontend/node_modules/zone.js/bundles/proxy.umd.js,,Fixed in working tree,"Angular runtime 20.3.32; old HTTP, Universal and codelyzer copies removed; zone.js 0.15.1."
2777,Retire.js Scan,Vulnerable dependency,/home/runner/work/juice-shop-DevSecOps/juice-shop-DevSecOps/frontend/node_modules/zone.js/bundles/proxy.umd.min.js,,Fixed in working tree,"Angular runtime 20.3.32; old HTTP, Universal and codelyzer copies removed; zone.js 0.15.1."
2779,Retire.js Scan,Vulnerable dependency,/home/runner/work/juice-shop-DevSecOps/juice-shop-DevSecOps/frontend/node_modules/zone.js/bundles/proxy.umd.min.js,,Fixed in working tree,"Angular runtime 20.3.32; old HTTP, Universal and codelyzer copies removed; zone.js 0.15.1."
2782,Retire.js Scan,Vulnerable dependency,/home/runner/work/juice-shop-DevSecOps/juice-shop-DevSecOps/frontend/node_modules/zone.js/bundles/sync-test.umd.js,,Fixed in working tree,"Angular runtime 20.3.32; old HTTP, Universal and codelyzer copies removed; zone.js 0.15.1."
2784,Retire.js Scan,Vulnerable dependency,/home/runner/work/juice-shop-DevSecOps/juice-shop-DevSecOps/frontend/node_modules/zone.js/bundles/sync-test.umd.js,,Fixed in working tree,"Angular runtime 20.3.32; old HTTP, Universal and codelyzer copies removed; zone.js 0.15.1."
2787,Retire.js Scan,Vulnerable dependency,/home/runner/work/juice-shop-DevSecOps/juice-shop-DevSecOps/frontend/node_modules/zone.js/bundles/task-tracking.umd.min.js,,Fixed in working tree,"Angular runtime 20.3.32; old HTTP, Universal and codelyzer copies removed; zone.js 0.15.1."
2789,Retire.js Scan,Vulnerable dependency,/home/runner/work/juice-shop-DevSecOps/juice-shop-DevSecOps/frontend/node_modules/zone.js/bundles/task-tracking.umd.min.js,,Fixed in working tree,"Angular runtime 20.3.32; old HTTP, Universal and codelyzer copies removed; zone.js 0.15.1."
2792,Retire.js Scan,Vulnerable dependency,/home/runner/work/juice-shop-DevSecOps/juice-shop-DevSecOps/frontend/node_modules/zone.js/bundles/task-tracking.umd.js,,Fixed in working tree,"Angular runtime 20.3.32; old HTTP, Universal and codelyzer copies removed; zone.js 0.15.1."
2794,Retire.js Scan,Vulnerable dependency,/home/runner/work/juice-shop-DevSecOps/juice-shop-DevSecOps/frontend/node_modules/zone.js/bundles/task-tracking.umd.js,,Fixed in working tree,"Angular runtime 20.3.32; old HTTP, Universal and codelyzer copies removed; zone.js 0.15.1."
2797,Retire.js Scan,Vulnerable dependency,/home/runner/work/juice-shop-DevSecOps/juice-shop-DevSecOps/frontend/node_modules/zone.js/bundles/webapis-media-query.umd.min.js,,Fixed in working tree,"Angular runtime 20.3.32; old HTTP, Universal and codelyzer copies removed; zone.js 0.15.1."
2799,Retire.js Scan,Vulnerable dependency,/home/runner/work/juice-shop-DevSecOps/juice-shop-DevSecOps/frontend/node_modules/zone.js/bundles/webapis-media-query.umd.min.js,,Fixed in working tree,"Angular runtime 20.3.32; old HTTP, Universal and codelyzer copies removed; zone.js 0.15.1."
2802,Retire.js Scan,Vulnerable dependency,/home/runner/work/juice-shop-DevSecOps/juice-shop-DevSecOps/frontend/node_modules/zone.js/bundles/webapis-media-query.umd.js,,Fixed in working tree,"Angular runtime 20.3.32; old HTTP, Universal and codelyzer copies removed; zone.js 0.15.1."
2804,Retire.js Scan,Vulnerable dependency,/home/runner/work/juice-shop-DevSecOps/juice-shop-DevSecOps/frontend/node_modules/zone.js/bundles/webapis-media-query.umd.js,,Fixed in working tree,"Angular runtime 20.3.32; old HTTP, Universal and codelyzer copies removed; zone.js 0.15.1."
2807,Retire.js Scan,Vulnerable dependency,/home/runner/work/juice-shop-DevSecOps/juice-shop-DevSecOps/frontend/node_modules/zone.js/bundles/webapis-notification.umd.js,,Fixed in working tree,"Angular runtime 20.3.32; old HTTP, Universal and codelyzer copies removed; zone.js 0.15.1."
2809,Retire.js Scan,Vulnerable dependency,/home/runner/work/juice-shop-DevSecOps/juice-shop-DevSecOps/frontend/node_modules/zone.js/bundles/webapis-notification.umd.js,,Fixed in working tree,"Angular runtime 20.3.32; old HTTP, Universal and codelyzer copies removed; zone.js 0.15.1."
2812,Retire.js Scan,Vulnerable dependency,/home/runner/work/juice-shop-DevSecOps/juice-shop-DevSecOps/frontend/node_modules/zone.js/bundles/webapis-notification.umd.min.js,,Fixed in working tree,"Angular runtime 20.3.32; old HTTP, Universal and codelyzer copies removed; zone.js 0.15.1."
2814,Retire.js Scan,Vulnerable dependency,/home/runner/work/juice-shop-DevSecOps/juice-shop-DevSecOps/frontend/node_modules/zone.js/bundles/webapis-notification.umd.min.js,,Fixed in working tree,"Angular runtime 20.3.32; old HTTP, Universal and codelyzer copies removed; zone.js 0.15.1."
2817,Retire.js Scan,Vulnerable dependency,/home/runner/work/juice-shop-DevSecOps/juice-shop-DevSecOps/frontend/node_modules/zone.js/bundles/webapis-rtc-peer-connection.umd.js,,Fixed in working tree,"Angular runtime 20.3.32; old HTTP, Universal and codelyzer copies removed; zone.js 0.15.1."
2819,Retire.js Scan,Vulnerable dependency,/home/runner/work/juice-shop-DevSecOps/juice-shop-DevSecOps/frontend/node_modules/zone.js/bundles/webapis-rtc-peer-connection.umd.js,,Fixed in working tree,"Angular runtime 20.3.32; old HTTP, Universal and codelyzer copies removed; zone.js 0.15.1."
2822,Retire.js Scan,Vulnerable dependency,/home/runner/work/juice-shop-DevSecOps/juice-shop-DevSecOps/frontend/node_modules/zone.js/bundles/webapis-rtc-peer-connection.umd.min.js,,Fixed in working tree,"Angular runtime 20.3.32; old HTTP, Universal and codelyzer copies removed; zone.js 0.15.1."
2824,Retire.js Scan,Vulnerable dependency,/home/runner/work/juice-shop-DevSecOps/juice-shop-DevSecOps/frontend/node_modules/zone.js/bundles/webapis-rtc-peer-connection.umd.min.js,,Fixed in working tree,"Angular runtime 20.3.32; old HTTP, Universal and codelyzer copies removed; zone.js 0.15.1."
2827,Retire.js Scan,Vulnerable dependency,/home/runner/work/juice-shop-DevSecOps/juice-shop-DevSecOps/frontend/node_modules/zone.js/bundles/webapis-shadydom.umd.js,,Fixed in working tree,"Angular runtime 20.3.32; old HTTP, Universal and codelyzer copies removed; zone.js 0.15.1."
2829,Retire.js Scan,Vulnerable dependency,/home/runner/work/juice-shop-DevSecOps/juice-shop-DevSecOps/frontend/node_modules/zone.js/bundles/webapis-shadydom.umd.js,,Fixed in working tree,"Angular runtime 20.3.32; old HTTP, Universal and codelyzer copies removed; zone.js 0.15.1."
2832,Retire.js Scan,Vulnerable dependency,/home/runner/work/juice-shop-DevSecOps/juice-shop-DevSecOps/frontend/node_modules/zone.js/bundles/webapis-shadydom.umd.min.js,,Fixed in working tree,"Angular runtime 20.3.32; old HTTP, Universal and codelyzer copies removed; zone.js 0.15.1."
2834,Retire.js Scan,Vulnerable dependency,/home/runner/work/juice-shop-DevSecOps/juice-shop-DevSecOps/frontend/node_modules/zone.js/bundles/webapis-shadydom.umd.min.js,,Fixed in working tree,"Angular runtime 20.3.32; old HTTP, Universal and codelyzer copies removed; zone.js 0.15.1."
2837,Retire.js Scan,Vulnerable dependency,/home/runner/work/juice-shop-DevSecOps/juice-shop-DevSecOps/frontend/node_modules/zone.js/bundles/sync-test.umd.min.js,,Fixed in working tree,"Angular runtime 20.3.32; old HTTP, Universal and codelyzer copies removed; zone.js 0.15.1."
2839,Retire.js Scan,Vulnerable dependency,/home/runner/work/juice-shop-DevSecOps/juice-shop-DevSecOps/frontend/node_modules/zone.js/bundles/sync-test.umd.min.js,,Fixed in working tree,"Angular runtime 20.3.32; old HTTP, Universal and codelyzer copies removed; zone.js 0.15.1."
2842,Retire.js Scan,Vulnerable dependency,/home/runner/work/juice-shop-DevSecOps/juice-shop-DevSecOps/frontend/node_modules/zone.js/bundles/wtf.umd.js,,Fixed in working tree,"Angular runtime 20.3.32; old HTTP, Universal and codelyzer copies removed; zone.js 0.15.1."
2844,Retire.js Scan,Vulnerable dependency,/home/runner/work/juice-shop-DevSecOps/juice-shop-DevSecOps/frontend/node_modules/zone.js/bundles/wtf.umd.js,,Fixed in working tree,"Angular runtime 20.3.32; old HTTP, Universal and codelyzer copies removed; zone.js 0.15.1."
2847,Retire.js Scan,Vulnerable dependency,/home/runner/work/juice-shop-DevSecOps/juice-shop-DevSecOps/frontend/node_modules/zone.js/bundles/zone-bluebird.umd.js,,Fixed in working tree,"Angular runtime 20.3.32; old HTTP, Universal and codelyzer copies removed; zone.js 0.15.1."
2849,Retire.js Scan,Vulnerable dependency,/home/runner/work/juice-shop-DevSecOps/juice-shop-DevSecOps/frontend/node_modules/zone.js/bundles/zone-bluebird.umd.js,,Fixed in working tree,"Angular runtime 20.3.32; old HTTP, Universal and codelyzer copies removed; zone.js 0.15.1."
2852,Retire.js Scan,Vulnerable dependency,/home/runner/work/juice-shop-DevSecOps/juice-shop-DevSecOps/frontend/node_modules/zone.js/bundles/wtf.umd.min.js,,Fixed in working tree,"Angular runtime 20.3.32; old HTTP, Universal and codelyzer copies removed; zone.js 0.15.1."
2854,Retire.js Scan,Vulnerable dependency,/home/runner/work/juice-shop-DevSecOps/juice-shop-DevSecOps/frontend/node_modules/zone.js/bundles/wtf.umd.min.js,,Fixed in working tree,"Angular runtime 20.3.32; old HTTP, Universal and codelyzer copies removed; zone.js 0.15.1."
2857,Retire.js Scan,Vulnerable dependency,/home/runner/work/juice-shop-DevSecOps/juice-shop-DevSecOps/frontend/node_modules/zone.js/bundles/zone-bluebird.umd.min.js,,Fixed in working tree,"Angular runtime 20.3.32; old HTTP, Universal and codelyzer copies removed; zone.js 0.15.1."
2859,Retire.js Scan,Vulnerable dependency,/home/runner/work/juice-shop-DevSecOps/juice-shop-DevSecOps/frontend/node_modules/zone.js/bundles/zone-bluebird.umd.min.js,,Fixed in working tree,"Angular runtime 20.3.32; old HTTP, Universal and codelyzer copies removed; zone.js 0.15.1."
2862,Retire.js Scan,Vulnerable dependency,/home/runner/work/juice-shop-DevSecOps/juice-shop-DevSecOps/frontend/node_modules/zone.js/bundles/zone-error.umd.js,,Fixed in working tree,"Angular runtime 20.3.32; old HTTP, Universal and codelyzer copies removed; zone.js 0.15.1."
2864,Retire.js Scan,Vulnerable dependency,/home/runner/work/juice-shop-DevSecOps/juice-shop-DevSecOps/frontend/node_modules/zone.js/bundles/zone-error.umd.js,,Fixed in working tree,"Angular runtime 20.3.32; old HTTP, Universal and codelyzer copies removed; zone.js 0.15.1."
2867,Retire.js Scan,Vulnerable dependency,/home/runner/work/juice-shop-DevSecOps/juice-shop-DevSecOps/frontend/node_modules/zone.js/bundles/zone-error.umd.min.js,,Fixed in working tree,"Angular runtime 20.3.32; old HTTP, Universal and codelyzer copies removed; zone.js 0.15.1."
2869,Retire.js Scan,Vulnerable dependency,/home/runner/work/juice-shop-DevSecOps/juice-shop-DevSecOps/frontend/node_modules/zone.js/bundles/zone-error.umd.min.js,,Fixed in working tree,"Angular runtime 20.3.32; old HTTP, Universal and codelyzer copies removed; zone.js 0.15.1."
2872,Retire.js Scan,Vulnerable dependency,/home/runner/work/juice-shop-DevSecOps/juice-shop-DevSecOps/frontend/node_modules/zone.js/bundles/zone-legacy.umd.js,,Fixed in working tree,"Angular runtime 20.3.32; old HTTP, Universal and codelyzer copies removed; zone.js 0.15.1."
2874,Retire.js Scan,Vulnerable dependency,/home/runner/work/juice-shop-DevSecOps/juice-shop-DevSecOps/frontend/node_modules/zone.js/bundles/zone-legacy.umd.js,,Fixed in working tree,"Angular runtime 20.3.32; old HTTP, Universal and codelyzer copies removed; zone.js 0.15.1."
2877,Retire.js Scan,Vulnerable dependency,/home/runner/work/juice-shop-DevSecOps/juice-shop-DevSecOps/frontend/node_modules/zone.js/bundles/zone-legacy.umd.min.js,,Fixed in working tree,"Angular runtime 20.3.32; old HTTP, Universal and codelyzer copies removed; zone.js 0.15.1."
2879,Retire.js Scan,Vulnerable dependency,/home/runner/work/juice-shop-DevSecOps/juice-shop-DevSecOps/frontend/node_modules/zone.js/bundles/zone-legacy.umd.min.js,,Fixed in working tree,"Angular runtime 20.3.32; old HTTP, Universal and codelyzer copies removed; zone.js 0.15.1."
2882,Retire.js Scan,Vulnerable dependency,/home/runner/work/juice-shop-DevSecOps/juice-shop-DevSecOps/frontend/node_modules/zone.js/bundles/zone-mix.umd.js,,Fixed in working tree,"Angular runtime 20.3.32; old HTTP, Universal and codelyzer copies removed; zone.js 0.15.1."
2884,Retire.js Scan,Vulnerable dependency,/home/runner/work/juice-shop-DevSecOps/juice-shop-DevSecOps/frontend/node_modules/zone.js/bundles/zone-mix.umd.js,,Fixed in working tree,"Angular runtime 20.3.32; old HTTP, Universal and codelyzer copies removed; zone.js 0.15.1."
2887,Retire.js Scan,Vulnerable dependency,/home/runner/work/juice-shop-DevSecOps/juice-shop-DevSecOps/frontend/node_modules/zone.js/bundles/zone-mix.umd.min.js,,Fixed in working tree,"Angular runtime 20.3.32; old HTTP, Universal and codelyzer copies removed; zone.js 0.15.1."
2889,Retire.js Scan,Vulnerable dependency,/home/runner/work/juice-shop-DevSecOps/juice-shop-DevSecOps/frontend/node_modules/zone.js/bundles/zone-mix.umd.min.js,,Fixed in working tree,"Angular runtime 20.3.32; old HTTP, Universal and codelyzer copies removed; zone.js 0.15.1."
2892,Retire.js Scan,Vulnerable dependency,/home/runner/work/juice-shop-DevSecOps/juice-shop-DevSecOps/frontend/node_modules/zone.js/bundles/zone-node.umd.js,,Fixed in working tree,"Angular runtime 20.3.32; old HTTP, Universal and codelyzer copies removed; zone.js 0.15.1."
2894,Retire.js Scan,Vulnerable dependency,/home/runner/work/juice-shop-DevSecOps/juice-shop-DevSecOps/frontend/node_modules/zone.js/bundles/zone-node.umd.js,,Fixed in working tree,"Angular runtime 20.3.32; old HTTP, Universal and codelyzer copies removed; zone.js 0.15.1."
2897,Retire.js Scan,Vulnerable dependency,/home/runner/work/juice-shop-DevSecOps/juice-shop-DevSecOps/frontend/node_modules/zone.js/bundles/zone-node.umd.min.js,,Fixed in working tree,"Angular runtime 20.3.32; old HTTP, Universal and codelyzer copies removed; zone.js 0.15.1."
2899,Retire.js Scan,Vulnerable dependency,/home/runner/work/juice-shop-DevSecOps/juice-shop-DevSecOps/frontend/node_modules/zone.js/bundles/zone-node.umd.min.js,,Fixed in working tree,"Angular runtime 20.3.32; old HTTP, Universal and codelyzer copies removed; zone.js 0.15.1."
2902,Retire.js Scan,Vulnerable dependency,/home/runner/work/juice-shop-DevSecOps/juice-shop-DevSecOps/frontend/node_modules/zone.js/bundles/zone-patch-canvas.umd.js,,Fixed in working tree,"Angular runtime 20.3.32; old HTTP, Universal and codelyzer copies removed; zone.js 0.15.1."
2904,Retire.js Scan,Vulnerable dependency,/home/runner/work/juice-shop-DevSecOps/juice-shop-DevSecOps/frontend/node_modules/zone.js/bundles/zone-patch-canvas.umd.js,,Fixed in working tree,"Angular runtime 20.3.32; old HTTP, Universal and codelyzer copies removed; zone.js 0.15.1."
2907,Retire.js Scan,Vulnerable dependency,/home/runner/work/juice-shop-DevSecOps/juice-shop-DevSecOps/frontend/node_modules/zone.js/bundles/zone-patch-canvas.umd.min.js,,Fixed in working tree,"Angular runtime 20.3.32; old HTTP, Universal and codelyzer copies removed; zone.js 0.15.1."
2909,Retire.js Scan,Vulnerable dependency,/home/runner/work/juice-shop-DevSecOps/juice-shop-DevSecOps/frontend/node_modules/zone.js/bundles/zone-patch-canvas.umd.min.js,,Fixed in working tree,"Angular runtime 20.3.32; old HTTP, Universal and codelyzer copies removed; zone.js 0.15.1."
2912,Retire.js Scan,Vulnerable dependency,/home/runner/work/juice-shop-DevSecOps/juice-shop-DevSecOps/frontend/node_modules/zone.js/bundles/zone-patch-cordova.umd.js,,Fixed in working tree,"Angular runtime 20.3.32; old HTTP, Universal and codelyzer copies removed; zone.js 0.15.1."
2914,Retire.js Scan,Vulnerable dependency,/home/runner/work/juice-shop-DevSecOps/juice-shop-DevSecOps/frontend/node_modules/zone.js/bundles/zone-patch-cordova.umd.js,,Fixed in working tree,"Angular runtime 20.3.32; old HTTP, Universal and codelyzer copies removed; zone.js 0.15.1."
2917,Retire.js Scan,Vulnerable dependency,/home/runner/work/juice-shop-DevSecOps/juice-shop-DevSecOps/frontend/node_modules/zone.js/bundles/zone-patch-cordova.umd.min.js,,Fixed in working tree,"Angular runtime 20.3.32; old HTTP, Universal and codelyzer copies removed; zone.js 0.15.1."
2919,Retire.js Scan,Vulnerable dependency,/home/runner/work/juice-shop-DevSecOps/juice-shop-DevSecOps/frontend/node_modules/zone.js/bundles/zone-patch-cordova.umd.min.js,,Fixed in working tree,"Angular runtime 20.3.32; old HTTP, Universal and codelyzer copies removed; zone.js 0.15.1."
2922,Retire.js Scan,Vulnerable dependency,/home/runner/work/juice-shop-DevSecOps/juice-shop-DevSecOps/frontend/node_modules/zone.js/bundles/zone-patch-electron.umd.js,,Fixed in working tree,"Angular runtime 20.3.32; old HTTP, Universal and codelyzer copies removed; zone.js 0.15.1."
2924,Retire.js Scan,Vulnerable dependency,/home/runner/work/juice-shop-DevSecOps/juice-shop-DevSecOps/frontend/node_modules/zone.js/bundles/zone-patch-electron.umd.js,,Fixed in working tree,"Angular runtime 20.3.32; old HTTP, Universal and codelyzer copies removed; zone.js 0.15.1."
2927,Retire.js Scan,Vulnerable dependency,/home/runner/work/juice-shop-DevSecOps/juice-shop-DevSecOps/frontend/node_modules/zone.js/bundles/zone-patch-electron.umd.min.js,,Fixed in working tree,"Angular runtime 20.3.32; old HTTP, Universal and codelyzer copies removed; zone.js 0.15.1."
2929,Retire.js Scan,Vulnerable dependency,/home/runner/work/juice-shop-DevSecOps/juice-shop-DevSecOps/frontend/node_modules/zone.js/bundles/zone-patch-electron.umd.min.js,,Fixed in working tree,"Angular runtime 20.3.32; old HTTP, Universal and codelyzer copies removed; zone.js 0.15.1."
2932,Retire.js Scan,Vulnerable dependency,/home/runner/work/juice-shop-DevSecOps/juice-shop-DevSecOps/frontend/node_modules/zone.js/bundles/zone-patch-fetch.umd.js,,Fixed in working tree,"Angular runtime 20.3.32; old HTTP, Universal and codelyzer copies removed; zone.js 0.15.1."
2934,Retire.js Scan,Vulnerable dependency,/home/runner/work/juice-shop-DevSecOps/juice-shop-DevSecOps/frontend/node_modules/zone.js/bundles/zone-patch-fetch.umd.js,,Fixed in working tree,"Angular runtime 20.3.32; old HTTP, Universal and codelyzer copies removed; zone.js 0.15.1."
2937,Retire.js Scan,Vulnerable dependency,/home/runner/work/juice-shop-DevSecOps/juice-shop-DevSecOps/frontend/node_modules/zone.js/bundles/zone-patch-jsonp.umd.js,,Fixed in working tree,"Angular runtime 20.3.32; old HTTP, Universal and codelyzer copies removed; zone.js 0.15.1."
2939,Retire.js Scan,Vulnerable dependency,/home/runner/work/juice-shop-DevSecOps/juice-shop-DevSecOps/frontend/node_modules/zone.js/bundles/zone-patch-jsonp.umd.js,,Fixed in working tree,"Angular runtime 20.3.32; old HTTP, Universal and codelyzer copies removed; zone.js 0.15.1."
2942,Retire.js Scan,Vulnerable dependency,/home/runner/work/juice-shop-DevSecOps/juice-shop-DevSecOps/frontend/node_modules/zone.js/bundles/zone-patch-fetch.umd.min.js,,Fixed in working tree,"Angular runtime 20.3.32; old HTTP, Universal and codelyzer copies removed; zone.js 0.15.1."
2944,Retire.js Scan,Vulnerable dependency,/home/runner/work/juice-shop-DevSecOps/juice-shop-DevSecOps/frontend/node_modules/zone.js/bundles/zone-patch-fetch.umd.min.js,,Fixed in working tree,"Angular runtime 20.3.32; old HTTP, Universal and codelyzer copies removed; zone.js 0.15.1."
2947,Retire.js Scan,Vulnerable dependency,/home/runner/work/juice-shop-DevSecOps/juice-shop-DevSecOps/frontend/node_modules/zone.js/bundles/zone-patch-jsonp.umd.min.js,,Fixed in working tree,"Angular runtime 20.3.32; old HTTP, Universal and codelyzer copies removed; zone.js 0.15.1."
2949,Retire.js Scan,Vulnerable dependency,/home/runner/work/juice-shop-DevSecOps/juice-shop-DevSecOps/frontend/node_modules/zone.js/bundles/zone-patch-jsonp.umd.min.js,,Fixed in working tree,"Angular runtime 20.3.32; old HTTP, Universal and codelyzer copies removed; zone.js 0.15.1."
2952,Retire.js Scan,Vulnerable dependency,/home/runner/work/juice-shop-DevSecOps/juice-shop-DevSecOps/frontend/node_modules/zone.js/bundles/zone-patch-message-port.umd.js,,Fixed in working tree,"Angular runtime 20.3.32; old HTTP, Universal and codelyzer copies removed; zone.js 0.15.1."
2954,Retire.js Scan,Vulnerable dependency,/home/runner/work/juice-shop-DevSecOps/juice-shop-DevSecOps/frontend/node_modules/zone.js/bundles/zone-patch-message-port.umd.js,,Fixed in working tree,"Angular runtime 20.3.32; old HTTP, Universal and codelyzer copies removed; zone.js 0.15.1."
2957,Retire.js Scan,Vulnerable dependency,/home/runner/work/juice-shop-DevSecOps/juice-shop-DevSecOps/frontend/node_modules/zone.js/bundles/zone-patch-promise-test.umd.js,,Fixed in working tree,"Angular runtime 20.3.32; old HTTP, Universal and codelyzer copies removed; zone.js 0.15.1."
2959,Retire.js Scan,Vulnerable dependency,/home/runner/work/juice-shop-DevSecOps/juice-shop-DevSecOps/frontend/node_modules/zone.js/bundles/zone-patch-promise-test.umd.js,,Fixed in working tree,"Angular runtime 20.3.32; old HTTP, Universal and codelyzer copies removed; zone.js 0.15.1."
2962,Retire.js Scan,Vulnerable dependency,/home/runner/work/juice-shop-DevSecOps/juice-shop-DevSecOps/frontend/node_modules/zone.js/bundles/zone-patch-promise-test.umd.min.js,,Fixed in working tree,"Angular runtime 20.3.32; old HTTP, Universal and codelyzer copies removed; zone.js 0.15.1."
2964,Retire.js Scan,Vulnerable dependency,/home/runner/work/juice-shop-DevSecOps/juice-shop-DevSecOps/frontend/node_modules/zone.js/bundles/zone-patch-promise-test.umd.min.js,,Fixed in working tree,"Angular runtime 20.3.32; old HTTP, Universal and codelyzer copies removed; zone.js 0.15.1."
2967,Retire.js Scan,Vulnerable dependency,/home/runner/work/juice-shop-DevSecOps/juice-shop-DevSecOps/frontend/node_modules/zone.js/bundles/zone-patch-message-port.umd.min.js,,Fixed in working tree,"Angular runtime 20.3.32; old HTTP, Universal and codelyzer copies removed; zone.js 0.15.1."
2969,Retire.js Scan,Vulnerable dependency,/home/runner/work/juice-shop-DevSecOps/juice-shop-DevSecOps/frontend/node_modules/zone.js/bundles/zone-patch-message-port.umd.min.js,,Fixed in working tree,"Angular runtime 20.3.32; old HTTP, Universal and codelyzer copies removed; zone.js 0.15.1."
2972,Retire.js Scan,Vulnerable dependency,/home/runner/work/juice-shop-DevSecOps/juice-shop-DevSecOps/frontend/node_modules/zone.js/bundles/zone-patch-resize-observer.umd.js,,Fixed in working tree,"Angular runtime 20.3.32; old HTTP, Universal and codelyzer copies removed; zone.js 0.15.1."
2974,Retire.js Scan,Vulnerable dependency,/home/runner/work/juice-shop-DevSecOps/juice-shop-DevSecOps/frontend/node_modules/zone.js/bundles/zone-patch-resize-observer.umd.js,,Fixed in working tree,"Angular runtime 20.3.32; old HTTP, Universal and codelyzer copies removed; zone.js 0.15.1."
2977,Retire.js Scan,Vulnerable dependency,/home/runner/work/juice-shop-DevSecOps/juice-shop-DevSecOps/frontend/node_modules/zone.js/bundles/zone-patch-resize-observer.umd.min.js,,Fixed in working tree,"Angular runtime 20.3.32; old HTTP, Universal and codelyzer copies removed; zone.js 0.15.1."
2979,Retire.js Scan,Vulnerable dependency,/home/runner/work/juice-shop-DevSecOps/juice-shop-DevSecOps/frontend/node_modules/zone.js/bundles/zone-patch-resize-observer.umd.min.js,,Fixed in working tree,"Angular runtime 20.3.32; old HTTP, Universal and codelyzer copies removed; zone.js 0.15.1."
2982,Retire.js Scan,Vulnerable dependency,/home/runner/work/juice-shop-DevSecOps/juice-shop-DevSecOps/frontend/node_modules/zone.js/bundles/zone-patch-rxjs-fake-async.umd.js,,Fixed in working tree,"Angular runtime 20.3.32; old HTTP, Universal and codelyzer copies removed; zone.js 0.15.1."
2984,Retire.js Scan,Vulnerable dependency,/home/runner/work/juice-shop-DevSecOps/juice-shop-DevSecOps/frontend/node_modules/zone.js/bundles/zone-patch-rxjs-fake-async.umd.js,,Fixed in working tree,"Angular runtime 20.3.32; old HTTP, Universal and codelyzer copies removed; zone.js 0.15.1."
2987,Retire.js Scan,Vulnerable dependency,/home/runner/work/juice-shop-DevSecOps/juice-shop-DevSecOps/frontend/node_modules/zone.js/bundles/zone-patch-rxjs-fake-async.umd.min.js,,Fixed in working tree,"Angular runtime 20.3.32; old HTTP, Universal and codelyzer copies removed; zone.js 0.15.1."
2989,Retire.js Scan,Vulnerable dependency,/home/runner/work/juice-shop-DevSecOps/juice-shop-DevSecOps/frontend/node_modules/zone.js/bundles/zone-patch-rxjs-fake-async.umd.min.js,,Fixed in working tree,"Angular runtime 20.3.32; old HTTP, Universal and codelyzer copies removed; zone.js 0.15.1."
2992,Retire.js Scan,Vulnerable dependency,/home/runner/work/juice-shop-DevSecOps/juice-shop-DevSecOps/frontend/node_modules/zone.js/bundles/zone-patch-rxjs.umd.js,,Fixed in working tree,"Angular runtime 20.3.32; old HTTP, Universal and codelyzer copies removed; zone.js 0.15.1."
2994,Retire.js Scan,Vulnerable dependency,/home/runner/work/juice-shop-DevSecOps/juice-shop-DevSecOps/frontend/node_modules/zone.js/bundles/zone-patch-rxjs.umd.js,,Fixed in working tree,"Angular runtime 20.3.32; old HTTP, Universal and codelyzer copies removed; zone.js 0.15.1."
2997,Retire.js Scan,Vulnerable dependency,/home/runner/work/juice-shop-DevSecOps/juice-shop-DevSecOps/frontend/node_modules/zone.js/bundles/zone-patch-socket-io.umd.js,,Fixed in working tree,"Angular runtime 20.3.32; old HTTP, Universal and codelyzer copies removed; zone.js 0.15.1."
2999,Retire.js Scan,Vulnerable dependency,/home/runner/work/juice-shop-DevSecOps/juice-shop-DevSecOps/frontend/node_modules/zone.js/bundles/zone-patch-socket-io.umd.js,,Fixed in working tree,"Angular runtime 20.3.32; old HTTP, Universal and codelyzer copies removed; zone.js 0.15.1."
3002,Retire.js Scan,Vulnerable dependency,/home/runner/work/juice-shop-DevSecOps/juice-shop-DevSecOps/frontend/node_modules/zone.js/bundles/zone-patch-rxjs.umd.min.js,,Fixed in working tree,"Angular runtime 20.3.32; old HTTP, Universal and codelyzer copies removed; zone.js 0.15.1."
3004,Retire.js Scan,Vulnerable dependency,/home/runner/work/juice-shop-DevSecOps/juice-shop-DevSecOps/frontend/node_modules/zone.js/bundles/zone-patch-rxjs.umd.min.js,,Fixed in working tree,"Angular runtime 20.3.32; old HTTP, Universal and codelyzer copies removed; zone.js 0.15.1."
3007,Retire.js Scan,Vulnerable dependency,/home/runner/work/juice-shop-DevSecOps/juice-shop-DevSecOps/frontend/node_modules/zone.js/bundles/zone-patch-socket-io.umd.min.js,,Fixed in working tree,"Angular runtime 20.3.32; old HTTP, Universal and codelyzer copies removed; zone.js 0.15.1."
3009,Retire.js Scan,Vulnerable dependency,/home/runner/work/juice-shop-DevSecOps/juice-shop-DevSecOps/frontend/node_modules/zone.js/bundles/zone-patch-socket-io.umd.min.js,,Fixed in working tree,"Angular runtime 20.3.32; old HTTP, Universal and codelyzer copies removed; zone.js 0.15.1."
3012,Retire.js Scan,Vulnerable dependency,/home/runner/work/juice-shop-DevSecOps/juice-shop-DevSecOps/frontend/node_modules/zone.js/bundles/zone-patch-user-media.umd.min.js,,Fixed in working tree,"Angular runtime 20.3.32; old HTTP, Universal and codelyzer copies removed; zone.js 0.15.1."
3014,Retire.js Scan,Vulnerable dependency,/home/runner/work/juice-shop-DevSecOps/juice-shop-DevSecOps/frontend/node_modules/zone.js/bundles/zone-patch-user-media.umd.min.js,,Fixed in working tree,"Angular runtime 20.3.32; old HTTP, Universal and codelyzer copies removed; zone.js 0.15.1."
3017,Retire.js Scan,Vulnerable dependency,/home/runner/work/juice-shop-DevSecOps/juice-shop-DevSecOps/frontend/node_modules/zone.js/bundles/zone-testing-bundle.umd.js,,Fixed in working tree,"Angular runtime 20.3.32; old HTTP, Universal and codelyzer copies removed; zone.js 0.15.1."
3019,Retire.js Scan,Vulnerable dependency,/home/runner/work/juice-shop-DevSecOps/juice-shop-DevSecOps/frontend/node_modules/zone.js/bundles/zone-testing-bundle.umd.js,,Fixed in working tree,"Angular runtime 20.3.32; old HTTP, Universal and codelyzer copies removed; zone.js 0.15.1."
3022,Retire.js Scan,Vulnerable dependency,/home/runner/work/juice-shop-DevSecOps/juice-shop-DevSecOps/frontend/node_modules/zone.js/bundles/zone-testing-bundle.umd.min.js,,Fixed in working tree,"Angular runtime 20.3.32; old HTTP, Universal and codelyzer copies removed; zone.js 0.15.1."
3024,Retire.js Scan,Vulnerable dependency,/home/runner/work/juice-shop-DevSecOps/juice-shop-DevSecOps/frontend/node_modules/zone.js/bundles/zone-testing-bundle.umd.min.js,,Fixed in working tree,"Angular runtime 20.3.32; old HTTP, Universal and codelyzer copies removed; zone.js 0.15.1."
3027,Retire.js Scan,Vulnerable dependency,/home/runner/work/juice-shop-DevSecOps/juice-shop-DevSecOps/frontend/node_modules/zone.js/bundles/zone-testing-node-bundle.umd.js,,Fixed in working tree,"Angular runtime 20.3.32; old HTTP, Universal and codelyzer copies removed; zone.js 0.15.1."
3029,Retire.js Scan,Vulnerable dependency,/home/runner/work/juice-shop-DevSecOps/juice-shop-DevSecOps/frontend/node_modules/zone.js/bundles/zone-testing-node-bundle.umd.js,,Fixed in working tree,"Angular runtime 20.3.32; old HTTP, Universal and codelyzer copies removed; zone.js 0.15.1."
3032,Retire.js Scan,Vulnerable dependency,/home/runner/work/juice-shop-DevSecOps/juice-shop-DevSecOps/frontend/node_modules/zone.js/bundles/zone-testing-node-bundle.umd.min.js,,Fixed in working tree,"Angular runtime 20.3.32; old HTTP, Universal and codelyzer copies removed; zone.js 0.15.1."
3034,Retire.js Scan,Vulnerable dependency,/home/runner/work/juice-shop-DevSecOps/juice-shop-DevSecOps/frontend/node_modules/zone.js/bundles/zone-testing-node-bundle.umd.min.js,,Fixed in working tree,"Angular runtime 20.3.32; old HTTP, Universal and codelyzer copies removed; zone.js 0.15.1."
3037,Retire.js Scan,Vulnerable dependency,/home/runner/work/juice-shop-DevSecOps/juice-shop-DevSecOps/frontend/node_modules/zone.js/bundles/zone-testing.umd.js,,Fixed in working tree,"Angular runtime 20.3.32; old HTTP, Universal and codelyzer copies removed; zone.js 0.15.1."
3039,Retire.js Scan,Vulnerable dependency,/home/runner/work/juice-shop-DevSecOps/juice-shop-DevSecOps/frontend/node_modules/zone.js/bundles/zone-testing.umd.js,,Fixed in working tree,"Angular runtime 20.3.32; old HTTP, Universal and codelyzer copies removed; zone.js 0.15.1."
3042,Retire.js Scan,Vulnerable dependency,/home/runner/work/juice-shop-DevSecOps/juice-shop-DevSecOps/frontend/node_modules/zone.js/bundles/zone-testing.umd.min.js,,Fixed in working tree,"Angular runtime 20.3.32; old HTTP, Universal and codelyzer copies removed; zone.js 0.15.1."
3044,Retire.js Scan,Vulnerable dependency,/home/runner/work/juice-shop-DevSecOps/juice-shop-DevSecOps/frontend/node_modules/zone.js/bundles/zone-testing.umd.min.js,,Fixed in working tree,"Angular runtime 20.3.32; old HTTP, Universal and codelyzer copies removed; zone.js 0.15.1."
3047,Retire.js Scan,Vulnerable dependency,/home/runner/work/juice-shop-DevSecOps/juice-shop-DevSecOps/frontend/node_modules/zone.js/bundles/zone-patch-user-media.umd.js,,Fixed in working tree,"Angular runtime 20.3.32; old HTTP, Universal and codelyzer copies removed; zone.js 0.15.1."
3049,Retire.js Scan,Vulnerable dependency,/home/runner/work/juice-shop-DevSecOps/juice-shop-DevSecOps/frontend/node_modules/zone.js/bundles/zone-patch-user-media.umd.js,,Fixed in working tree,"Angular runtime 20.3.32; old HTTP, Universal and codelyzer copies removed; zone.js 0.15.1."
3052,Retire.js Scan,Vulnerable dependency,/home/runner/work/juice-shop-DevSecOps/juice-shop-DevSecOps/frontend/node_modules/zone.js/bundles/zone.umd.js,,Fixed in working tree,"Angular runtime 20.3.32; old HTTP, Universal and codelyzer copies removed; zone.js 0.15.1."
3054,Retire.js Scan,Vulnerable dependency,/home/runner/work/juice-shop-DevSecOps/juice-shop-DevSecOps/frontend/node_modules/zone.js/bundles/zone.umd.js,,Fixed in working tree,"Angular runtime 20.3.32; old HTTP, Universal and codelyzer copies removed; zone.js 0.15.1."
3057,Retire.js Scan,Vulnerable dependency,/home/runner/work/juice-shop-DevSecOps/juice-shop-DevSecOps/frontend/node_modules/zone.js/bundles/zone.umd.min.js,,Fixed in working tree,"Angular runtime 20.3.32; old HTTP, Universal and codelyzer copies removed; zone.js 0.15.1."
3059,Retire.js Scan,Vulnerable dependency,/home/runner/work/juice-shop-DevSecOps/juice-shop-DevSecOps/frontend/node_modules/zone.js/bundles/zone.umd.min.js,,Fixed in working tree,"Angular runtime 20.3.32; old HTTP, Universal and codelyzer copies removed; zone.js 0.15.1."
3062,Retire.js Scan,Vulnerable dependency,/home/runner/work/juice-shop-DevSecOps/juice-shop-DevSecOps/frontend/node_modules/zone.js/dist/async-stack-tagging.js,,Fixed in working tree,"Angular runtime 20.3.32; old HTTP, Universal and codelyzer copies removed; zone.js 0.15.1."
3064,Retire.js Scan,Vulnerable dependency,/home/runner/work/juice-shop-DevSecOps/juice-shop-DevSecOps/frontend/node_modules/zone.js/dist/async-stack-tagging.js,,Fixed in working tree,"Angular runtime 20.3.32; old HTTP, Universal and codelyzer copies removed; zone.js 0.15.1."
3067,Retire.js Scan,Vulnerable dependency,/home/runner/work/juice-shop-DevSecOps/juice-shop-DevSecOps/frontend/node_modules/zone.js/dist/async-stack-tagging.min.js,,Fixed in working tree,"Angular runtime 20.3.32; old HTTP, Universal and codelyzer copies removed; zone.js 0.15.1."
3069,Retire.js Scan,Vulnerable dependency,/home/runner/work/juice-shop-DevSecOps/juice-shop-DevSecOps/frontend/node_modules/zone.js/dist/async-stack-tagging.min.js,,Fixed in working tree,"Angular runtime 20.3.32; old HTTP, Universal and codelyzer copies removed; zone.js 0.15.1."
3072,Retire.js Scan,Vulnerable dependency,/home/runner/work/juice-shop-DevSecOps/juice-shop-DevSecOps/frontend/node_modules/zone.js/dist/async-test.js,,Fixed in working tree,"Angular runtime 20.3.32; old HTTP, Universal and codelyzer copies removed; zone.js 0.15.1."
3074,Retire.js Scan,Vulnerable dependency,/home/runner/work/juice-shop-DevSecOps/juice-shop-DevSecOps/frontend/node_modules/zone.js/dist/async-test.js,,Fixed in working tree,"Angular runtime 20.3.32; old HTTP, Universal and codelyzer copies removed; zone.js 0.15.1."
3077,Retire.js Scan,Vulnerable dependency,/home/runner/work/juice-shop-DevSecOps/juice-shop-DevSecOps/frontend/node_modules/zone.js/dist/async-test.min.js,,Fixed in working tree,"Angular runtime 20.3.32; old HTTP, Universal and codelyzer copies removed; zone.js 0.15.1."
3079,Retire.js Scan,Vulnerable dependency,/home/runner/work/juice-shop-DevSecOps/juice-shop-DevSecOps/frontend/node_modules/zone.js/dist/async-test.min.js,,Fixed in working tree,"Angular runtime 20.3.32; old HTTP, Universal and codelyzer copies removed; zone.js 0.15.1."
3082,Retire.js Scan,Vulnerable dependency,/home/runner/work/juice-shop-DevSecOps/juice-shop-DevSecOps/frontend/node_modules/zone.js/dist/fake-async-test.js,,Fixed in working tree,"Angular runtime 20.3.32; old HTTP, Universal and codelyzer copies removed; zone.js 0.15.1."
3084,Retire.js Scan,Vulnerable dependency,/home/runner/work/juice-shop-DevSecOps/juice-shop-DevSecOps/frontend/node_modules/zone.js/dist/fake-async-test.js,,Fixed in working tree,"Angular runtime 20.3.32; old HTTP, Universal and codelyzer copies removed; zone.js 0.15.1."
3087,Retire.js Scan,Vulnerable dependency,/home/runner/work/juice-shop-DevSecOps/juice-shop-DevSecOps/frontend/node_modules/zone.js/dist/fake-async-test.min.js,,Fixed in working tree,"Angular runtime 20.3.32; old HTTP, Universal and codelyzer copies removed; zone.js 0.15.1."
3089,Retire.js Scan,Vulnerable dependency,/home/runner/work/juice-shop-DevSecOps/juice-shop-DevSecOps/frontend/node_modules/zone.js/dist/fake-async-test.min.js,,Fixed in working tree,"Angular runtime 20.3.32; old HTTP, Universal and codelyzer copies removed; zone.js 0.15.1."
3092,Retire.js Scan,Vulnerable dependency,/home/runner/work/juice-shop-DevSecOps/juice-shop-DevSecOps/frontend/node_modules/zone.js/dist/jasmine-patch.js,,Fixed in working tree,"Angular runtime 20.3.32; old HTTP, Universal and codelyzer copies removed; zone.js 0.15.1."
3094,Retire.js Scan,Vulnerable dependency,/home/runner/work/juice-shop-DevSecOps/juice-shop-DevSecOps/frontend/node_modules/zone.js/dist/jasmine-patch.js,,Fixed in working tree,"Angular runtime 20.3.32; old HTTP, Universal and codelyzer copies removed; zone.js 0.15.1."
3097,Retire.js Scan,Vulnerable dependency,/home/runner/work/juice-shop-DevSecOps/juice-shop-DevSecOps/frontend/node_modules/zone.js/dist/jasmine-patch.min.js,,Fixed in working tree,"Angular runtime 20.3.32; old HTTP, Universal and codelyzer copies removed; zone.js 0.15.1."
3099,Retire.js Scan,Vulnerable dependency,/home/runner/work/juice-shop-DevSecOps/juice-shop-DevSecOps/frontend/node_modules/zone.js/dist/jasmine-patch.min.js,,Fixed in working tree,"Angular runtime 20.3.32; old HTTP, Universal and codelyzer copies removed; zone.js 0.15.1."
3102,Retire.js Scan,Vulnerable dependency,/home/runner/work/juice-shop-DevSecOps/juice-shop-DevSecOps/frontend/node_modules/zone.js/dist/long-stack-trace-zone.js,,Fixed in working tree,"Angular runtime 20.3.32; old HTTP, Universal and codelyzer copies removed; zone.js 0.15.1."
3104,Retire.js Scan,Vulnerable dependency,/home/runner/work/juice-shop-DevSecOps/juice-shop-DevSecOps/frontend/node_modules/zone.js/dist/long-stack-trace-zone.js,,Fixed in working tree,"Angular runtime 20.3.32; old HTTP, Universal and codelyzer copies removed; zone.js 0.15.1."
3107,Retire.js Scan,Vulnerable dependency,/home/runner/work/juice-shop-DevSecOps/juice-shop-DevSecOps/frontend/node_modules/zone.js/dist/long-stack-trace-zone.min.js,,Fixed in working tree,"Angular runtime 20.3.32; old HTTP, Universal and codelyzer copies removed; zone.js 0.15.1."
3109,Retire.js Scan,Vulnerable dependency,/home/runner/work/juice-shop-DevSecOps/juice-shop-DevSecOps/frontend/node_modules/zone.js/dist/long-stack-trace-zone.min.js,,Fixed in working tree,"Angular runtime 20.3.32; old HTTP, Universal and codelyzer copies removed; zone.js 0.15.1."
3112,Retire.js Scan,Vulnerable dependency,/home/runner/work/juice-shop-DevSecOps/juice-shop-DevSecOps/frontend/node_modules/zone.js/dist/mocha-patch.min.js,,Fixed in working tree,"Angular runtime 20.3.32; old HTTP, Universal and codelyzer copies removed; zone.js 0.15.1."
3114,Retire.js Scan,Vulnerable dependency,/home/runner/work/juice-shop-DevSecOps/juice-shop-DevSecOps/frontend/node_modules/zone.js/dist/mocha-patch.min.js,,Fixed in working tree,"Angular runtime 20.3.32; old HTTP, Universal and codelyzer copies removed; zone.js 0.15.1."
3117,Retire.js Scan,Vulnerable dependency,/home/runner/work/juice-shop-DevSecOps/juice-shop-DevSecOps/frontend/node_modules/zone.js/dist/mocha-patch.js,,Fixed in working tree,"Angular runtime 20.3.32; old HTTP, Universal and codelyzer copies removed; zone.js 0.15.1."
3119,Retire.js Scan,Vulnerable dependency,/home/runner/work/juice-shop-DevSecOps/juice-shop-DevSecOps/frontend/node_modules/zone.js/dist/mocha-patch.js,,Fixed in working tree,"Angular runtime 20.3.32; old HTTP, Universal and codelyzer copies removed; zone.js 0.15.1."
3122,Retire.js Scan,Vulnerable dependency,/home/runner/work/juice-shop-DevSecOps/juice-shop-DevSecOps/frontend/node_modules/zone.js/dist/proxy.js,,Fixed in working tree,"Angular runtime 20.3.32; old HTTP, Universal and codelyzer copies removed; zone.js 0.15.1."
3124,Retire.js Scan,Vulnerable dependency,/home/runner/work/juice-shop-DevSecOps/juice-shop-DevSecOps/frontend/node_modules/zone.js/dist/proxy.js,,Fixed in working tree,"Angular runtime 20.3.32; old HTTP, Universal and codelyzer copies removed; zone.js 0.15.1."
3127,Retire.js Scan,Vulnerable dependency,/home/runner/work/juice-shop-DevSecOps/juice-shop-DevSecOps/frontend/node_modules/zone.js/dist/proxy.min.js,,Fixed in working tree,"Angular runtime 20.3.32; old HTTP, Universal and codelyzer copies removed; zone.js 0.15.1."
3129,Retire.js Scan,Vulnerable dependency,/home/runner/work/juice-shop-DevSecOps/juice-shop-DevSecOps/frontend/node_modules/zone.js/dist/proxy.min.js,,Fixed in working tree,"Angular runtime 20.3.32; old HTTP, Universal and codelyzer copies removed; zone.js 0.15.1."
3132,Retire.js Scan,Vulnerable dependency,/home/runner/work/juice-shop-DevSecOps/juice-shop-DevSecOps/frontend/node_modules/zone.js/dist/sync-test.js,,Fixed in working tree,"Angular runtime 20.3.32; old HTTP, Universal and codelyzer copies removed; zone.js 0.15.1."
3134,Retire.js Scan,Vulnerable dependency,/home/runner/work/juice-shop-DevSecOps/juice-shop-DevSecOps/frontend/node_modules/zone.js/dist/sync-test.js,,Fixed in working tree,"Angular runtime 20.3.32; old HTTP, Universal and codelyzer copies removed; zone.js 0.15.1."
3137,Retire.js Scan,Vulnerable dependency,/home/runner/work/juice-shop-DevSecOps/juice-shop-DevSecOps/frontend/node_modules/zone.js/dist/sync-test.min.js,,Fixed in working tree,"Angular runtime 20.3.32; old HTTP, Universal and codelyzer copies removed; zone.js 0.15.1."
3139,Retire.js Scan,Vulnerable dependency,/home/runner/work/juice-shop-DevSecOps/juice-shop-DevSecOps/frontend/node_modules/zone.js/dist/sync-test.min.js,,Fixed in working tree,"Angular runtime 20.3.32; old HTTP, Universal and codelyzer copies removed; zone.js 0.15.1."
3142,Retire.js Scan,Vulnerable dependency,/home/runner/work/juice-shop-DevSecOps/juice-shop-DevSecOps/frontend/node_modules/zone.js/dist/task-tracking.js,,Fixed in working tree,"Angular runtime 20.3.32; old HTTP, Universal and codelyzer copies removed; zone.js 0.15.1."
3144,Retire.js Scan,Vulnerable dependency,/home/runner/work/juice-shop-DevSecOps/juice-shop-DevSecOps/frontend/node_modules/zone.js/dist/task-tracking.js,,Fixed in working tree,"Angular runtime 20.3.32; old HTTP, Universal and codelyzer copies removed; zone.js 0.15.1."
3147,Retire.js Scan,Vulnerable dependency,/home/runner/work/juice-shop-DevSecOps/juice-shop-DevSecOps/frontend/node_modules/zone.js/dist/task-tracking.min.js,,Fixed in working tree,"Angular runtime 20.3.32; old HTTP, Universal and codelyzer copies removed; zone.js 0.15.1."
3149,Retire.js Scan,Vulnerable dependency,/home/runner/work/juice-shop-DevSecOps/juice-shop-DevSecOps/frontend/node_modules/zone.js/dist/task-tracking.min.js,,Fixed in working tree,"Angular runtime 20.3.32; old HTTP, Universal and codelyzer copies removed; zone.js 0.15.1."
3152,Retire.js Scan,Vulnerable dependency,/home/runner/work/juice-shop-DevSecOps/juice-shop-DevSecOps/frontend/node_modules/zone.js/dist/webapis-media-query.js,,Fixed in working tree,"Angular runtime 20.3.32; old HTTP, Universal and codelyzer copies removed; zone.js 0.15.1."
3154,Retire.js Scan,Vulnerable dependency,/home/runner/work/juice-shop-DevSecOps/juice-shop-DevSecOps/frontend/node_modules/zone.js/dist/webapis-media-query.js,,Fixed in working tree,"Angular runtime 20.3.32; old HTTP, Universal and codelyzer copies removed; zone.js 0.15.1."
3157,Retire.js Scan,Vulnerable dependency,/home/runner/work/juice-shop-DevSecOps/juice-shop-DevSecOps/frontend/node_modules/zone.js/dist/webapis-media-query.min.js,,Fixed in working tree,"Angular runtime 20.3.32; old HTTP, Universal and codelyzer copies removed; zone.js 0.15.1."
3159,Retire.js Scan,Vulnerable dependency,/home/runner/work/juice-shop-DevSecOps/juice-shop-DevSecOps/frontend/node_modules/zone.js/dist/webapis-media-query.min.js,,Fixed in working tree,"Angular runtime 20.3.32; old HTTP, Universal and codelyzer copies removed; zone.js 0.15.1."
3162,Retire.js Scan,Vulnerable dependency,/home/runner/work/juice-shop-DevSecOps/juice-shop-DevSecOps/frontend/node_modules/zone.js/dist/webapis-notification.js,,Fixed in working tree,"Angular runtime 20.3.32; old HTTP, Universal and codelyzer copies removed; zone.js 0.15.1."
3164,Retire.js Scan,Vulnerable dependency,/home/runner/work/juice-shop-DevSecOps/juice-shop-DevSecOps/frontend/node_modules/zone.js/dist/webapis-notification.js,,Fixed in working tree,"Angular runtime 20.3.32; old HTTP, Universal and codelyzer copies removed; zone.js 0.15.1."
3167,Retire.js Scan,Vulnerable dependency,/home/runner/work/juice-shop-DevSecOps/juice-shop-DevSecOps/frontend/node_modules/zone.js/dist/webapis-notification.min.js,,Fixed in working tree,"Angular runtime 20.3.32; old HTTP, Universal and codelyzer copies removed; zone.js 0.15.1."
3169,Retire.js Scan,Vulnerable dependency,/home/runner/work/juice-shop-DevSecOps/juice-shop-DevSecOps/frontend/node_modules/zone.js/dist/webapis-notification.min.js,,Fixed in working tree,"Angular runtime 20.3.32; old HTTP, Universal and codelyzer copies removed; zone.js 0.15.1."
3172,Retire.js Scan,Vulnerable dependency,/home/runner/work/juice-shop-DevSecOps/juice-shop-DevSecOps/frontend/node_modules/zone.js/dist/webapis-rtc-peer-connection.js,,Fixed in working tree,"Angular runtime 20.3.32; old HTTP, Universal and codelyzer copies removed; zone.js 0.15.1."
3174,Retire.js Scan,Vulnerable dependency,/home/runner/work/juice-shop-DevSecOps/juice-shop-DevSecOps/frontend/node_modules/zone.js/dist/webapis-rtc-peer-connection.js,,Fixed in working tree,"Angular runtime 20.3.32; old HTTP, Universal and codelyzer copies removed; zone.js 0.15.1."
3177,Retire.js Scan,Vulnerable dependency,/home/runner/work/juice-shop-DevSecOps/juice-shop-DevSecOps/frontend/node_modules/zone.js/dist/webapis-rtc-peer-connection.min.js,,Fixed in working tree,"Angular runtime 20.3.32; old HTTP, Universal and codelyzer copies removed; zone.js 0.15.1."
3179,Retire.js Scan,Vulnerable dependency,/home/runner/work/juice-shop-DevSecOps/juice-shop-DevSecOps/frontend/node_modules/zone.js/dist/webapis-rtc-peer-connection.min.js,,Fixed in working tree,"Angular runtime 20.3.32; old HTTP, Universal and codelyzer copies removed; zone.js 0.15.1."
3182,Retire.js Scan,Vulnerable dependency,/home/runner/work/juice-shop-DevSecOps/juice-shop-DevSecOps/frontend/node_modules/zone.js/dist/webapis-shadydom.js,,Fixed in working tree,"Angular runtime 20.3.32; old HTTP, Universal and codelyzer copies removed; zone.js 0.15.1."
3184,Retire.js Scan,Vulnerable dependency,/home/runner/work/juice-shop-DevSecOps/juice-shop-DevSecOps/frontend/node_modules/zone.js/dist/webapis-shadydom.js,,Fixed in working tree,"Angular runtime 20.3.32; old HTTP, Universal and codelyzer copies removed; zone.js 0.15.1."
3187,Retire.js Scan,Vulnerable dependency,/home/runner/work/juice-shop-DevSecOps/juice-shop-DevSecOps/frontend/node_modules/zone.js/dist/wtf.js,,Fixed in working tree,"Angular runtime 20.3.32; old HTTP, Universal and codelyzer copies removed; zone.js 0.15.1."
3189,Retire.js Scan,Vulnerable dependency,/home/runner/work/juice-shop-DevSecOps/juice-shop-DevSecOps/frontend/node_modules/zone.js/dist/wtf.js,,Fixed in working tree,"Angular runtime 20.3.32; old HTTP, Universal and codelyzer copies removed; zone.js 0.15.1."
3192,Retire.js Scan,Vulnerable dependency,/home/runner/work/juice-shop-DevSecOps/juice-shop-DevSecOps/frontend/node_modules/zone.js/dist/wtf.min.js,,Fixed in working tree,"Angular runtime 20.3.32; old HTTP, Universal and codelyzer copies removed; zone.js 0.15.1."
3194,Retire.js Scan,Vulnerable dependency,/home/runner/work/juice-shop-DevSecOps/juice-shop-DevSecOps/frontend/node_modules/zone.js/dist/wtf.min.js,,Fixed in working tree,"Angular runtime 20.3.32; old HTTP, Universal and codelyzer copies removed; zone.js 0.15.1."
3197,Retire.js Scan,Vulnerable dependency,/home/runner/work/juice-shop-DevSecOps/juice-shop-DevSecOps/frontend/node_modules/zone.js/dist/webapis-shadydom.min.js,,Fixed in working tree,"Angular runtime 20.3.32; old HTTP, Universal and codelyzer copies removed; zone.js 0.15.1."
3199,Retire.js Scan,Vulnerable dependency,/home/runner/work/juice-shop-DevSecOps/juice-shop-DevSecOps/frontend/node_modules/zone.js/dist/webapis-shadydom.min.js,,Fixed in working tree,"Angular runtime 20.3.32; old HTTP, Universal and codelyzer copies removed; zone.js 0.15.1."
3202,Retire.js Scan,Vulnerable dependency,/home/runner/work/juice-shop-DevSecOps/juice-shop-DevSecOps/frontend/node_modules/zone.js/dist/zone-bluebird.js,,Fixed in working tree,"Angular runtime 20.3.32; old HTTP, Universal and codelyzer copies removed; zone.js 0.15.1."
3204,Retire.js Scan,Vulnerable dependency,/home/runner/work/juice-shop-DevSecOps/juice-shop-DevSecOps/frontend/node_modules/zone.js/dist/zone-bluebird.js,,Fixed in working tree,"Angular runtime 20.3.32; old HTTP, Universal and codelyzer copies removed; zone.js 0.15.1."
3207,Retire.js Scan,Vulnerable dependency,/home/runner/work/juice-shop-DevSecOps/juice-shop-DevSecOps/frontend/node_modules/zone.js/dist/zone-bluebird.min.js,,Fixed in working tree,"Angular runtime 20.3.32; old HTTP, Universal and codelyzer copies removed; zone.js 0.15.1."
3209,Retire.js Scan,Vulnerable dependency,/home/runner/work/juice-shop-DevSecOps/juice-shop-DevSecOps/frontend/node_modules/zone.js/dist/zone-bluebird.min.js,,Fixed in working tree,"Angular runtime 20.3.32; old HTTP, Universal and codelyzer copies removed; zone.js 0.15.1."
3212,Retire.js Scan,Vulnerable dependency,/home/runner/work/juice-shop-DevSecOps/juice-shop-DevSecOps/frontend/node_modules/zone.js/dist/zone-error.js,,Fixed in working tree,"Angular runtime 20.3.32; old HTTP, Universal and codelyzer copies removed; zone.js 0.15.1."
3214,Retire.js Scan,Vulnerable dependency,/home/runner/work/juice-shop-DevSecOps/juice-shop-DevSecOps/frontend/node_modules/zone.js/dist/zone-error.js,,Fixed in working tree,"Angular runtime 20.3.32; old HTTP, Universal and codelyzer copies removed; zone.js 0.15.1."
3217,Retire.js Scan,Vulnerable dependency,/home/runner/work/juice-shop-DevSecOps/juice-shop-DevSecOps/frontend/node_modules/zone.js/dist/zone-error.min.js,,Fixed in working tree,"Angular runtime 20.3.32; old HTTP, Universal and codelyzer copies removed; zone.js 0.15.1."
3219,Retire.js Scan,Vulnerable dependency,/home/runner/work/juice-shop-DevSecOps/juice-shop-DevSecOps/frontend/node_modules/zone.js/dist/zone-error.min.js,,Fixed in working tree,"Angular runtime 20.3.32; old HTTP, Universal and codelyzer copies removed; zone.js 0.15.1."
3222,Retire.js Scan,Vulnerable dependency,/home/runner/work/juice-shop-DevSecOps/juice-shop-DevSecOps/frontend/node_modules/zone.js/dist/zone-evergreen-testing-bundle.js,,Fixed in working tree,"Angular runtime 20.3.32; old HTTP, Universal and codelyzer copies removed; zone.js 0.15.1."
3224,Retire.js Scan,Vulnerable dependency,/home/runner/work/juice-shop-DevSecOps/juice-shop-DevSecOps/frontend/node_modules/zone.js/dist/zone-evergreen-testing-bundle.js,,Fixed in working tree,"Angular runtime 20.3.32; old HTTP, Universal and codelyzer copies removed; zone.js 0.15.1."
3227,Retire.js Scan,Vulnerable dependency,/home/runner/work/juice-shop-DevSecOps/juice-shop-DevSecOps/frontend/node_modules/zone.js/dist/zone-evergreen-testing-bundle.min.js,,Fixed in working tree,"Angular runtime 20.3.32; old HTTP, Universal and codelyzer copies removed; zone.js 0.15.1."
3229,Retire.js Scan,Vulnerable dependency,/home/runner/work/juice-shop-DevSecOps/juice-shop-DevSecOps/frontend/node_modules/zone.js/dist/zone-evergreen-testing-bundle.min.js,,Fixed in working tree,"Angular runtime 20.3.32; old HTTP, Universal and codelyzer copies removed; zone.js 0.15.1."
3232,Retire.js Scan,Vulnerable dependency,/home/runner/work/juice-shop-DevSecOps/juice-shop-DevSecOps/frontend/node_modules/zone.js/dist/zone-evergreen.js,,Fixed in working tree,"Angular runtime 20.3.32; old HTTP, Universal and codelyzer copies removed; zone.js 0.15.1."
3234,Retire.js Scan,Vulnerable dependency,/home/runner/work/juice-shop-DevSecOps/juice-shop-DevSecOps/frontend/node_modules/zone.js/dist/zone-evergreen.js,,Fixed in working tree,"Angular runtime 20.3.32; old HTTP, Universal and codelyzer copies removed; zone.js 0.15.1."
3237,Retire.js Scan,Vulnerable dependency,/home/runner/work/juice-shop-DevSecOps/juice-shop-DevSecOps/frontend/node_modules/zone.js/dist/zone-evergreen.min.js,,Fixed in working tree,"Angular runtime 20.3.32; old HTTP, Universal and codelyzer copies removed; zone.js 0.15.1."
3239,Retire.js Scan,Vulnerable dependency,/home/runner/work/juice-shop-DevSecOps/juice-shop-DevSecOps/frontend/node_modules/zone.js/dist/zone-evergreen.min.js,,Fixed in working tree,"Angular runtime 20.3.32; old HTTP, Universal and codelyzer copies removed; zone.js 0.15.1."
3242,Retire.js Scan,Vulnerable dependency,/home/runner/work/juice-shop-DevSecOps/juice-shop-DevSecOps/frontend/node_modules/zone.js/dist/zone-legacy.js,,Fixed in working tree,"Angular runtime 20.3.32; old HTTP, Universal and codelyzer copies removed; zone.js 0.15.1."
3244,Retire.js Scan,Vulnerable dependency,/home/runner/work/juice-shop-DevSecOps/juice-shop-DevSecOps/frontend/node_modules/zone.js/dist/zone-legacy.js,,Fixed in working tree,"Angular runtime 20.3.32; old HTTP, Universal and codelyzer copies removed; zone.js 0.15.1."
3247,Retire.js Scan,Vulnerable dependency,/home/runner/work/juice-shop-DevSecOps/juice-shop-DevSecOps/frontend/node_modules/zone.js/dist/zone-legacy.min.js,,Fixed in working tree,"Angular runtime 20.3.32; old HTTP, Universal and codelyzer copies removed; zone.js 0.15.1."
3249,Retire.js Scan,Vulnerable dependency,/home/runner/work/juice-shop-DevSecOps/juice-shop-DevSecOps/frontend/node_modules/zone.js/dist/zone-legacy.min.js,,Fixed in working tree,"Angular runtime 20.3.32; old HTTP, Universal and codelyzer copies removed; zone.js 0.15.1."
3252,Retire.js Scan,Vulnerable dependency,/home/runner/work/juice-shop-DevSecOps/juice-shop-DevSecOps/frontend/node_modules/zone.js/dist/zone-mix.min.js,,Fixed in working tree,"Angular runtime 20.3.32; old HTTP, Universal and codelyzer copies removed; zone.js 0.15.1."
3254,Retire.js Scan,Vulnerable dependency,/home/runner/work/juice-shop-DevSecOps/juice-shop-DevSecOps/frontend/node_modules/zone.js/dist/zone-mix.min.js,,Fixed in working tree,"Angular runtime 20.3.32; old HTTP, Universal and codelyzer copies removed; zone.js 0.15.1."
3257,Retire.js Scan,Vulnerable dependency,/home/runner/work/juice-shop-DevSecOps/juice-shop-DevSecOps/frontend/node_modules/zone.js/dist/zone-mix.js,,Fixed in working tree,"Angular runtime 20.3.32; old HTTP, Universal and codelyzer copies removed; zone.js 0.15.1."
3259,Retire.js Scan,Vulnerable dependency,/home/runner/work/juice-shop-DevSecOps/juice-shop-DevSecOps/frontend/node_modules/zone.js/dist/zone-mix.js,,Fixed in working tree,"Angular runtime 20.3.32; old HTTP, Universal and codelyzer copies removed; zone.js 0.15.1."
3262,Retire.js Scan,Vulnerable dependency,/home/runner/work/juice-shop-DevSecOps/juice-shop-DevSecOps/frontend/node_modules/zone.js/dist/zone-node.js,,Fixed in working tree,"Angular runtime 20.3.32; old HTTP, Universal and codelyzer copies removed; zone.js 0.15.1."
3264,Retire.js Scan,Vulnerable dependency,/home/runner/work/juice-shop-DevSecOps/juice-shop-DevSecOps/frontend/node_modules/zone.js/dist/zone-node.js,,Fixed in working tree,"Angular runtime 20.3.32; old HTTP, Universal and codelyzer copies removed; zone.js 0.15.1."
3267,Retire.js Scan,Vulnerable dependency,/home/runner/work/juice-shop-DevSecOps/juice-shop-DevSecOps/frontend/node_modules/zone.js/dist/zone-node.min.js,,Fixed in working tree,"Angular runtime 20.3.32; old HTTP, Universal and codelyzer copies removed; zone.js 0.15.1."
3269,Retire.js Scan,Vulnerable dependency,/home/runner/work/juice-shop-DevSecOps/juice-shop-DevSecOps/frontend/node_modules/zone.js/dist/zone-node.min.js,,Fixed in working tree,"Angular runtime 20.3.32; old HTTP, Universal and codelyzer copies removed; zone.js 0.15.1."
3272,Retire.js Scan,Vulnerable dependency,/home/runner/work/juice-shop-DevSecOps/juice-shop-DevSecOps/frontend/node_modules/zone.js/dist/zone-patch-canvas.js,,Fixed in working tree,"Angular runtime 20.3.32; old HTTP, Universal and codelyzer copies removed; zone.js 0.15.1."
3274,Retire.js Scan,Vulnerable dependency,/home/runner/work/juice-shop-DevSecOps/juice-shop-DevSecOps/frontend/node_modules/zone.js/dist/zone-patch-canvas.js,,Fixed in working tree,"Angular runtime 20.3.32; old HTTP, Universal and codelyzer copies removed; zone.js 0.15.1."
3277,Retire.js Scan,Vulnerable dependency,/home/runner/work/juice-shop-DevSecOps/juice-shop-DevSecOps/frontend/node_modules/zone.js/dist/zone-patch-canvas.min.js,,Fixed in working tree,"Angular runtime 20.3.32; old HTTP, Universal and codelyzer copies removed; zone.js 0.15.1."
3279,Retire.js Scan,Vulnerable dependency,/home/runner/work/juice-shop-DevSecOps/juice-shop-DevSecOps/frontend/node_modules/zone.js/dist/zone-patch-canvas.min.js,,Fixed in working tree,"Angular runtime 20.3.32; old HTTP, Universal and codelyzer copies removed; zone.js 0.15.1."
3282,Retire.js Scan,Vulnerable dependency,/home/runner/work/juice-shop-DevSecOps/juice-shop-DevSecOps/frontend/node_modules/zone.js/dist/zone-patch-cordova.js,,Fixed in working tree,"Angular runtime 20.3.32; old HTTP, Universal and codelyzer copies removed; zone.js 0.15.1."
3284,Retire.js Scan,Vulnerable dependency,/home/runner/work/juice-shop-DevSecOps/juice-shop-DevSecOps/frontend/node_modules/zone.js/dist/zone-patch-cordova.js,,Fixed in working tree,"Angular runtime 20.3.32; old HTTP, Universal and codelyzer copies removed; zone.js 0.15.1."
3287,Retire.js Scan,Vulnerable dependency,/home/runner/work/juice-shop-DevSecOps/juice-shop-DevSecOps/frontend/node_modules/zone.js/dist/zone-patch-cordova.min.js,,Fixed in working tree,"Angular runtime 20.3.32; old HTTP, Universal and codelyzer copies removed; zone.js 0.15.1."
3289,Retire.js Scan,Vulnerable dependency,/home/runner/work/juice-shop-DevSecOps/juice-shop-DevSecOps/frontend/node_modules/zone.js/dist/zone-patch-cordova.min.js,,Fixed in working tree,"Angular runtime 20.3.32; old HTTP, Universal and codelyzer copies removed; zone.js 0.15.1."
3292,Retire.js Scan,Vulnerable dependency,/home/runner/work/juice-shop-DevSecOps/juice-shop-DevSecOps/frontend/node_modules/zone.js/dist/zone-patch-electron.js,,Fixed in working tree,"Angular runtime 20.3.32; old HTTP, Universal and codelyzer copies removed; zone.js 0.15.1."
3294,Retire.js Scan,Vulnerable dependency,/home/runner/work/juice-shop-DevSecOps/juice-shop-DevSecOps/frontend/node_modules/zone.js/dist/zone-patch-electron.js,,Fixed in working tree,"Angular runtime 20.3.32; old HTTP, Universal and codelyzer copies removed; zone.js 0.15.1."
3297,Retire.js Scan,Vulnerable dependency,/home/runner/work/juice-shop-DevSecOps/juice-shop-DevSecOps/frontend/node_modules/zone.js/dist/zone-patch-electron.min.js,,Fixed in working tree,"Angular runtime 20.3.32; old HTTP, Universal and codelyzer copies removed; zone.js 0.15.1."
3299,Retire.js Scan,Vulnerable dependency,/home/runner/work/juice-shop-DevSecOps/juice-shop-DevSecOps/frontend/node_modules/zone.js/dist/zone-patch-electron.min.js,,Fixed in working tree,"Angular runtime 20.3.32; old HTTP, Universal and codelyzer copies removed; zone.js 0.15.1."
3302,Retire.js Scan,Vulnerable dependency,/home/runner/work/juice-shop-DevSecOps/juice-shop-DevSecOps/frontend/node_modules/zone.js/dist/zone-patch-fetch.js,,Fixed in working tree,"Angular runtime 20.3.32; old HTTP, Universal and codelyzer copies removed; zone.js 0.15.1."
3304,Retire.js Scan,Vulnerable dependency,/home/runner/work/juice-shop-DevSecOps/juice-shop-DevSecOps/frontend/node_modules/zone.js/dist/zone-patch-fetch.js,,Fixed in working tree,"Angular runtime 20.3.32; old HTTP, Universal and codelyzer copies removed; zone.js 0.15.1."
3307,Retire.js Scan,Vulnerable dependency,/home/runner/work/juice-shop-DevSecOps/juice-shop-DevSecOps/frontend/node_modules/zone.js/dist/zone-patch-fetch.min.js,,Fixed in working tree,"Angular runtime 20.3.32; old HTTP, Universal and codelyzer copies removed; zone.js 0.15.1."
3309,Retire.js Scan,Vulnerable dependency,/home/runner/work/juice-shop-DevSecOps/juice-shop-DevSecOps/frontend/node_modules/zone.js/dist/zone-patch-fetch.min.js,,Fixed in working tree,"Angular runtime 20.3.32; old HTTP, Universal and codelyzer copies removed; zone.js 0.15.1."
3312,Retire.js Scan,Vulnerable dependency,/home/runner/work/juice-shop-DevSecOps/juice-shop-DevSecOps/frontend/node_modules/zone.js/dist/zone-patch-jsonp.js,,Fixed in working tree,"Angular runtime 20.3.32; old HTTP, Universal and codelyzer copies removed; zone.js 0.15.1."
3314,Retire.js Scan,Vulnerable dependency,/home/runner/work/juice-shop-DevSecOps/juice-shop-DevSecOps/frontend/node_modules/zone.js/dist/zone-patch-jsonp.js,,Fixed in working tree,"Angular runtime 20.3.32; old HTTP, Universal and codelyzer copies removed; zone.js 0.15.1."
3317,Retire.js Scan,Vulnerable dependency,/home/runner/work/juice-shop-DevSecOps/juice-shop-DevSecOps/frontend/node_modules/zone.js/dist/zone-patch-message-port.js,,Fixed in working tree,"Angular runtime 20.3.32; old HTTP, Universal and codelyzer copies removed; zone.js 0.15.1."
3319,Retire.js Scan,Vulnerable dependency,/home/runner/work/juice-shop-DevSecOps/juice-shop-DevSecOps/frontend/node_modules/zone.js/dist/zone-patch-message-port.js,,Fixed in working tree,"Angular runtime 20.3.32; old HTTP, Universal and codelyzer copies removed; zone.js 0.15.1."
3322,Retire.js Scan,Vulnerable dependency,/home/runner/work/juice-shop-DevSecOps/juice-shop-DevSecOps/frontend/node_modules/zone.js/dist/zone-patch-jsonp.min.js,,Fixed in working tree,"Angular runtime 20.3.32; old HTTP, Universal and codelyzer copies removed; zone.js 0.15.1."
3324,Retire.js Scan,Vulnerable dependency,/home/runner/work/juice-shop-DevSecOps/juice-shop-DevSecOps/frontend/node_modules/zone.js/dist/zone-patch-jsonp.min.js,,Fixed in working tree,"Angular runtime 20.3.32; old HTTP, Universal and codelyzer copies removed; zone.js 0.15.1."
3327,Retire.js Scan,Vulnerable dependency,/home/runner/work/juice-shop-DevSecOps/juice-shop-DevSecOps/frontend/node_modules/zone.js/dist/zone-patch-message-port.min.js,,Fixed in working tree,"Angular runtime 20.3.32; old HTTP, Universal and codelyzer copies removed; zone.js 0.15.1."
3329,Retire.js Scan,Vulnerable dependency,/home/runner/work/juice-shop-DevSecOps/juice-shop-DevSecOps/frontend/node_modules/zone.js/dist/zone-patch-message-port.min.js,,Fixed in working tree,"Angular runtime 20.3.32; old HTTP, Universal and codelyzer copies removed; zone.js 0.15.1."
3332,Retire.js Scan,Vulnerable dependency,/home/runner/work/juice-shop-DevSecOps/juice-shop-DevSecOps/frontend/node_modules/zone.js/dist/zone-patch-promise-test.js,,Fixed in working tree,"Angular runtime 20.3.32; old HTTP, Universal and codelyzer copies removed; zone.js 0.15.1."
3334,Retire.js Scan,Vulnerable dependency,/home/runner/work/juice-shop-DevSecOps/juice-shop-DevSecOps/frontend/node_modules/zone.js/dist/zone-patch-promise-test.js,,Fixed in working tree,"Angular runtime 20.3.32; old HTTP, Universal and codelyzer copies removed; zone.js 0.15.1."
3337,Retire.js Scan,Vulnerable dependency,/home/runner/work/juice-shop-DevSecOps/juice-shop-DevSecOps/frontend/node_modules/zone.js/dist/zone-patch-promise-test.min.js,,Fixed in working tree,"Angular runtime 20.3.32; old HTTP, Universal and codelyzer copies removed; zone.js 0.15.1."
3339,Retire.js Scan,Vulnerable dependency,/home/runner/work/juice-shop-DevSecOps/juice-shop-DevSecOps/frontend/node_modules/zone.js/dist/zone-patch-promise-test.min.js,,Fixed in working tree,"Angular runtime 20.3.32; old HTTP, Universal and codelyzer copies removed; zone.js 0.15.1."
3342,Retire.js Scan,Vulnerable dependency,/home/runner/work/juice-shop-DevSecOps/juice-shop-DevSecOps/frontend/node_modules/zone.js/dist/zone-patch-resize-observer.js,,Fixed in working tree,"Angular runtime 20.3.32; old HTTP, Universal and codelyzer copies removed; zone.js 0.15.1."
3344,Retire.js Scan,Vulnerable dependency,/home/runner/work/juice-shop-DevSecOps/juice-shop-DevSecOps/frontend/node_modules/zone.js/dist/zone-patch-resize-observer.js,,Fixed in working tree,"Angular runtime 20.3.32; old HTTP, Universal and codelyzer copies removed; zone.js 0.15.1."
3347,Retire.js Scan,Vulnerable dependency,/home/runner/work/juice-shop-DevSecOps/juice-shop-DevSecOps/frontend/node_modules/zone.js/dist/zone-patch-resize-observer.min.js,,Fixed in working tree,"Angular runtime 20.3.32; old HTTP, Universal and codelyzer copies removed; zone.js 0.15.1."
3349,Retire.js Scan,Vulnerable dependency,/home/runner/work/juice-shop-DevSecOps/juice-shop-DevSecOps/frontend/node_modules/zone.js/dist/zone-patch-resize-observer.min.js,,Fixed in working tree,"Angular runtime 20.3.32; old HTTP, Universal and codelyzer copies removed; zone.js 0.15.1."
3352,Retire.js Scan,Vulnerable dependency,/home/runner/work/juice-shop-DevSecOps/juice-shop-DevSecOps/frontend/node_modules/zone.js/dist/zone-patch-rxjs-fake-async.js,,Fixed in working tree,"Angular runtime 20.3.32; old HTTP, Universal and codelyzer copies removed; zone.js 0.15.1."
3354,Retire.js Scan,Vulnerable dependency,/home/runner/work/juice-shop-DevSecOps/juice-shop-DevSecOps/frontend/node_modules/zone.js/dist/zone-patch-rxjs-fake-async.js,,Fixed in working tree,"Angular runtime 20.3.32; old HTTP, Universal and codelyzer copies removed; zone.js 0.15.1."
3357,Retire.js Scan,Vulnerable dependency,/home/runner/work/juice-shop-DevSecOps/juice-shop-DevSecOps/frontend/node_modules/zone.js/dist/zone-patch-rxjs.js,,Fixed in working tree,"Angular runtime 20.3.32; old HTTP, Universal and codelyzer copies removed; zone.js 0.15.1."
3359,Retire.js Scan,Vulnerable dependency,/home/runner/work/juice-shop-DevSecOps/juice-shop-DevSecOps/frontend/node_modules/zone.js/dist/zone-patch-rxjs.js,,Fixed in working tree,"Angular runtime 20.3.32; old HTTP, Universal and codelyzer copies removed; zone.js 0.15.1."
3362,Retire.js Scan,Vulnerable dependency,/home/runner/work/juice-shop-DevSecOps/juice-shop-DevSecOps/frontend/node_modules/zone.js/dist/zone-patch-rxjs-fake-async.min.js,,Fixed in working tree,"Angular runtime 20.3.32; old HTTP, Universal and codelyzer copies removed; zone.js 0.15.1."
3364,Retire.js Scan,Vulnerable dependency,/home/runner/work/juice-shop-DevSecOps/juice-shop-DevSecOps/frontend/node_modules/zone.js/dist/zone-patch-rxjs-fake-async.min.js,,Fixed in working tree,"Angular runtime 20.3.32; old HTTP, Universal and codelyzer copies removed; zone.js 0.15.1."
3367,Retire.js Scan,Vulnerable dependency,/home/runner/work/juice-shop-DevSecOps/juice-shop-DevSecOps/frontend/node_modules/zone.js/dist/zone-patch-rxjs.min.js,,Fixed in working tree,"Angular runtime 20.3.32; old HTTP, Universal and codelyzer copies removed; zone.js 0.15.1."
3369,Retire.js Scan,Vulnerable dependency,/home/runner/work/juice-shop-DevSecOps/juice-shop-DevSecOps/frontend/node_modules/zone.js/dist/zone-patch-rxjs.min.js,,Fixed in working tree,"Angular runtime 20.3.32; old HTTP, Universal and codelyzer copies removed; zone.js 0.15.1."
3372,Retire.js Scan,Vulnerable dependency,/home/runner/work/juice-shop-DevSecOps/juice-shop-DevSecOps/frontend/node_modules/zone.js/dist/zone-patch-socket-io.js,,Fixed in working tree,"Angular runtime 20.3.32; old HTTP, Universal and codelyzer copies removed; zone.js 0.15.1."
3374,Retire.js Scan,Vulnerable dependency,/home/runner/work/juice-shop-DevSecOps/juice-shop-DevSecOps/frontend/node_modules/zone.js/dist/zone-patch-socket-io.js,,Fixed in working tree,"Angular runtime 20.3.32; old HTTP, Universal and codelyzer copies removed; zone.js 0.15.1."
3377,Retire.js Scan,Vulnerable dependency,/home/runner/work/juice-shop-DevSecOps/juice-shop-DevSecOps/frontend/node_modules/zone.js/dist/zone-patch-socket-io.min.js,,Fixed in working tree,"Angular runtime 20.3.32; old HTTP, Universal and codelyzer copies removed; zone.js 0.15.1."
3379,Retire.js Scan,Vulnerable dependency,/home/runner/work/juice-shop-DevSecOps/juice-shop-DevSecOps/frontend/node_modules/zone.js/dist/zone-patch-socket-io.min.js,,Fixed in working tree,"Angular runtime 20.3.32; old HTTP, Universal and codelyzer copies removed; zone.js 0.15.1."
3382,Retire.js Scan,Vulnerable dependency,/home/runner/work/juice-shop-DevSecOps/juice-shop-DevSecOps/frontend/node_modules/zone.js/dist/zone-patch-user-media.js,,Fixed in working tree,"Angular runtime 20.3.32; old HTTP, Universal and codelyzer copies removed; zone.js 0.15.1."
3384,Retire.js Scan,Vulnerable dependency,/home/runner/work/juice-shop-DevSecOps/juice-shop-DevSecOps/frontend/node_modules/zone.js/dist/zone-patch-user-media.js,,Fixed in working tree,"Angular runtime 20.3.32; old HTTP, Universal and codelyzer copies removed; zone.js 0.15.1."
3387,Retire.js Scan,Vulnerable dependency,/home/runner/work/juice-shop-DevSecOps/juice-shop-DevSecOps/frontend/node_modules/zone.js/dist/zone-patch-user-media.min.js,,Fixed in working tree,"Angular runtime 20.3.32; old HTTP, Universal and codelyzer copies removed; zone.js 0.15.1."
3389,Retire.js Scan,Vulnerable dependency,/home/runner/work/juice-shop-DevSecOps/juice-shop-DevSecOps/frontend/node_modules/zone.js/dist/zone-patch-user-media.min.js,,Fixed in working tree,"Angular runtime 20.3.32; old HTTP, Universal and codelyzer copies removed; zone.js 0.15.1."
3392,Retire.js Scan,Vulnerable dependency,/home/runner/work/juice-shop-DevSecOps/juice-shop-DevSecOps/frontend/node_modules/zone.js/dist/zone-testing-bundle.js,,Fixed in working tree,"Angular runtime 20.3.32; old HTTP, Universal and codelyzer copies removed; zone.js 0.15.1."
3394,Retire.js Scan,Vulnerable dependency,/home/runner/work/juice-shop-DevSecOps/juice-shop-DevSecOps/frontend/node_modules/zone.js/dist/zone-testing-bundle.js,,Fixed in working tree,"Angular runtime 20.3.32; old HTTP, Universal and codelyzer copies removed; zone.js 0.15.1."
3397,Retire.js Scan,Vulnerable dependency,/home/runner/work/juice-shop-DevSecOps/juice-shop-DevSecOps/frontend/node_modules/zone.js/dist/zone-testing-bundle.min.js,,Fixed in working tree,"Angular runtime 20.3.32; old HTTP, Universal and codelyzer copies removed; zone.js 0.15.1."
3399,Retire.js Scan,Vulnerable dependency,/home/runner/work/juice-shop-DevSecOps/juice-shop-DevSecOps/frontend/node_modules/zone.js/dist/zone-testing-bundle.min.js,,Fixed in working tree,"Angular runtime 20.3.32; old HTTP, Universal and codelyzer copies removed; zone.js 0.15.1."
3402,Retire.js Scan,Vulnerable dependency,/home/runner/work/juice-shop-DevSecOps/juice-shop-DevSecOps/frontend/node_modules/zone.js/dist/zone-testing-node-bundle.js,,Fixed in working tree,"Angular runtime 20.3.32; old HTTP, Universal and codelyzer copies removed; zone.js 0.15.1."
3404,Retire.js Scan,Vulnerable dependency,/home/runner/work/juice-shop-DevSecOps/juice-shop-DevSecOps/frontend/node_modules/zone.js/dist/zone-testing-node-bundle.js,,Fixed in working tree,"Angular runtime 20.3.32; old HTTP, Universal and codelyzer copies removed; zone.js 0.15.1."
3407,Retire.js Scan,Vulnerable dependency,/home/runner/work/juice-shop-DevSecOps/juice-shop-DevSecOps/frontend/node_modules/zone.js/dist/zone-testing-node-bundle.min.js,,Fixed in working tree,"Angular runtime 20.3.32; old HTTP, Universal and codelyzer copies removed; zone.js 0.15.1."
3409,Retire.js Scan,Vulnerable dependency,/home/runner/work/juice-shop-DevSecOps/juice-shop-DevSecOps/frontend/node_modules/zone.js/dist/zone-testing-node-bundle.min.js,,Fixed in working tree,"Angular runtime 20.3.32; old HTTP, Universal and codelyzer copies removed; zone.js 0.15.1."
3412,Retire.js Scan,Vulnerable dependency,/home/runner/work/juice-shop-DevSecOps/juice-shop-DevSecOps/frontend/node_modules/zone.js/dist/zone-testing.js,,Fixed in working tree,"Angular runtime 20.3.32; old HTTP, Universal and codelyzer copies removed; zone.js 0.15.1."
3414,Retire.js Scan,Vulnerable dependency,/home/runner/work/juice-shop-DevSecOps/juice-shop-DevSecOps/frontend/node_modules/zone.js/dist/zone-testing.js,,Fixed in working tree,"Angular runtime 20.3.32; old HTTP, Universal and codelyzer copies removed; zone.js 0.15.1."
3417,Retire.js Scan,Vulnerable dependency,/home/runner/work/juice-shop-DevSecOps/juice-shop-DevSecOps/frontend/node_modules/zone.js/dist/zone-testing.min.js,,Fixed in working tree,"Angular runtime 20.3.32; old HTTP, Universal and codelyzer copies removed; zone.js 0.15.1."
3419,Retire.js Scan,Vulnerable dependency,/home/runner/work/juice-shop-DevSecOps/juice-shop-DevSecOps/frontend/node_modules/zone.js/dist/zone-testing.min.js,,Fixed in working tree,"Angular runtime 20.3.32; old HTTP, Universal and codelyzer copies removed; zone.js 0.15.1."
3422,Retire.js Scan,Vulnerable dependency,/home/runner/work/juice-shop-DevSecOps/juice-shop-DevSecOps/frontend/node_modules/zone.js/dist/zone.min.js,,Fixed in working tree,"Angular runtime 20.3.32; old HTTP, Universal and codelyzer copies removed; zone.js 0.15.1."
3424,Retire.js Scan,Vulnerable dependency,/home/runner/work/juice-shop-DevSecOps/juice-shop-DevSecOps/frontend/node_modules/zone.js/dist/zone.min.js,,Fixed in working tree,"Angular runtime 20.3.32; old HTTP, Universal and codelyzer copies removed; zone.js 0.15.1."
3427,Retire.js Scan,Vulnerable dependency,/home/runner/work/juice-shop-DevSecOps/juice-shop-DevSecOps/frontend/node_modules/zone.js/dist/zone.js,,Fixed in working tree,"Angular runtime 20.3.32; old HTTP, Universal and codelyzer copies removed; zone.js 0.15.1."
3429,Retire.js Scan,Vulnerable dependency,/home/runner/work/juice-shop-DevSecOps/juice-shop-DevSecOps/frontend/node_modules/zone.js/dist/zone.js,,Fixed in working tree,"Angular runtime 20.3.32; old HTTP, Universal and codelyzer copies removed; zone.js 0.15.1."
3432,Retire.js Scan,Vulnerable dependency,/home/runner/work/juice-shop-DevSecOps/juice-shop-DevSecOps/frontend/node_modules/zone.js/fesm2015/async-stack-tagging.min.js,,Fixed in working tree,"Angular runtime 20.3.32; old HTTP, Universal and codelyzer copies removed; zone.js 0.15.1."
3434,Retire.js Scan,Vulnerable dependency,/home/runner/work/juice-shop-DevSecOps/juice-shop-DevSecOps/frontend/node_modules/zone.js/fesm2015/async-stack-tagging.min.js,,Fixed in working tree,"Angular runtime 20.3.32; old HTTP, Universal and codelyzer copies removed; zone.js 0.15.1."
3437,Retire.js Scan,Vulnerable dependency,/home/runner/work/juice-shop-DevSecOps/juice-shop-DevSecOps/frontend/node_modules/zone.js/fesm2015/async-stack-tagging.js,,Fixed in working tree,"Angular runtime 20.3.32; old HTTP, Universal and codelyzer copies removed; zone.js 0.15.1."
3439,Retire.js Scan,Vulnerable dependency,/home/runner/work/juice-shop-DevSecOps/juice-shop-DevSecOps/frontend/node_modules/zone.js/fesm2015/async-stack-tagging.js,,Fixed in working tree,"Angular runtime 20.3.32; old HTTP, Universal and codelyzer copies removed; zone.js 0.15.1."
3442,Retire.js Scan,Vulnerable dependency,/home/runner/work/juice-shop-DevSecOps/juice-shop-DevSecOps/frontend/node_modules/zone.js/fesm2015/async-test.js,,Fixed in working tree,"Angular runtime 20.3.32; old HTTP, Universal and codelyzer copies removed; zone.js 0.15.1."
3444,Retire.js Scan,Vulnerable dependency,/home/runner/work/juice-shop-DevSecOps/juice-shop-DevSecOps/frontend/node_modules/zone.js/fesm2015/async-test.js,,Fixed in working tree,"Angular runtime 20.3.32; old HTTP, Universal and codelyzer copies removed; zone.js 0.15.1."
3447,Retire.js Scan,Vulnerable dependency,/home/runner/work/juice-shop-DevSecOps/juice-shop-DevSecOps/frontend/node_modules/zone.js/fesm2015/async-test.min.js,,Fixed in working tree,"Angular runtime 20.3.32; old HTTP, Universal and codelyzer copies removed; zone.js 0.15.1."
3449,Retire.js Scan,Vulnerable dependency,/home/runner/work/juice-shop-DevSecOps/juice-shop-DevSecOps/frontend/node_modules/zone.js/fesm2015/async-test.min.js,,Fixed in working tree,"Angular runtime 20.3.32; old HTTP, Universal and codelyzer copies removed; zone.js 0.15.1."
3452,Retire.js Scan,Vulnerable dependency,/home/runner/work/juice-shop-DevSecOps/juice-shop-DevSecOps/frontend/node_modules/zone.js/fesm2015/fake-async-test.js,,Fixed in working tree,"Angular runtime 20.3.32; old HTTP, Universal and codelyzer copies removed; zone.js 0.15.1."
3454,Retire.js Scan,Vulnerable dependency,/home/runner/work/juice-shop-DevSecOps/juice-shop-DevSecOps/frontend/node_modules/zone.js/fesm2015/fake-async-test.js,,Fixed in working tree,"Angular runtime 20.3.32; old HTTP, Universal and codelyzer copies removed; zone.js 0.15.1."
3457,Retire.js Scan,Vulnerable dependency,/home/runner/work/juice-shop-DevSecOps/juice-shop-DevSecOps/frontend/node_modules/zone.js/fesm2015/fake-async-test.min.js,,Fixed in working tree,"Angular runtime 20.3.32; old HTTP, Universal and codelyzer copies removed; zone.js 0.15.1."
3459,Retire.js Scan,Vulnerable dependency,/home/runner/work/juice-shop-DevSecOps/juice-shop-DevSecOps/frontend/node_modules/zone.js/fesm2015/fake-async-test.min.js,,Fixed in working tree,"Angular runtime 20.3.32; old HTTP, Universal and codelyzer copies removed; zone.js 0.15.1."
3462,Retire.js Scan,Vulnerable dependency,/home/runner/work/juice-shop-DevSecOps/juice-shop-DevSecOps/frontend/node_modules/zone.js/fesm2015/jasmine-patch.js,,Fixed in working tree,"Angular runtime 20.3.32; old HTTP, Universal and codelyzer copies removed; zone.js 0.15.1."
3464,Retire.js Scan,Vulnerable dependency,/home/runner/work/juice-shop-DevSecOps/juice-shop-DevSecOps/frontend/node_modules/zone.js/fesm2015/jasmine-patch.js,,Fixed in working tree,"Angular runtime 20.3.32; old HTTP, Universal and codelyzer copies removed; zone.js 0.15.1."
3467,Retire.js Scan,Vulnerable dependency,/home/runner/work/juice-shop-DevSecOps/juice-shop-DevSecOps/frontend/node_modules/zone.js/fesm2015/jasmine-patch.min.js,,Fixed in working tree,"Angular runtime 20.3.32; old HTTP, Universal and codelyzer copies removed; zone.js 0.15.1."
3469,Retire.js Scan,Vulnerable dependency,/home/runner/work/juice-shop-DevSecOps/juice-shop-DevSecOps/frontend/node_modules/zone.js/fesm2015/jasmine-patch.min.js,,Fixed in working tree,"Angular runtime 20.3.32; old HTTP, Universal and codelyzer copies removed; zone.js 0.15.1."
3472,Retire.js Scan,Vulnerable dependency,/home/runner/work/juice-shop-DevSecOps/juice-shop-DevSecOps/frontend/node_modules/zone.js/fesm2015/long-stack-trace-zone.js,,Fixed in working tree,"Angular runtime 20.3.32; old HTTP, Universal and codelyzer copies removed; zone.js 0.15.1."
3474,Retire.js Scan,Vulnerable dependency,/home/runner/work/juice-shop-DevSecOps/juice-shop-DevSecOps/frontend/node_modules/zone.js/fesm2015/long-stack-trace-zone.js,,Fixed in working tree,"Angular runtime 20.3.32; old HTTP, Universal and codelyzer copies removed; zone.js 0.15.1."
3477,Retire.js Scan,Vulnerable dependency,/home/runner/work/juice-shop-DevSecOps/juice-shop-DevSecOps/frontend/node_modules/zone.js/fesm2015/long-stack-trace-zone.min.js,,Fixed in working tree,"Angular runtime 20.3.32; old HTTP, Universal and codelyzer copies removed; zone.js 0.15.1."
3479,Retire.js Scan,Vulnerable dependency,/home/runner/work/juice-shop-DevSecOps/juice-shop-DevSecOps/frontend/node_modules/zone.js/fesm2015/long-stack-trace-zone.min.js,,Fixed in working tree,"Angular runtime 20.3.32; old HTTP, Universal and codelyzer copies removed; zone.js 0.15.1."
3482,Retire.js Scan,Vulnerable dependency,/home/runner/work/juice-shop-DevSecOps/juice-shop-DevSecOps/frontend/node_modules/zone.js/fesm2015/mocha-patch.js,,Fixed in working tree,"Angular runtime 20.3.32; old HTTP, Universal and codelyzer copies removed; zone.js 0.15.1."
3484,Retire.js Scan,Vulnerable dependency,/home/runner/work/juice-shop-DevSecOps/juice-shop-DevSecOps/frontend/node_modules/zone.js/fesm2015/mocha-patch.js,,Fixed in working tree,"Angular runtime 20.3.32; old HTTP, Universal and codelyzer copies removed; zone.js 0.15.1."
3487,Retire.js Scan,Vulnerable dependency,/home/runner/work/juice-shop-DevSecOps/juice-shop-DevSecOps/frontend/node_modules/zone.js/fesm2015/mocha-patch.min.js,,Fixed in working tree,"Angular runtime 20.3.32; old HTTP, Universal and codelyzer copies removed; zone.js 0.15.1."
3489,Retire.js Scan,Vulnerable dependency,/home/runner/work/juice-shop-DevSecOps/juice-shop-DevSecOps/frontend/node_modules/zone.js/fesm2015/mocha-patch.min.js,,Fixed in working tree,"Angular runtime 20.3.32; old HTTP, Universal and codelyzer copies removed; zone.js 0.15.1."
3492,Retire.js Scan,Vulnerable dependency,/home/runner/work/juice-shop-DevSecOps/juice-shop-DevSecOps/frontend/node_modules/zone.js/fesm2015/proxy.js,,Fixed in working tree,"Angular runtime 20.3.32; old HTTP, Universal and codelyzer copies removed; zone.js 0.15.1."
3494,Retire.js Scan,Vulnerable dependency,/home/runner/work/juice-shop-DevSecOps/juice-shop-DevSecOps/frontend/node_modules/zone.js/fesm2015/proxy.js,,Fixed in working tree,"Angular runtime 20.3.32; old HTTP, Universal and codelyzer copies removed; zone.js 0.15.1."
3497,Retire.js Scan,Vulnerable dependency,/home/runner/work/juice-shop-DevSecOps/juice-shop-DevSecOps/frontend/node_modules/zone.js/fesm2015/sync-test.js,,Fixed in working tree,"Angular runtime 20.3.32; old HTTP, Universal and codelyzer copies removed; zone.js 0.15.1."
3499,Retire.js Scan,Vulnerable dependency,/home/runner/work/juice-shop-DevSecOps/juice-shop-DevSecOps/frontend/node_modules/zone.js/fesm2015/sync-test.js,,Fixed in working tree,"Angular runtime 20.3.32; old HTTP, Universal and codelyzer copies removed; zone.js 0.15.1."
3502,Retire.js Scan,Vulnerable dependency,/home/runner/work/juice-shop-DevSecOps/juice-shop-DevSecOps/frontend/node_modules/zone.js/fesm2015/proxy.min.js,,Fixed in working tree,"Angular runtime 20.3.32; old HTTP, Universal and codelyzer copies removed; zone.js 0.15.1."
3504,Retire.js Scan,Vulnerable dependency,/home/runner/work/juice-shop-DevSecOps/juice-shop-DevSecOps/frontend/node_modules/zone.js/fesm2015/proxy.min.js,,Fixed in working tree,"Angular runtime 20.3.32; old HTTP, Universal and codelyzer copies removed; zone.js 0.15.1."
3507,Retire.js Scan,Vulnerable dependency,/home/runner/work/juice-shop-DevSecOps/juice-shop-DevSecOps/frontend/node_modules/zone.js/fesm2015/sync-test.min.js,,Fixed in working tree,"Angular runtime 20.3.32; old HTTP, Universal and codelyzer copies removed; zone.js 0.15.1."
3509,Retire.js Scan,Vulnerable dependency,/home/runner/work/juice-shop-DevSecOps/juice-shop-DevSecOps/frontend/node_modules/zone.js/fesm2015/sync-test.min.js,,Fixed in working tree,"Angular runtime 20.3.32; old HTTP, Universal and codelyzer copies removed; zone.js 0.15.1."
3512,Retire.js Scan,Vulnerable dependency,/home/runner/work/juice-shop-DevSecOps/juice-shop-DevSecOps/frontend/node_modules/zone.js/fesm2015/task-tracking.js,,Fixed in working tree,"Angular runtime 20.3.32; old HTTP, Universal and codelyzer copies removed; zone.js 0.15.1."
3514,Retire.js Scan,Vulnerable dependency,/home/runner/work/juice-shop-DevSecOps/juice-shop-DevSecOps/frontend/node_modules/zone.js/fesm2015/task-tracking.js,,Fixed in working tree,"Angular runtime 20.3.32; old HTTP, Universal and codelyzer copies removed; zone.js 0.15.1."
3517,Retire.js Scan,Vulnerable dependency,/home/runner/work/juice-shop-DevSecOps/juice-shop-DevSecOps/frontend/node_modules/zone.js/fesm2015/task-tracking.min.js,,Fixed in working tree,"Angular runtime 20.3.32; old HTTP, Universal and codelyzer copies removed; zone.js 0.15.1."
3519,Retire.js Scan,Vulnerable dependency,/home/runner/work/juice-shop-DevSecOps/juice-shop-DevSecOps/frontend/node_modules/zone.js/fesm2015/task-tracking.min.js,,Fixed in working tree,"Angular runtime 20.3.32; old HTTP, Universal and codelyzer copies removed; zone.js 0.15.1."
3522,Retire.js Scan,Vulnerable dependency,/home/runner/work/juice-shop-DevSecOps/juice-shop-DevSecOps/frontend/node_modules/zone.js/fesm2015/webapis-media-query.js,,Fixed in working tree,"Angular runtime 20.3.32; old HTTP, Universal and codelyzer copies removed; zone.js 0.15.1."
3524,Retire.js Scan,Vulnerable dependency,/home/runner/work/juice-shop-DevSecOps/juice-shop-DevSecOps/frontend/node_modules/zone.js/fesm2015/webapis-media-query.js,,Fixed in working tree,"Angular runtime 20.3.32; old HTTP, Universal and codelyzer copies removed; zone.js 0.15.1."
3527,Retire.js Scan,Vulnerable dependency,/home/runner/work/juice-shop-DevSecOps/juice-shop-DevSecOps/frontend/node_modules/zone.js/fesm2015/webapis-media-query.min.js,,Fixed in working tree,"Angular runtime 20.3.32; old HTTP, Universal and codelyzer copies removed; zone.js 0.15.1."
3529,Retire.js Scan,Vulnerable dependency,/home/runner/work/juice-shop-DevSecOps/juice-shop-DevSecOps/frontend/node_modules/zone.js/fesm2015/webapis-media-query.min.js,,Fixed in working tree,"Angular runtime 20.3.32; old HTTP, Universal and codelyzer copies removed; zone.js 0.15.1."
3532,Retire.js Scan,Vulnerable dependency,/home/runner/work/juice-shop-DevSecOps/juice-shop-DevSecOps/frontend/node_modules/zone.js/fesm2015/webapis-notification.min.js,,Fixed in working tree,"Angular runtime 20.3.32; old HTTP, Universal and codelyzer copies removed; zone.js 0.15.1."
3534,Retire.js Scan,Vulnerable dependency,/home/runner/work/juice-shop-DevSecOps/juice-shop-DevSecOps/frontend/node_modules/zone.js/fesm2015/webapis-notification.min.js,,Fixed in working tree,"Angular runtime 20.3.32; old HTTP, Universal and codelyzer copies removed; zone.js 0.15.1."
3537,Retire.js Scan,Vulnerable dependency,/home/runner/work/juice-shop-DevSecOps/juice-shop-DevSecOps/frontend/node_modules/zone.js/fesm2015/webapis-notification.js,,Fixed in working tree,"Angular runtime 20.3.32; old HTTP, Universal and codelyzer copies removed; zone.js 0.15.1."
3539,Retire.js Scan,Vulnerable dependency,/home/runner/work/juice-shop-DevSecOps/juice-shop-DevSecOps/frontend/node_modules/zone.js/fesm2015/webapis-notification.js,,Fixed in working tree,"Angular runtime 20.3.32; old HTTP, Universal and codelyzer copies removed; zone.js 0.15.1."
3542,Retire.js Scan,Vulnerable dependency,/home/runner/work/juice-shop-DevSecOps/juice-shop-DevSecOps/frontend/node_modules/zone.js/fesm2015/webapis-rtc-peer-connection.js,,Fixed in working tree,"Angular runtime 20.3.32; old HTTP, Universal and codelyzer copies removed; zone.js 0.15.1."
3544,Retire.js Scan,Vulnerable dependency,/home/runner/work/juice-shop-DevSecOps/juice-shop-DevSecOps/frontend/node_modules/zone.js/fesm2015/webapis-rtc-peer-connection.js,,Fixed in working tree,"Angular runtime 20.3.32; old HTTP, Universal and codelyzer copies removed; zone.js 0.15.1."
3547,Retire.js Scan,Vulnerable dependency,/home/runner/work/juice-shop-DevSecOps/juice-shop-DevSecOps/frontend/node_modules/zone.js/fesm2015/webapis-shadydom.js,,Fixed in working tree,"Angular runtime 20.3.32; old HTTP, Universal and codelyzer copies removed; zone.js 0.15.1."
3549,Retire.js Scan,Vulnerable dependency,/home/runner/work/juice-shop-DevSecOps/juice-shop-DevSecOps/frontend/node_modules/zone.js/fesm2015/webapis-shadydom.js,,Fixed in working tree,"Angular runtime 20.3.32; old HTTP, Universal and codelyzer copies removed; zone.js 0.15.1."
3552,Retire.js Scan,Vulnerable dependency,/home/runner/work/juice-shop-DevSecOps/juice-shop-DevSecOps/frontend/node_modules/zone.js/fesm2015/webapis-rtc-peer-connection.min.js,,Fixed in working tree,"Angular runtime 20.3.32; old HTTP, Universal and codelyzer copies removed; zone.js 0.15.1."
3554,Retire.js Scan,Vulnerable dependency,/home/runner/work/juice-shop-DevSecOps/juice-shop-DevSecOps/frontend/node_modules/zone.js/fesm2015/webapis-rtc-peer-connection.min.js,,Fixed in working tree,"Angular runtime 20.3.32; old HTTP, Universal and codelyzer copies removed; zone.js 0.15.1."
3557,Retire.js Scan,Vulnerable dependency,/home/runner/work/juice-shop-DevSecOps/juice-shop-DevSecOps/frontend/node_modules/zone.js/fesm2015/webapis-shadydom.min.js,,Fixed in working tree,"Angular runtime 20.3.32; old HTTP, Universal and codelyzer copies removed; zone.js 0.15.1."
3559,Retire.js Scan,Vulnerable dependency,/home/runner/work/juice-shop-DevSecOps/juice-shop-DevSecOps/frontend/node_modules/zone.js/fesm2015/webapis-shadydom.min.js,,Fixed in working tree,"Angular runtime 20.3.32; old HTTP, Universal and codelyzer copies removed; zone.js 0.15.1."
3562,Retire.js Scan,Vulnerable dependency,/home/runner/work/juice-shop-DevSecOps/juice-shop-DevSecOps/frontend/node_modules/zone.js/fesm2015/wtf.js,,Fixed in working tree,"Angular runtime 20.3.32; old HTTP, Universal and codelyzer copies removed; zone.js 0.15.1."
3564,Retire.js Scan,Vulnerable dependency,/home/runner/work/juice-shop-DevSecOps/juice-shop-DevSecOps/frontend/node_modules/zone.js/fesm2015/wtf.js,,Fixed in working tree,"Angular runtime 20.3.32; old HTTP, Universal and codelyzer copies removed; zone.js 0.15.1."
3567,Retire.js Scan,Vulnerable dependency,/home/runner/work/juice-shop-DevSecOps/juice-shop-DevSecOps/frontend/node_modules/zone.js/fesm2015/wtf.min.js,,Fixed in working tree,"Angular runtime 20.3.32; old HTTP, Universal and codelyzer copies removed; zone.js 0.15.1."
3569,Retire.js Scan,Vulnerable dependency,/home/runner/work/juice-shop-DevSecOps/juice-shop-DevSecOps/frontend/node_modules/zone.js/fesm2015/wtf.min.js,,Fixed in working tree,"Angular runtime 20.3.32; old HTTP, Universal and codelyzer copies removed; zone.js 0.15.1."
3572,Retire.js Scan,Vulnerable dependency,/home/runner/work/juice-shop-DevSecOps/juice-shop-DevSecOps/frontend/node_modules/zone.js/fesm2015/zone-bluebird.js,,Fixed in working tree,"Angular runtime 20.3.32; old HTTP, Universal and codelyzer copies removed; zone.js 0.15.1."
3574,Retire.js Scan,Vulnerable dependency,/home/runner/work/juice-shop-DevSecOps/juice-shop-DevSecOps/frontend/node_modules/zone.js/fesm2015/zone-bluebird.js,,Fixed in working tree,"Angular runtime 20.3.32; old HTTP, Universal and codelyzer copies removed; zone.js 0.15.1."
3577,Retire.js Scan,Vulnerable dependency,/home/runner/work/juice-shop-DevSecOps/juice-shop-DevSecOps/frontend/node_modules/zone.js/fesm2015/zone-error.js,,Fixed in working tree,"Angular runtime 20.3.32; old HTTP, Universal and codelyzer copies removed; zone.js 0.15.1."
3579,Retire.js Scan,Vulnerable dependency,/home/runner/work/juice-shop-DevSecOps/juice-shop-DevSecOps/frontend/node_modules/zone.js/fesm2015/zone-error.js,,Fixed in working tree,"Angular runtime 20.3.32; old HTTP, Universal and codelyzer copies removed; zone.js 0.15.1."
3582,Retire.js Scan,Vulnerable dependency,/home/runner/work/juice-shop-DevSecOps/juice-shop-DevSecOps/frontend/node_modules/zone.js/fesm2015/zone-bluebird.min.js,,Fixed in working tree,"Angular runtime 20.3.32; old HTTP, Universal and codelyzer copies removed; zone.js 0.15.1."
3584,Retire.js Scan,Vulnerable dependency,/home/runner/work/juice-shop-DevSecOps/juice-shop-DevSecOps/frontend/node_modules/zone.js/fesm2015/zone-bluebird.min.js,,Fixed in working tree,"Angular runtime 20.3.32; old HTTP, Universal and codelyzer copies removed; zone.js 0.15.1."
3587,Retire.js Scan,Vulnerable dependency,/home/runner/work/juice-shop-DevSecOps/juice-shop-DevSecOps/frontend/node_modules/zone.js/fesm2015/zone-error.min.js,,Fixed in working tree,"Angular runtime 20.3.32; old HTTP, Universal and codelyzer copies removed; zone.js 0.15.1."
3589,Retire.js Scan,Vulnerable dependency,/home/runner/work/juice-shop-DevSecOps/juice-shop-DevSecOps/frontend/node_modules/zone.js/fesm2015/zone-error.min.js,,Fixed in working tree,"Angular runtime 20.3.32; old HTTP, Universal and codelyzer copies removed; zone.js 0.15.1."
3592,Retire.js Scan,Vulnerable dependency,/home/runner/work/juice-shop-DevSecOps/juice-shop-DevSecOps/frontend/node_modules/zone.js/fesm2015/zone-legacy.js,,Fixed in working tree,"Angular runtime 20.3.32; old HTTP, Universal and codelyzer copies removed; zone.js 0.15.1."
3594,Retire.js Scan,Vulnerable dependency,/home/runner/work/juice-shop-DevSecOps/juice-shop-DevSecOps/frontend/node_modules/zone.js/fesm2015/zone-legacy.js,,Fixed in working tree,"Angular runtime 20.3.32; old HTTP, Universal and codelyzer copies removed; zone.js 0.15.1."
3597,Retire.js Scan,Vulnerable dependency,/home/runner/work/juice-shop-DevSecOps/juice-shop-DevSecOps/frontend/node_modules/zone.js/fesm2015/zone-legacy.min.js,,Fixed in working tree,"Angular runtime 20.3.32; old HTTP, Universal and codelyzer copies removed; zone.js 0.15.1."
3599,Retire.js Scan,Vulnerable dependency,/home/runner/work/juice-shop-DevSecOps/juice-shop-DevSecOps/frontend/node_modules/zone.js/fesm2015/zone-legacy.min.js,,Fixed in working tree,"Angular runtime 20.3.32; old HTTP, Universal and codelyzer copies removed; zone.js 0.15.1."
3602,Retire.js Scan,Vulnerable dependency,/home/runner/work/juice-shop-DevSecOps/juice-shop-DevSecOps/frontend/node_modules/zone.js/fesm2015/zone-mix.js,,Fixed in working tree,"Angular runtime 20.3.32; old HTTP, Universal and codelyzer copies removed; zone.js 0.15.1."
3604,Retire.js Scan,Vulnerable dependency,/home/runner/work/juice-shop-DevSecOps/juice-shop-DevSecOps/frontend/node_modules/zone.js/fesm2015/zone-mix.js,,Fixed in working tree,"Angular runtime 20.3.32; old HTTP, Universal and codelyzer copies removed; zone.js 0.15.1."
3607,Retire.js Scan,Vulnerable dependency,/home/runner/work/juice-shop-DevSecOps/juice-shop-DevSecOps/frontend/node_modules/zone.js/fesm2015/zone-mix.min.js,,Fixed in working tree,"Angular runtime 20.3.32; old HTTP, Universal and codelyzer copies removed; zone.js 0.15.1."
3609,Retire.js Scan,Vulnerable dependency,/home/runner/work/juice-shop-DevSecOps/juice-shop-DevSecOps/frontend/node_modules/zone.js/fesm2015/zone-mix.min.js,,Fixed in working tree,"Angular runtime 20.3.32; old HTTP, Universal and codelyzer copies removed; zone.js 0.15.1."
3612,Retire.js Scan,Vulnerable dependency,/home/runner/work/juice-shop-DevSecOps/juice-shop-DevSecOps/frontend/node_modules/zone.js/fesm2015/zone-node.js,,Fixed in working tree,"Angular runtime 20.3.32; old HTTP, Universal and codelyzer copies removed; zone.js 0.15.1."
3614,Retire.js Scan,Vulnerable dependency,/home/runner/work/juice-shop-DevSecOps/juice-shop-DevSecOps/frontend/node_modules/zone.js/fesm2015/zone-node.js,,Fixed in working tree,"Angular runtime 20.3.32; old HTTP, Universal and codelyzer copies removed; zone.js 0.15.1."
3617,Retire.js Scan,Vulnerable dependency,/home/runner/work/juice-shop-DevSecOps/juice-shop-DevSecOps/frontend/node_modules/zone.js/fesm2015/zone-patch-canvas.js,,Fixed in working tree,"Angular runtime 20.3.32; old HTTP, Universal and codelyzer copies removed; zone.js 0.15.1."
3619,Retire.js Scan,Vulnerable dependency,/home/runner/work/juice-shop-DevSecOps/juice-shop-DevSecOps/frontend/node_modules/zone.js/fesm2015/zone-patch-canvas.js,,Fixed in working tree,"Angular runtime 20.3.32; old HTTP, Universal and codelyzer copies removed; zone.js 0.15.1."
3622,Retire.js Scan,Vulnerable dependency,/home/runner/work/juice-shop-DevSecOps/juice-shop-DevSecOps/frontend/node_modules/zone.js/fesm2015/zone-node.min.js,,Fixed in working tree,"Angular runtime 20.3.32; old HTTP, Universal and codelyzer copies removed; zone.js 0.15.1."
3624,Retire.js Scan,Vulnerable dependency,/home/runner/work/juice-shop-DevSecOps/juice-shop-DevSecOps/frontend/node_modules/zone.js/fesm2015/zone-node.min.js,,Fixed in working tree,"Angular runtime 20.3.32; old HTTP, Universal and codelyzer copies removed; zone.js 0.15.1."
3627,Retire.js Scan,Vulnerable dependency,/home/runner/work/juice-shop-DevSecOps/juice-shop-DevSecOps/frontend/node_modules/zone.js/fesm2015/zone-patch-canvas.min.js,,Fixed in working tree,"Angular runtime 20.3.32; old HTTP, Universal and codelyzer copies removed; zone.js 0.15.1."
3629,Retire.js Scan,Vulnerable dependency,/home/runner/work/juice-shop-DevSecOps/juice-shop-DevSecOps/frontend/node_modules/zone.js/fesm2015/zone-patch-canvas.min.js,,Fixed in working tree,"Angular runtime 20.3.32; old HTTP, Universal and codelyzer copies removed; zone.js 0.15.1."
3632,Retire.js Scan,Vulnerable dependency,/home/runner/work/juice-shop-DevSecOps/juice-shop-DevSecOps/frontend/node_modules/zone.js/fesm2015/zone-patch-cordova.js,,Fixed in working tree,"Angular runtime 20.3.32; old HTTP, Universal and codelyzer copies removed; zone.js 0.15.1."
3634,Retire.js Scan,Vulnerable dependency,/home/runner/work/juice-shop-DevSecOps/juice-shop-DevSecOps/frontend/node_modules/zone.js/fesm2015/zone-patch-cordova.js,,Fixed in working tree,"Angular runtime 20.3.32; old HTTP, Universal and codelyzer copies removed; zone.js 0.15.1."
3637,Retire.js Scan,Vulnerable dependency,/home/runner/work/juice-shop-DevSecOps/juice-shop-DevSecOps/frontend/node_modules/zone.js/fesm2015/zone-patch-electron.js,,Fixed in working tree,"Angular runtime 20.3.32; old HTTP, Universal and codelyzer copies removed; zone.js 0.15.1."
3639,Retire.js Scan,Vulnerable dependency,/home/runner/work/juice-shop-DevSecOps/juice-shop-DevSecOps/frontend/node_modules/zone.js/fesm2015/zone-patch-electron.js,,Fixed in working tree,"Angular runtime 20.3.32; old HTTP, Universal and codelyzer copies removed; zone.js 0.15.1."
3642,Retire.js Scan,Vulnerable dependency,/home/runner/work/juice-shop-DevSecOps/juice-shop-DevSecOps/frontend/node_modules/zone.js/fesm2015/zone-patch-electron.min.js,,Fixed in working tree,"Angular runtime 20.3.32; old HTTP, Universal and codelyzer copies removed; zone.js 0.15.1."
3644,Retire.js Scan,Vulnerable dependency,/home/runner/work/juice-shop-DevSecOps/juice-shop-DevSecOps/frontend/node_modules/zone.js/fesm2015/zone-patch-electron.min.js,,Fixed in working tree,"Angular runtime 20.3.32; old HTTP, Universal and codelyzer copies removed; zone.js 0.15.1."
3647,Retire.js Scan,Vulnerable dependency,/home/runner/work/juice-shop-DevSecOps/juice-shop-DevSecOps/frontend/node_modules/zone.js/fesm2015/zone-patch-cordova.min.js,,Fixed in working tree,"Angular runtime 20.3.32; old HTTP, Universal and codelyzer copies removed; zone.js 0.15.1."
3649,Retire.js Scan,Vulnerable dependency,/home/runner/work/juice-shop-DevSecOps/juice-shop-DevSecOps/frontend/node_modules/zone.js/fesm2015/zone-patch-cordova.min.js,,Fixed in working tree,"Angular runtime 20.3.32; old HTTP, Universal and codelyzer copies removed; zone.js 0.15.1."
3652,Retire.js Scan,Vulnerable dependency,/home/runner/work/juice-shop-DevSecOps/juice-shop-DevSecOps/frontend/node_modules/zone.js/fesm2015/zone-patch-fetch.js,,Fixed in working tree,"Angular runtime 20.3.32; old HTTP, Universal and codelyzer copies removed; zone.js 0.15.1."
3654,Retire.js Scan,Vulnerable dependency,/home/runner/work/juice-shop-DevSecOps/juice-shop-DevSecOps/frontend/node_modules/zone.js/fesm2015/zone-patch-fetch.js,,Fixed in working tree,"Angular runtime 20.3.32; old HTTP, Universal and codelyzer copies removed; zone.js 0.15.1."
3657,Retire.js Scan,Vulnerable dependency,/home/runner/work/juice-shop-DevSecOps/juice-shop-DevSecOps/frontend/node_modules/zone.js/fesm2015/zone-patch-fetch.min.js,,Fixed in working tree,"Angular runtime 20.3.32; old HTTP, Universal and codelyzer copies removed; zone.js 0.15.1."
3659,Retire.js Scan,Vulnerable dependency,/home/runner/work/juice-shop-DevSecOps/juice-shop-DevSecOps/frontend/node_modules/zone.js/fesm2015/zone-patch-fetch.min.js,,Fixed in working tree,"Angular runtime 20.3.32; old HTTP, Universal and codelyzer copies removed; zone.js 0.15.1."
3662,Retire.js Scan,Vulnerable dependency,/home/runner/work/juice-shop-DevSecOps/juice-shop-DevSecOps/frontend/node_modules/zone.js/fesm2015/zone-patch-jsonp.js,,Fixed in working tree,"Angular runtime 20.3.32; old HTTP, Universal and codelyzer copies removed; zone.js 0.15.1."
3664,Retire.js Scan,Vulnerable dependency,/home/runner/work/juice-shop-DevSecOps/juice-shop-DevSecOps/frontend/node_modules/zone.js/fesm2015/zone-patch-jsonp.js,,Fixed in working tree,"Angular runtime 20.3.32; old HTTP, Universal and codelyzer copies removed; zone.js 0.15.1."
3667,Retire.js Scan,Vulnerable dependency,/home/runner/work/juice-shop-DevSecOps/juice-shop-DevSecOps/frontend/node_modules/zone.js/fesm2015/zone-patch-jsonp.min.js,,Fixed in working tree,"Angular runtime 20.3.32; old HTTP, Universal and codelyzer copies removed; zone.js 0.15.1."
3669,Retire.js Scan,Vulnerable dependency,/home/runner/work/juice-shop-DevSecOps/juice-shop-DevSecOps/frontend/node_modules/zone.js/fesm2015/zone-patch-jsonp.min.js,,Fixed in working tree,"Angular runtime 20.3.32; old HTTP, Universal and codelyzer copies removed; zone.js 0.15.1."
3672,Retire.js Scan,Vulnerable dependency,/home/runner/work/juice-shop-DevSecOps/juice-shop-DevSecOps/frontend/node_modules/zone.js/fesm2015/zone-patch-message-port.js,,Fixed in working tree,"Angular runtime 20.3.32; old HTTP, Universal and codelyzer copies removed; zone.js 0.15.1."
3674,Retire.js Scan,Vulnerable dependency,/home/runner/work/juice-shop-DevSecOps/juice-shop-DevSecOps/frontend/node_modules/zone.js/fesm2015/zone-patch-message-port.js,,Fixed in working tree,"Angular runtime 20.3.32; old HTTP, Universal and codelyzer copies removed; zone.js 0.15.1."
3677,Retire.js Scan,Vulnerable dependency,/home/runner/work/juice-shop-DevSecOps/juice-shop-DevSecOps/frontend/node_modules/zone.js/fesm2015/zone-patch-message-port.min.js,,Fixed in working tree,"Angular runtime 20.3.32; old HTTP, Universal and codelyzer copies removed; zone.js 0.15.1."
3679,Retire.js Scan,Vulnerable dependency,/home/runner/work/juice-shop-DevSecOps/juice-shop-DevSecOps/frontend/node_modules/zone.js/fesm2015/zone-patch-message-port.min.js,,Fixed in working tree,"Angular runtime 20.3.32; old HTTP, Universal and codelyzer copies removed; zone.js 0.15.1."
3682,Retire.js Scan,Vulnerable dependency,/home/runner/work/juice-shop-DevSecOps/juice-shop-DevSecOps/frontend/node_modules/zone.js/fesm2015/zone-patch-promise-test.min.js,,Fixed in working tree,"Angular runtime 20.3.32; old HTTP, Universal and codelyzer copies removed; zone.js 0.15.1."
3684,Retire.js Scan,Vulnerable dependency,/home/runner/work/juice-shop-DevSecOps/juice-shop-DevSecOps/frontend/node_modules/zone.js/fesm2015/zone-patch-promise-test.min.js,,Fixed in working tree,"Angular runtime 20.3.32; old HTTP, Universal and codelyzer copies removed; zone.js 0.15.1."
3687,Retire.js Scan,Vulnerable dependency,/home/runner/work/juice-shop-DevSecOps/juice-shop-DevSecOps/frontend/node_modules/zone.js/fesm2015/zone-patch-promise-test.js,,Fixed in working tree,"Angular runtime 20.3.32; old HTTP, Universal and codelyzer copies removed; zone.js 0.15.1."
3689,Retire.js Scan,Vulnerable dependency,/home/runner/work/juice-shop-DevSecOps/juice-shop-DevSecOps/frontend/node_modules/zone.js/fesm2015/zone-patch-promise-test.js,,Fixed in working tree,"Angular runtime 20.3.32; old HTTP, Universal and codelyzer copies removed; zone.js 0.15.1."
3692,Retire.js Scan,Vulnerable dependency,/home/runner/work/juice-shop-DevSecOps/juice-shop-DevSecOps/frontend/node_modules/zone.js/fesm2015/zone-patch-resize-observer.js,,Fixed in working tree,"Angular runtime 20.3.32; old HTTP, Universal and codelyzer copies removed; zone.js 0.15.1."
3694,Retire.js Scan,Vulnerable dependency,/home/runner/work/juice-shop-DevSecOps/juice-shop-DevSecOps/frontend/node_modules/zone.js/fesm2015/zone-patch-resize-observer.js,,Fixed in working tree,"Angular runtime 20.3.32; old HTTP, Universal and codelyzer copies removed; zone.js 0.15.1."
3697,Retire.js Scan,Vulnerable dependency,/home/runner/work/juice-shop-DevSecOps/juice-shop-DevSecOps/frontend/node_modules/zone.js/fesm2015/zone-patch-resize-observer.min.js,,Fixed in working tree,"Angular runtime 20.3.32; old HTTP, Universal and codelyzer copies removed; zone.js 0.15.1."
3699,Retire.js Scan,Vulnerable dependency,/home/runner/work/juice-shop-DevSecOps/juice-shop-DevSecOps/frontend/node_modules/zone.js/fesm2015/zone-patch-resize-observer.min.js,,Fixed in working tree,"Angular runtime 20.3.32; old HTTP, Universal and codelyzer copies removed; zone.js 0.15.1."
3702,Retire.js Scan,Vulnerable dependency,/home/runner/work/juice-shop-DevSecOps/juice-shop-DevSecOps/frontend/node_modules/zone.js/fesm2015/zone-patch-rxjs-fake-async.js,,Fixed in working tree,"Angular runtime 20.3.32; old HTTP, Universal and codelyzer copies removed; zone.js 0.15.1."
3704,Retire.js Scan,Vulnerable dependency,/home/runner/work/juice-shop-DevSecOps/juice-shop-DevSecOps/frontend/node_modules/zone.js/fesm2015/zone-patch-rxjs-fake-async.js,,Fixed in working tree,"Angular runtime 20.3.32; old HTTP, Universal and codelyzer copies removed; zone.js 0.15.1."
3707,Retire.js Scan,Vulnerable dependency,/home/runner/work/juice-shop-DevSecOps/juice-shop-DevSecOps/frontend/node_modules/zone.js/fesm2015/zone-patch-rxjs-fake-async.min.js,,Fixed in working tree,"Angular runtime 20.3.32; old HTTP, Universal and codelyzer copies removed; zone.js 0.15.1."
3709,Retire.js Scan,Vulnerable dependency,/home/runner/work/juice-shop-DevSecOps/juice-shop-DevSecOps/frontend/node_modules/zone.js/fesm2015/zone-patch-rxjs-fake-async.min.js,,Fixed in working tree,"Angular runtime 20.3.32; old HTTP, Universal and codelyzer copies removed; zone.js 0.15.1."
3712,Retire.js Scan,Vulnerable dependency,/home/runner/work/juice-shop-DevSecOps/juice-shop-DevSecOps/frontend/node_modules/zone.js/fesm2015/zone-patch-rxjs.min.js,,Fixed in working tree,"Angular runtime 20.3.32; old HTTP, Universal and codelyzer copies removed; zone.js 0.15.1."
3714,Retire.js Scan,Vulnerable dependency,/home/runner/work/juice-shop-DevSecOps/juice-shop-DevSecOps/frontend/node_modules/zone.js/fesm2015/zone-patch-rxjs.min.js,,Fixed in working tree,"Angular runtime 20.3.32; old HTTP, Universal and codelyzer copies removed; zone.js 0.15.1."
3717,Retire.js Scan,Vulnerable dependency,/home/runner/work/juice-shop-DevSecOps/juice-shop-DevSecOps/frontend/node_modules/zone.js/fesm2015/zone-patch-rxjs.js,,Fixed in working tree,"Angular runtime 20.3.32; old HTTP, Universal and codelyzer copies removed; zone.js 0.15.1."
3719,Retire.js Scan,Vulnerable dependency,/home/runner/work/juice-shop-DevSecOps/juice-shop-DevSecOps/frontend/node_modules/zone.js/fesm2015/zone-patch-rxjs.js,,Fixed in working tree,"Angular runtime 20.3.32; old HTTP, Universal and codelyzer copies removed; zone.js 0.15.1."
3722,Retire.js Scan,Vulnerable dependency,/home/runner/work/juice-shop-DevSecOps/juice-shop-DevSecOps/frontend/node_modules/zone.js/fesm2015/zone-patch-socket-io.min.js,,Fixed in working tree,"Angular runtime 20.3.32; old HTTP, Universal and codelyzer copies removed; zone.js 0.15.1."
3724,Retire.js Scan,Vulnerable dependency,/home/runner/work/juice-shop-DevSecOps/juice-shop-DevSecOps/frontend/node_modules/zone.js/fesm2015/zone-patch-socket-io.min.js,,Fixed in working tree,"Angular runtime 20.3.32; old HTTP, Universal and codelyzer copies removed; zone.js 0.15.1."
3727,Retire.js Scan,Vulnerable dependency,/home/runner/work/juice-shop-DevSecOps/juice-shop-DevSecOps/frontend/node_modules/zone.js/fesm2015/zone-patch-user-media.js,,Fixed in working tree,"Angular runtime 20.3.32; old HTTP, Universal and codelyzer copies removed; zone.js 0.15.1."
3729,Retire.js Scan,Vulnerable dependency,/home/runner/work/juice-shop-DevSecOps/juice-shop-DevSecOps/frontend/node_modules/zone.js/fesm2015/zone-patch-user-media.js,,Fixed in working tree,"Angular runtime 20.3.32; old HTTP, Universal and codelyzer copies removed; zone.js 0.15.1."
3732,Retire.js Scan,Vulnerable dependency,/home/runner/work/juice-shop-DevSecOps/juice-shop-DevSecOps/frontend/node_modules/zone.js/fesm2015/zone-patch-user-media.min.js,,Fixed in working tree,"Angular runtime 20.3.32; old HTTP, Universal and codelyzer copies removed; zone.js 0.15.1."
3734,Retire.js Scan,Vulnerable dependency,/home/runner/work/juice-shop-DevSecOps/juice-shop-DevSecOps/frontend/node_modules/zone.js/fesm2015/zone-patch-user-media.min.js,,Fixed in working tree,"Angular runtime 20.3.32; old HTTP, Universal and codelyzer copies removed; zone.js 0.15.1."
3737,Retire.js Scan,Vulnerable dependency,/home/runner/work/juice-shop-DevSecOps/juice-shop-DevSecOps/frontend/node_modules/zone.js/fesm2015/zone-testing-bundle.js,,Fixed in working tree,"Angular runtime 20.3.32; old HTTP, Universal and codelyzer copies removed; zone.js 0.15.1."
3739,Retire.js Scan,Vulnerable dependency,/home/runner/work/juice-shop-DevSecOps/juice-shop-DevSecOps/frontend/node_modules/zone.js/fesm2015/zone-testing-bundle.js,,Fixed in working tree,"Angular runtime 20.3.32; old HTTP, Universal and codelyzer copies removed; zone.js 0.15.1."
3742,Retire.js Scan,Vulnerable dependency,/home/runner/work/juice-shop-DevSecOps/juice-shop-DevSecOps/frontend/node_modules/zone.js/fesm2015/zone-testing-bundle.min.js,,Fixed in working tree,"Angular runtime 20.3.32; old HTTP, Universal and codelyzer copies removed; zone.js 0.15.1."
3744,Retire.js Scan,Vulnerable dependency,/home/runner/work/juice-shop-DevSecOps/juice-shop-DevSecOps/frontend/node_modules/zone.js/fesm2015/zone-testing-bundle.min.js,,Fixed in working tree,"Angular runtime 20.3.32; old HTTP, Universal and codelyzer copies removed; zone.js 0.15.1."
3747,Retire.js Scan,Vulnerable dependency,/home/runner/work/juice-shop-DevSecOps/juice-shop-DevSecOps/frontend/node_modules/zone.js/fesm2015/zone-testing-node-bundle.js,,Fixed in working tree,"Angular runtime 20.3.32; old HTTP, Universal and codelyzer copies removed; zone.js 0.15.1."
3749,Retire.js Scan,Vulnerable dependency,/home/runner/work/juice-shop-DevSecOps/juice-shop-DevSecOps/frontend/node_modules/zone.js/fesm2015/zone-testing-node-bundle.js,,Fixed in working tree,"Angular runtime 20.3.32; old HTTP, Universal and codelyzer copies removed; zone.js 0.15.1."
3752,Retire.js Scan,Vulnerable dependency,/home/runner/work/juice-shop-DevSecOps/juice-shop-DevSecOps/frontend/node_modules/zone.js/fesm2015/zone-testing-node-bundle.min.js,,Fixed in working tree,"Angular runtime 20.3.32; old HTTP, Universal and codelyzer copies removed; zone.js 0.15.1."
3754,Retire.js Scan,Vulnerable dependency,/home/runner/work/juice-shop-DevSecOps/juice-shop-DevSecOps/frontend/node_modules/zone.js/fesm2015/zone-testing-node-bundle.min.js,,Fixed in working tree,"Angular runtime 20.3.32; old HTTP, Universal and codelyzer copies removed; zone.js 0.15.1."
3757,Retire.js Scan,Vulnerable dependency,/home/runner/work/juice-shop-DevSecOps/juice-shop-DevSecOps/frontend/node_modules/zone.js/fesm2015/zone-testing.js,,Fixed in working tree,"Angular runtime 20.3.32; old HTTP, Universal and codelyzer copies removed; zone.js 0.15.1."
3759,Retire.js Scan,Vulnerable dependency,/home/runner/work/juice-shop-DevSecOps/juice-shop-DevSecOps/frontend/node_modules/zone.js/fesm2015/zone-testing.js,,Fixed in working tree,"Angular runtime 20.3.32; old HTTP, Universal and codelyzer copies removed; zone.js 0.15.1."
3762,Retire.js Scan,Vulnerable dependency,/home/runner/work/juice-shop-DevSecOps/juice-shop-DevSecOps/frontend/node_modules/zone.js/fesm2015/zone-patch-socket-io.js,,Fixed in working tree,"Angular runtime 20.3.32; old HTTP, Universal and codelyzer copies removed; zone.js 0.15.1."
3764,Retire.js Scan,Vulnerable dependency,/home/runner/work/juice-shop-DevSecOps/juice-shop-DevSecOps/frontend/node_modules/zone.js/fesm2015/zone-patch-socket-io.js,,Fixed in working tree,"Angular runtime 20.3.32; old HTTP, Universal and codelyzer copies removed; zone.js 0.15.1."
3767,Retire.js Scan,Vulnerable dependency,/home/runner/work/juice-shop-DevSecOps/juice-shop-DevSecOps/frontend/node_modules/zone.js/fesm2015/zone-testing.min.js,,Fixed in working tree,"Angular runtime 20.3.32; old HTTP, Universal and codelyzer copies removed; zone.js 0.15.1."
3769,Retire.js Scan,Vulnerable dependency,/home/runner/work/juice-shop-DevSecOps/juice-shop-DevSecOps/frontend/node_modules/zone.js/fesm2015/zone-testing.min.js,,Fixed in working tree,"Angular runtime 20.3.32; old HTTP, Universal and codelyzer copies removed; zone.js 0.15.1."
3772,Retire.js Scan,Vulnerable dependency,/home/runner/work/juice-shop-DevSecOps/juice-shop-DevSecOps/frontend/node_modules/zone.js/fesm2015/zone.js,,Fixed in working tree,"Angular runtime 20.3.32; old HTTP, Universal and codelyzer copies removed; zone.js 0.15.1."
3774,Retire.js Scan,Vulnerable dependency,/home/runner/work/juice-shop-DevSecOps/juice-shop-DevSecOps/frontend/node_modules/zone.js/fesm2015/zone.js,,Fixed in working tree,"Angular runtime 20.3.32; old HTTP, Universal and codelyzer copies removed; zone.js 0.15.1."
3777,Retire.js Scan,Vulnerable dependency,/home/runner/work/juice-shop-DevSecOps/juice-shop-DevSecOps/frontend/node_modules/zone.js/fesm2015/zone.min.js,,Fixed in working tree,"Angular runtime 20.3.32; old HTTP, Universal and codelyzer copies removed; zone.js 0.15.1."
3779,Retire.js Scan,Vulnerable dependency,/home/runner/work/juice-shop-DevSecOps/juice-shop-DevSecOps/frontend/node_modules/zone.js/fesm2015/zone.min.js,,Fixed in working tree,"Angular runtime 20.3.32; old HTTP, Universal and codelyzer copies removed; zone.js 0.15.1."
3788,Retire.js Scan,Vulnerable dependency,/home/runner/work/juice-shop-DevSecOps/juice-shop-DevSecOps/node_modules/express-jwt/node_modules/moment/moment.js,,Fixed in working tree,Removed obsolete express-jwt 0.1.3 and its Moment dependency.
3789,Retire.js Scan,Vulnerable dependency,/home/runner/work/juice-shop-DevSecOps/juice-shop-DevSecOps/node_modules/express-jwt/node_modules/moment/moment.js,,Fixed in working tree,Removed obsolete express-jwt 0.1.3 and its Moment dependency.
3791,Retire.js Scan,Vulnerable dependency,/home/runner/work/juice-shop-DevSecOps/juice-shop-DevSecOps/node_modules/sanitize-html/node_modules/lodash/lodash.js,,Fixed in working tree,sanitize-html 2.17.7 replaces sanitizer 1.4.2 and obsolete Lodash.
3792,Retire.js Scan,Vulnerable dependency,/home/runner/work/juice-shop-DevSecOps/juice-shop-DevSecOps/node_modules/sanitize-html/node_modules/lodash/lodash.js,,Fixed in working tree,sanitize-html 2.17.7 replaces sanitizer 1.4.2 and obsolete Lodash.
3793,Retire.js Scan,Vulnerable dependency,/home/runner/work/juice-shop-DevSecOps/juice-shop-DevSecOps/node_modules/sanitize-html/node_modules/lodash/lodash.js,,Fixed in working tree,sanitize-html 2.17.7 replaces sanitizer 1.4.2 and obsolete Lodash.
3798,Retire.js Scan,Vulnerable dependency,/home/runner/work/juice-shop-DevSecOps/juice-shop-DevSecOps/frontend/node_modules/@angular/http/bundles/http-testing.umd.js,,Fixed in working tree,"Angular runtime 20.3.32; old HTTP, Universal and codelyzer copies removed; zone.js 0.15.1."
3800,Retire.js Scan,Vulnerable dependency,/home/runner/work/juice-shop-DevSecOps/juice-shop-DevSecOps/frontend/node_modules/@angular/http/bundles/http-testing.umd.js,,Fixed in working tree,"Angular runtime 20.3.32; old HTTP, Universal and codelyzer copies removed; zone.js 0.15.1."
3804,Retire.js Scan,Vulnerable dependency,/home/runner/work/juice-shop-DevSecOps/juice-shop-DevSecOps/frontend/node_modules/@angular/http/bundles/http-testing.umd.min.js,,Fixed in working tree,"Angular runtime 20.3.32; old HTTP, Universal and codelyzer copies removed; zone.js 0.15.1."
3806,Retire.js Scan,Vulnerable dependency,/home/runner/work/juice-shop-DevSecOps/juice-shop-DevSecOps/frontend/node_modules/@angular/http/bundles/http-testing.umd.min.js,,Fixed in working tree,"Angular runtime 20.3.32; old HTTP, Universal and codelyzer copies removed; zone.js 0.15.1."
3810,Retire.js Scan,Vulnerable dependency,/home/runner/work/juice-shop-DevSecOps/juice-shop-DevSecOps/frontend/node_modules/@angular/http/bundles/http.umd.js,,Fixed in working tree,"Angular runtime 20.3.32; old HTTP, Universal and codelyzer copies removed; zone.js 0.15.1."
3812,Retire.js Scan,Vulnerable dependency,/home/runner/work/juice-shop-DevSecOps/juice-shop-DevSecOps/frontend/node_modules/@angular/http/bundles/http.umd.js,,Fixed in working tree,"Angular runtime 20.3.32; old HTTP, Universal and codelyzer copies removed; zone.js 0.15.1."
3816,Retire.js Scan,Vulnerable dependency,/home/runner/work/juice-shop-DevSecOps/juice-shop-DevSecOps/frontend/node_modules/@angular/http/bundles/http.umd.min.js,,Fixed in working tree,"Angular runtime 20.3.32; old HTTP, Universal and codelyzer copies removed; zone.js 0.15.1."
3818,Retire.js Scan,Vulnerable dependency,/home/runner/work/juice-shop-DevSecOps/juice-shop-DevSecOps/frontend/node_modules/@angular/http/bundles/http.umd.min.js,,Fixed in working tree,"Angular runtime 20.3.32; old HTTP, Universal and codelyzer copies removed; zone.js 0.15.1."
3822,Retire.js Scan,Vulnerable dependency,/home/runner/work/juice-shop-DevSecOps/juice-shop-DevSecOps/frontend/node_modules/@angular/http/fesm2015/http.js,,Fixed in working tree,"Angular runtime 20.3.32; old HTTP, Universal and codelyzer copies removed; zone.js 0.15.1."
3824,Retire.js Scan,Vulnerable dependency,/home/runner/work/juice-shop-DevSecOps/juice-shop-DevSecOps/frontend/node_modules/@angular/http/fesm2015/http.js,,Fixed in working tree,"Angular runtime 20.3.32; old HTTP, Universal and codelyzer copies removed; zone.js 0.15.1."
3828,Retire.js Scan,Vulnerable dependency,/home/runner/work/juice-shop-DevSecOps/juice-shop-DevSecOps/frontend/node_modules/@angular/http/fesm2015/testing.js,,Fixed in working tree,"Angular runtime 20.3.32; old HTTP, Universal and codelyzer copies removed; zone.js 0.15.1."
3830,Retire.js Scan,Vulnerable dependency,/home/runner/work/juice-shop-DevSecOps/juice-shop-DevSecOps/frontend/node_modules/@angular/http/fesm2015/testing.js,,Fixed in working tree,"Angular runtime 20.3.32; old HTTP, Universal and codelyzer copies removed; zone.js 0.15.1."
3834,Retire.js Scan,Vulnerable dependency,/home/runner/work/juice-shop-DevSecOps/juice-shop-DevSecOps/frontend/node_modules/@angular/http/fesm5/http.js,,Fixed in working tree,"Angular runtime 20.3.32; old HTTP, Universal and codelyzer copies removed; zone.js 0.15.1."
3836,Retire.js Scan,Vulnerable dependency,/home/runner/work/juice-shop-DevSecOps/juice-shop-DevSecOps/frontend/node_modules/@angular/http/fesm5/http.js,,Fixed in working tree,"Angular runtime 20.3.32; old HTTP, Universal and codelyzer copies removed; zone.js 0.15.1."
3840,Retire.js Scan,Vulnerable dependency,/home/runner/work/juice-shop-DevSecOps/juice-shop-DevSecOps/frontend/node_modules/@angular/http/fesm5/testing.js,,Fixed in working tree,"Angular runtime 20.3.32; old HTTP, Universal and codelyzer copies removed; zone.js 0.15.1."
3842,Retire.js Scan,Vulnerable dependency,/home/runner/work/juice-shop-DevSecOps/juice-shop-DevSecOps/frontend/node_modules/@angular/http/fesm5/testing.js,,Fixed in working tree,"Angular runtime 20.3.32; old HTTP, Universal and codelyzer copies removed; zone.js 0.15.1."
3845,Retire.js Scan,Vulnerable dependency,/home/runner/work/juice-shop-DevSecOps/juice-shop-DevSecOps/frontend/node_modules/@angular/language-service/bundles/language-service.js,,Fixed in working tree,"Angular runtime 20.3.32; old HTTP, Universal and codelyzer copies removed; zone.js 0.15.1."
3847,Retire.js Scan,Vulnerable dependency,/home/runner/work/juice-shop-DevSecOps/juice-shop-DevSecOps/frontend/node_modules/@angular/language-service/bundles/language-service.js,,Fixed in working tree,"Angular runtime 20.3.32; old HTTP, Universal and codelyzer copies removed; zone.js 0.15.1."
3850,Retire.js Scan,Vulnerable dependency,/home/runner/work/juice-shop-DevSecOps/juice-shop-DevSecOps/node_modules/express-jwt/node_modules/moment/min/moment.min.js,,Fixed in working tree,Removed obsolete express-jwt 0.1.3 and its Moment dependency.
3851,Retire.js Scan,Vulnerable dependency,/home/runner/work/juice-shop-DevSecOps/juice-shop-DevSecOps/node_modules/express-jwt/node_modules/moment/min/moment.min.js,,Fixed in working tree,Removed obsolete express-jwt 0.1.3 and its Moment dependency.
3853,Retire.js Scan,Vulnerable dependency,/home/runner/work/juice-shop-DevSecOps/juice-shop-DevSecOps/node_modules/sanitize-html/node_modules/lodash/dist/lodash.js,,Fixed in working tree,sanitize-html 2.17.7 replaces sanitizer 1.4.2 and obsolete Lodash.
3854,Retire.js Scan,Vulnerable dependency,/home/runner/work/juice-shop-DevSecOps/juice-shop-DevSecOps/node_modules/sanitize-html/node_modules/lodash/dist/lodash.js,,Fixed in working tree,sanitize-html 2.17.7 replaces sanitizer 1.4.2 and obsolete Lodash.
3855,Retire.js Scan,Vulnerable dependency,/home/runner/work/juice-shop-DevSecOps/juice-shop-DevSecOps/node_modules/sanitize-html/node_modules/lodash/dist/lodash.js,,Fixed in working tree,sanitize-html 2.17.7 replaces sanitizer 1.4.2 and obsolete Lodash.
3858,Retire.js Scan,Vulnerable dependency,/home/runner/work/juice-shop-DevSecOps/juice-shop-DevSecOps/node_modules/sanitize-html/node_modules/lodash/dist/lodash.min.js,,Fixed in working tree,sanitize-html 2.17.7 replaces sanitizer 1.4.2 and obsolete Lodash.
3859,Retire.js Scan,Vulnerable dependency,/home/runner/work/juice-shop-DevSecOps/juice-shop-DevSecOps/node_modules/sanitize-html/node_modules/lodash/dist/lodash.min.js,,Fixed in working tree,sanitize-html 2.17.7 replaces sanitizer 1.4.2 and obsolete Lodash.
3860,Retire.js Scan,Vulnerable dependency,/home/runner/work/juice-shop-DevSecOps/juice-shop-DevSecOps/node_modules/sanitize-html/node_modules/lodash/dist/lodash.min.js,,Fixed in working tree,sanitize-html 2.17.7 replaces sanitizer 1.4.2 and obsolete Lodash.
3865,Retire.js Scan,Vulnerable dependency,/home/runner/work/juice-shop-DevSecOps/juice-shop-DevSecOps/frontend/node_modules/codelyzer/node_modules/zone.js/dist/async-test.js,,Fixed in working tree,"Angular runtime 20.3.32; old HTTP, Universal and codelyzer copies removed; zone.js 0.15.1."
3867,Retire.js Scan,Vulnerable dependency,/home/runner/work/juice-shop-DevSecOps/juice-shop-DevSecOps/frontend/node_modules/codelyzer/node_modules/zone.js/dist/async-test.js,,Fixed in working tree,"Angular runtime 20.3.32; old HTTP, Universal and codelyzer copies removed; zone.js 0.15.1."
3871,Retire.js Scan,Vulnerable dependency,/home/runner/work/juice-shop-DevSecOps/juice-shop-DevSecOps/frontend/node_modules/codelyzer/node_modules/zone.js/dist/fake-async-test.js,,Fixed in working tree,"Angular runtime 20.3.32; old HTTP, Universal and codelyzer copies removed; zone.js 0.15.1."
3873,Retire.js Scan,Vulnerable dependency,/home/runner/work/juice-shop-DevSecOps/juice-shop-DevSecOps/frontend/node_modules/codelyzer/node_modules/zone.js/dist/fake-async-test.js,,Fixed in working tree,"Angular runtime 20.3.32; old HTTP, Universal and codelyzer copies removed; zone.js 0.15.1."
3877,Retire.js Scan,Vulnerable dependency,/home/runner/work/juice-shop-DevSecOps/juice-shop-DevSecOps/frontend/node_modules/codelyzer/node_modules/zone.js/dist/fake-async-test.min.js,,Fixed in working tree,"Angular runtime 20.3.32; old HTTP, Universal and codelyzer copies removed; zone.js 0.15.1."
3879,Retire.js Scan,Vulnerable dependency,/home/runner/work/juice-shop-DevSecOps/juice-shop-DevSecOps/frontend/node_modules/codelyzer/node_modules/zone.js/dist/fake-async-test.min.js,,Fixed in working tree,"Angular runtime 20.3.32; old HTTP, Universal and codelyzer copies removed; zone.js 0.15.1."
3883,Retire.js Scan,Vulnerable dependency,/home/runner/work/juice-shop-DevSecOps/juice-shop-DevSecOps/frontend/node_modules/codelyzer/node_modules/zone.js/dist/async-test.min.js,,Fixed in working tree,"Angular runtime 20.3.32; old HTTP, Universal and codelyzer copies removed; zone.js 0.15.1."
3885,Retire.js Scan,Vulnerable dependency,/home/runner/work/juice-shop-DevSecOps/juice-shop-DevSecOps/frontend/node_modules/codelyzer/node_modules/zone.js/dist/async-test.min.js,,Fixed in working tree,"Angular runtime 20.3.32; old HTTP, Universal and codelyzer copies removed; zone.js 0.15.1."
3889,Retire.js Scan,Vulnerable dependency,/home/runner/work/juice-shop-DevSecOps/juice-shop-DevSecOps/frontend/node_modules/codelyzer/node_modules/zone.js/dist/jasmine-patch.js,,Fixed in working tree,"Angular runtime 20.3.32; old HTTP, Universal and codelyzer copies removed; zone.js 0.15.1."
3891,Retire.js Scan,Vulnerable dependency,/home/runner/work/juice-shop-DevSecOps/juice-shop-DevSecOps/frontend/node_modules/codelyzer/node_modules/zone.js/dist/jasmine-patch.js,,Fixed in working tree,"Angular runtime 20.3.32; old HTTP, Universal and codelyzer copies removed; zone.js 0.15.1."
3895,Retire.js Scan,Vulnerable dependency,/home/runner/work/juice-shop-DevSecOps/juice-shop-DevSecOps/frontend/node_modules/codelyzer/node_modules/zone.js/dist/long-stack-trace-zone.js,,Fixed in working tree,"Angular runtime 20.3.32; old HTTP, Universal and codelyzer copies removed; zone.js 0.15.1."
3897,Retire.js Scan,Vulnerable dependency,/home/runner/work/juice-shop-DevSecOps/juice-shop-DevSecOps/frontend/node_modules/codelyzer/node_modules/zone.js/dist/long-stack-trace-zone.js,,Fixed in working tree,"Angular runtime 20.3.32; old HTTP, Universal and codelyzer copies removed; zone.js 0.15.1."
3901,Retire.js Scan,Vulnerable dependency,/home/runner/work/juice-shop-DevSecOps/juice-shop-DevSecOps/frontend/node_modules/codelyzer/node_modules/zone.js/dist/long-stack-trace-zone.min.js,,Fixed in working tree,"Angular runtime 20.3.32; old HTTP, Universal and codelyzer copies removed; zone.js 0.15.1."
3903,Retire.js Scan,Vulnerable dependency,/home/runner/work/juice-shop-DevSecOps/juice-shop-DevSecOps/frontend/node_modules/codelyzer/node_modules/zone.js/dist/long-stack-trace-zone.min.js,,Fixed in working tree,"Angular runtime 20.3.32; old HTTP, Universal and codelyzer copies removed; zone.js 0.15.1."
3907,Retire.js Scan,Vulnerable dependency,/home/runner/work/juice-shop-DevSecOps/juice-shop-DevSecOps/frontend/node_modules/codelyzer/node_modules/zone.js/dist/jasmine-patch.min.js,,Fixed in working tree,"Angular runtime 20.3.32; old HTTP, Universal and codelyzer copies removed; zone.js 0.15.1."
3909,Retire.js Scan,Vulnerable dependency,/home/runner/work/juice-shop-DevSecOps/juice-shop-DevSecOps/frontend/node_modules/codelyzer/node_modules/zone.js/dist/jasmine-patch.min.js,,Fixed in working tree,"Angular runtime 20.3.32; old HTTP, Universal and codelyzer copies removed; zone.js 0.15.1."
3913,Retire.js Scan,Vulnerable dependency,/home/runner/work/juice-shop-DevSecOps/juice-shop-DevSecOps/frontend/node_modules/codelyzer/node_modules/zone.js/dist/mocha-patch.js,,Fixed in working tree,"Angular runtime 20.3.32; old HTTP, Universal and codelyzer copies removed; zone.js 0.15.1."
3915,Retire.js Scan,Vulnerable dependency,/home/runner/work/juice-shop-DevSecOps/juice-shop-DevSecOps/frontend/node_modules/codelyzer/node_modules/zone.js/dist/mocha-patch.js,,Fixed in working tree,"Angular runtime 20.3.32; old HTTP, Universal and codelyzer copies removed; zone.js 0.15.1."
3919,Retire.js Scan,Vulnerable dependency,/home/runner/work/juice-shop-DevSecOps/juice-shop-DevSecOps/frontend/node_modules/codelyzer/node_modules/zone.js/dist/mocha-patch.min.js,,Fixed in working tree,"Angular runtime 20.3.32; old HTTP, Universal and codelyzer copies removed; zone.js 0.15.1."
3921,Retire.js Scan,Vulnerable dependency,/home/runner/work/juice-shop-DevSecOps/juice-shop-DevSecOps/frontend/node_modules/codelyzer/node_modules/zone.js/dist/mocha-patch.min.js,,Fixed in working tree,"Angular runtime 20.3.32; old HTTP, Universal and codelyzer copies removed; zone.js 0.15.1."
3925,Retire.js Scan,Vulnerable dependency,/home/runner/work/juice-shop-DevSecOps/juice-shop-DevSecOps/frontend/node_modules/codelyzer/node_modules/zone.js/dist/proxy.js,,Fixed in working tree,"Angular runtime 20.3.32; old HTTP, Universal and codelyzer copies removed; zone.js 0.15.1."
3927,Retire.js Scan,Vulnerable dependency,/home/runner/work/juice-shop-DevSecOps/juice-shop-DevSecOps/frontend/node_modules/codelyzer/node_modules/zone.js/dist/proxy.js,,Fixed in working tree,"Angular runtime 20.3.32; old HTTP, Universal and codelyzer copies removed; zone.js 0.15.1."
3931,Retire.js Scan,Vulnerable dependency,/home/runner/work/juice-shop-DevSecOps/juice-shop-DevSecOps/frontend/node_modules/codelyzer/node_modules/zone.js/dist/proxy.min.js,,Fixed in working tree,"Angular runtime 20.3.32; old HTTP, Universal and codelyzer copies removed; zone.js 0.15.1."
3933,Retire.js Scan,Vulnerable dependency,/home/runner/work/juice-shop-DevSecOps/juice-shop-DevSecOps/frontend/node_modules/codelyzer/node_modules/zone.js/dist/proxy.min.js,,Fixed in working tree,"Angular runtime 20.3.32; old HTTP, Universal and codelyzer copies removed; zone.js 0.15.1."
3937,Retire.js Scan,Vulnerable dependency,/home/runner/work/juice-shop-DevSecOps/juice-shop-DevSecOps/frontend/node_modules/codelyzer/node_modules/zone.js/dist/sync-test.js,,Fixed in working tree,"Angular runtime 20.3.32; old HTTP, Universal and codelyzer copies removed; zone.js 0.15.1."
3939,Retire.js Scan,Vulnerable dependency,/home/runner/work/juice-shop-DevSecOps/juice-shop-DevSecOps/frontend/node_modules/codelyzer/node_modules/zone.js/dist/sync-test.js,,Fixed in working tree,"Angular runtime 20.3.32; old HTTP, Universal and codelyzer copies removed; zone.js 0.15.1."
3943,Retire.js Scan,Vulnerable dependency,/home/runner/work/juice-shop-DevSecOps/juice-shop-DevSecOps/frontend/node_modules/codelyzer/node_modules/zone.js/dist/task-tracking.js,,Fixed in working tree,"Angular runtime 20.3.32; old HTTP, Universal and codelyzer copies removed; zone.js 0.15.1."
3945,Retire.js Scan,Vulnerable dependency,/home/runner/work/juice-shop-DevSecOps/juice-shop-DevSecOps/frontend/node_modules/codelyzer/node_modules/zone.js/dist/task-tracking.js,,Fixed in working tree,"Angular runtime 20.3.32; old HTTP, Universal and codelyzer copies removed; zone.js 0.15.1."
3949,Retire.js Scan,Vulnerable dependency,/home/runner/work/juice-shop-DevSecOps/juice-shop-DevSecOps/frontend/node_modules/codelyzer/node_modules/zone.js/dist/sync-test.min.js,,Fixed in working tree,"Angular runtime 20.3.32; old HTTP, Universal and codelyzer copies removed; zone.js 0.15.1."
3951,Retire.js Scan,Vulnerable dependency,/home/runner/work/juice-shop-DevSecOps/juice-shop-DevSecOps/frontend/node_modules/codelyzer/node_modules/zone.js/dist/sync-test.min.js,,Fixed in working tree,"Angular runtime 20.3.32; old HTTP, Universal and codelyzer copies removed; zone.js 0.15.1."
3955,Retire.js Scan,Vulnerable dependency,/home/runner/work/juice-shop-DevSecOps/juice-shop-DevSecOps/frontend/node_modules/codelyzer/node_modules/zone.js/dist/task-tracking.min.js,,Fixed in working tree,"Angular runtime 20.3.32; old HTTP, Universal and codelyzer copies removed; zone.js 0.15.1."
3957,Retire.js Scan,Vulnerable dependency,/home/runner/work/juice-shop-DevSecOps/juice-shop-DevSecOps/frontend/node_modules/codelyzer/node_modules/zone.js/dist/task-tracking.min.js,,Fixed in working tree,"Angular runtime 20.3.32; old HTTP, Universal and codelyzer copies removed; zone.js 0.15.1."
3961,Retire.js Scan,Vulnerable dependency,/home/runner/work/juice-shop-DevSecOps/juice-shop-DevSecOps/frontend/node_modules/codelyzer/node_modules/zone.js/dist/webapis-media-query.js,,Fixed in working tree,"Angular runtime 20.3.32; old HTTP, Universal and codelyzer copies removed; zone.js 0.15.1."
3963,Retire.js Scan,Vulnerable dependency,/home/runner/work/juice-shop-DevSecOps/juice-shop-DevSecOps/frontend/node_modules/codelyzer/node_modules/zone.js/dist/webapis-media-query.js,,Fixed in working tree,"Angular runtime 20.3.32; old HTTP, Universal and codelyzer copies removed; zone.js 0.15.1."
3967,Retire.js Scan,Vulnerable dependency,/home/runner/work/juice-shop-DevSecOps/juice-shop-DevSecOps/frontend/node_modules/codelyzer/node_modules/zone.js/dist/webapis-media-query.min.js,,Fixed in working tree,"Angular runtime 20.3.32; old HTTP, Universal and codelyzer copies removed; zone.js 0.15.1."
3969,Retire.js Scan,Vulnerable dependency,/home/runner/work/juice-shop-DevSecOps/juice-shop-DevSecOps/frontend/node_modules/codelyzer/node_modules/zone.js/dist/webapis-media-query.min.js,,Fixed in working tree,"Angular runtime 20.3.32; old HTTP, Universal and codelyzer copies removed; zone.js 0.15.1."
3973,Retire.js Scan,Vulnerable dependency,/home/runner/work/juice-shop-DevSecOps/juice-shop-DevSecOps/frontend/node_modules/codelyzer/node_modules/zone.js/dist/webapis-notification.js,,Fixed in working tree,"Angular runtime 20.3.32; old HTTP, Universal and codelyzer copies removed; zone.js 0.15.1."
3975,Retire.js Scan,Vulnerable dependency,/home/runner/work/juice-shop-DevSecOps/juice-shop-DevSecOps/frontend/node_modules/codelyzer/node_modules/zone.js/dist/webapis-notification.js,,Fixed in working tree,"Angular runtime 20.3.32; old HTTP, Universal and codelyzer copies removed; zone.js 0.15.1."
3979,Retire.js Scan,Vulnerable dependency,/home/runner/work/juice-shop-DevSecOps/juice-shop-DevSecOps/frontend/node_modules/codelyzer/node_modules/zone.js/dist/webapis-notification.min.js,,Fixed in working tree,"Angular runtime 20.3.32; old HTTP, Universal and codelyzer copies removed; zone.js 0.15.1."
3981,Retire.js Scan,Vulnerable dependency,/home/runner/work/juice-shop-DevSecOps/juice-shop-DevSecOps/frontend/node_modules/codelyzer/node_modules/zone.js/dist/webapis-notification.min.js,,Fixed in working tree,"Angular runtime 20.3.32; old HTTP, Universal and codelyzer copies removed; zone.js 0.15.1."
3985,Retire.js Scan,Vulnerable dependency,/home/runner/work/juice-shop-DevSecOps/juice-shop-DevSecOps/frontend/node_modules/codelyzer/node_modules/zone.js/dist/webapis-rtc-peer-connection.js,,Fixed in working tree,"Angular runtime 20.3.32; old HTTP, Universal and codelyzer copies removed; zone.js 0.15.1."
3987,Retire.js Scan,Vulnerable dependency,/home/runner/work/juice-shop-DevSecOps/juice-shop-DevSecOps/frontend/node_modules/codelyzer/node_modules/zone.js/dist/webapis-rtc-peer-connection.js,,Fixed in working tree,"Angular runtime 20.3.32; old HTTP, Universal and codelyzer copies removed; zone.js 0.15.1."
3991,Retire.js Scan,Vulnerable dependency,/home/runner/work/juice-shop-DevSecOps/juice-shop-DevSecOps/frontend/node_modules/codelyzer/node_modules/zone.js/dist/webapis-rtc-peer-connection.min.js,,Fixed in working tree,"Angular runtime 20.3.32; old HTTP, Universal and codelyzer copies removed; zone.js 0.15.1."
3993,Retire.js Scan,Vulnerable dependency,/home/runner/work/juice-shop-DevSecOps/juice-shop-DevSecOps/frontend/node_modules/codelyzer/node_modules/zone.js/dist/webapis-rtc-peer-connection.min.js,,Fixed in working tree,"Angular runtime 20.3.32; old HTTP, Universal and codelyzer copies removed; zone.js 0.15.1."
3997,Retire.js Scan,Vulnerable dependency,/home/runner/work/juice-shop-DevSecOps/juice-shop-DevSecOps/frontend/node_modules/codelyzer/node_modules/zone.js/dist/webapis-shadydom.js,,Fixed in working tree,"Angular runtime 20.3.32; old HTTP, Universal and codelyzer copies removed; zone.js 0.15.1."
3999,Retire.js Scan,Vulnerable dependency,/home/runner/work/juice-shop-DevSecOps/juice-shop-DevSecOps/frontend/node_modules/codelyzer/node_modules/zone.js/dist/webapis-shadydom.js,,Fixed in working tree,"Angular runtime 20.3.32; old HTTP, Universal and codelyzer copies removed; zone.js 0.15.1."
4003,Retire.js Scan,Vulnerable dependency,/home/runner/work/juice-shop-DevSecOps/juice-shop-DevSecOps/frontend/node_modules/codelyzer/node_modules/zone.js/dist/wtf.js,,Fixed in working tree,"Angular runtime 20.3.32; old HTTP, Universal and codelyzer copies removed; zone.js 0.15.1."
4005,Retire.js Scan,Vulnerable dependency,/home/runner/work/juice-shop-DevSecOps/juice-shop-DevSecOps/frontend/node_modules/codelyzer/node_modules/zone.js/dist/wtf.js,,Fixed in working tree,"Angular runtime 20.3.32; old HTTP, Universal and codelyzer copies removed; zone.js 0.15.1."
4009,Retire.js Scan,Vulnerable dependency,/home/runner/work/juice-shop-DevSecOps/juice-shop-DevSecOps/frontend/node_modules/codelyzer/node_modules/zone.js/dist/webapis-shadydom.min.js,,Fixed in working tree,"Angular runtime 20.3.32; old HTTP, Universal and codelyzer copies removed; zone.js 0.15.1."
4011,Retire.js Scan,Vulnerable dependency,/home/runner/work/juice-shop-DevSecOps/juice-shop-DevSecOps/frontend/node_modules/codelyzer/node_modules/zone.js/dist/webapis-shadydom.min.js,,Fixed in working tree,"Angular runtime 20.3.32; old HTTP, Universal and codelyzer copies removed; zone.js 0.15.1."
4015,Retire.js Scan,Vulnerable dependency,/home/runner/work/juice-shop-DevSecOps/juice-shop-DevSecOps/frontend/node_modules/codelyzer/node_modules/zone.js/dist/wtf.min.js,,Fixed in working tree,"Angular runtime 20.3.32; old HTTP, Universal and codelyzer copies removed; zone.js 0.15.1."
4017,Retire.js Scan,Vulnerable dependency,/home/runner/work/juice-shop-DevSecOps/juice-shop-DevSecOps/frontend/node_modules/codelyzer/node_modules/zone.js/dist/wtf.min.js,,Fixed in working tree,"Angular runtime 20.3.32; old HTTP, Universal and codelyzer copies removed; zone.js 0.15.1."
4021,Retire.js Scan,Vulnerable dependency,/home/runner/work/juice-shop-DevSecOps/juice-shop-DevSecOps/frontend/node_modules/codelyzer/node_modules/zone.js/dist/zone-bluebird.js,,Fixed in working tree,"Angular runtime 20.3.32; old HTTP, Universal and codelyzer copies removed; zone.js 0.15.1."
4023,Retire.js Scan,Vulnerable dependency,/home/runner/work/juice-shop-DevSecOps/juice-shop-DevSecOps/frontend/node_modules/codelyzer/node_modules/zone.js/dist/zone-bluebird.js,,Fixed in working tree,"Angular runtime 20.3.32; old HTTP, Universal and codelyzer copies removed; zone.js 0.15.1."
4027,Retire.js Scan,Vulnerable dependency,/home/runner/work/juice-shop-DevSecOps/juice-shop-DevSecOps/frontend/node_modules/codelyzer/node_modules/zone.js/dist/zone-bluebird.min.js,,Fixed in working tree,"Angular runtime 20.3.32; old HTTP, Universal and codelyzer copies removed; zone.js 0.15.1."
4029,Retire.js Scan,Vulnerable dependency,/home/runner/work/juice-shop-DevSecOps/juice-shop-DevSecOps/frontend/node_modules/codelyzer/node_modules/zone.js/dist/zone-bluebird.min.js,,Fixed in working tree,"Angular runtime 20.3.32; old HTTP, Universal and codelyzer copies removed; zone.js 0.15.1."
4033,Retire.js Scan,Vulnerable dependency,/home/runner/work/juice-shop-DevSecOps/juice-shop-DevSecOps/frontend/node_modules/codelyzer/node_modules/zone.js/dist/zone-error.js,,Fixed in working tree,"Angular runtime 20.3.32; old HTTP, Universal and codelyzer copies removed; zone.js 0.15.1."
4035,Retire.js Scan,Vulnerable dependency,/home/runner/work/juice-shop-DevSecOps/juice-shop-DevSecOps/frontend/node_modules/codelyzer/node_modules/zone.js/dist/zone-error.js,,Fixed in working tree,"Angular runtime 20.3.32; old HTTP, Universal and codelyzer copies removed; zone.js 0.15.1."
4039,Retire.js Scan,Vulnerable dependency,/home/runner/work/juice-shop-DevSecOps/juice-shop-DevSecOps/frontend/node_modules/codelyzer/node_modules/zone.js/dist/zone-error.min.js,,Fixed in working tree,"Angular runtime 20.3.32; old HTTP, Universal and codelyzer copies removed; zone.js 0.15.1."
4041,Retire.js Scan,Vulnerable dependency,/home/runner/work/juice-shop-DevSecOps/juice-shop-DevSecOps/frontend/node_modules/codelyzer/node_modules/zone.js/dist/zone-error.min.js,,Fixed in working tree,"Angular runtime 20.3.32; old HTTP, Universal and codelyzer copies removed; zone.js 0.15.1."
4045,Retire.js Scan,Vulnerable dependency,/home/runner/work/juice-shop-DevSecOps/juice-shop-DevSecOps/frontend/node_modules/codelyzer/node_modules/zone.js/dist/zone-evergreen-testing-bundle.js,,Fixed in working tree,"Angular runtime 20.3.32; old HTTP, Universal and codelyzer copies removed; zone.js 0.15.1."
4047,Retire.js Scan,Vulnerable dependency,/home/runner/work/juice-shop-DevSecOps/juice-shop-DevSecOps/frontend/node_modules/codelyzer/node_modules/zone.js/dist/zone-evergreen-testing-bundle.js,,Fixed in working tree,"Angular runtime 20.3.32; old HTTP, Universal and codelyzer copies removed; zone.js 0.15.1."
4051,Retire.js Scan,Vulnerable dependency,/home/runner/work/juice-shop-DevSecOps/juice-shop-DevSecOps/frontend/node_modules/codelyzer/node_modules/zone.js/dist/zone-evergreen-testing-bundle.min.js,,Fixed in working tree,"Angular runtime 20.3.32; old HTTP, Universal and codelyzer copies removed; zone.js 0.15.1."
4053,Retire.js Scan,Vulnerable dependency,/home/runner/work/juice-shop-DevSecOps/juice-shop-DevSecOps/frontend/node_modules/codelyzer/node_modules/zone.js/dist/zone-evergreen-testing-bundle.min.js,,Fixed in working tree,"Angular runtime 20.3.32; old HTTP, Universal and codelyzer copies removed; zone.js 0.15.1."
4057,Retire.js Scan,Vulnerable dependency,/home/runner/work/juice-shop-DevSecOps/juice-shop-DevSecOps/frontend/node_modules/codelyzer/node_modules/zone.js/dist/zone-evergreen.js,,Fixed in working tree,"Angular runtime 20.3.32; old HTTP, Universal and codelyzer copies removed; zone.js 0.15.1."
4059,Retire.js Scan,Vulnerable dependency,/home/runner/work/juice-shop-DevSecOps/juice-shop-DevSecOps/frontend/node_modules/codelyzer/node_modules/zone.js/dist/zone-evergreen.js,,Fixed in working tree,"Angular runtime 20.3.32; old HTTP, Universal and codelyzer copies removed; zone.js 0.15.1."
4063,Retire.js Scan,Vulnerable dependency,/home/runner/work/juice-shop-DevSecOps/juice-shop-DevSecOps/frontend/node_modules/codelyzer/node_modules/zone.js/dist/zone-evergreen.min.js,,Fixed in working tree,"Angular runtime 20.3.32; old HTTP, Universal and codelyzer copies removed; zone.js 0.15.1."
4065,Retire.js Scan,Vulnerable dependency,/home/runner/work/juice-shop-DevSecOps/juice-shop-DevSecOps/frontend/node_modules/codelyzer/node_modules/zone.js/dist/zone-evergreen.min.js,,Fixed in working tree,"Angular runtime 20.3.32; old HTTP, Universal and codelyzer copies removed; zone.js 0.15.1."
4069,Retire.js Scan,Vulnerable dependency,/home/runner/work/juice-shop-DevSecOps/juice-shop-DevSecOps/frontend/node_modules/codelyzer/node_modules/zone.js/dist/zone-legacy.js,,Fixed in working tree,"Angular runtime 20.3.32; old HTTP, Universal and codelyzer copies removed; zone.js 0.15.1."
4071,Retire.js Scan,Vulnerable dependency,/home/runner/work/juice-shop-DevSecOps/juice-shop-DevSecOps/frontend/node_modules/codelyzer/node_modules/zone.js/dist/zone-legacy.js,,Fixed in working tree,"Angular runtime 20.3.32; old HTTP, Universal and codelyzer copies removed; zone.js 0.15.1."
4075,Retire.js Scan,Vulnerable dependency,/home/runner/work/juice-shop-DevSecOps/juice-shop-DevSecOps/frontend/node_modules/codelyzer/node_modules/zone.js/dist/zone-legacy.min.js,,Fixed in working tree,"Angular runtime 20.3.32; old HTTP, Universal and codelyzer copies removed; zone.js 0.15.1."
4077,Retire.js Scan,Vulnerable dependency,/home/runner/work/juice-shop-DevSecOps/juice-shop-DevSecOps/frontend/node_modules/codelyzer/node_modules/zone.js/dist/zone-legacy.min.js,,Fixed in working tree,"Angular runtime 20.3.32; old HTTP, Universal and codelyzer copies removed; zone.js 0.15.1."
4081,Retire.js Scan,Vulnerable dependency,/home/runner/work/juice-shop-DevSecOps/juice-shop-DevSecOps/frontend/node_modules/codelyzer/node_modules/zone.js/dist/zone-mix.js,,Fixed in working tree,"Angular runtime 20.3.32; old HTTP, Universal and codelyzer copies removed; zone.js 0.15.1."
4083,Retire.js Scan,Vulnerable dependency,/home/runner/work/juice-shop-DevSecOps/juice-shop-DevSecOps/frontend/node_modules/codelyzer/node_modules/zone.js/dist/zone-mix.js,,Fixed in working tree,"Angular runtime 20.3.32; old HTTP, Universal and codelyzer copies removed; zone.js 0.15.1."
4087,Retire.js Scan,Vulnerable dependency,/home/runner/work/juice-shop-DevSecOps/juice-shop-DevSecOps/frontend/node_modules/codelyzer/node_modules/zone.js/dist/zone-mix.min.js,,Fixed in working tree,"Angular runtime 20.3.32; old HTTP, Universal and codelyzer copies removed; zone.js 0.15.1."
4089,Retire.js Scan,Vulnerable dependency,/home/runner/work/juice-shop-DevSecOps/juice-shop-DevSecOps/frontend/node_modules/codelyzer/node_modules/zone.js/dist/zone-mix.min.js,,Fixed in working tree,"Angular runtime 20.3.32; old HTTP, Universal and codelyzer copies removed; zone.js 0.15.1."
4093,Retire.js Scan,Vulnerable dependency,/home/runner/work/juice-shop-DevSecOps/juice-shop-DevSecOps/frontend/node_modules/codelyzer/node_modules/zone.js/dist/zone-node.js,,Fixed in working tree,"Angular runtime 20.3.32; old HTTP, Universal and codelyzer copies removed; zone.js 0.15.1."
4095,Retire.js Scan,Vulnerable dependency,/home/runner/work/juice-shop-DevSecOps/juice-shop-DevSecOps/frontend/node_modules/codelyzer/node_modules/zone.js/dist/zone-node.js,,Fixed in working tree,"Angular runtime 20.3.32; old HTTP, Universal and codelyzer copies removed; zone.js 0.15.1."
4099,Retire.js Scan,Vulnerable dependency,/home/runner/work/juice-shop-DevSecOps/juice-shop-DevSecOps/frontend/node_modules/codelyzer/node_modules/zone.js/dist/zone-node.min.js,,Fixed in working tree,"Angular runtime 20.3.32; old HTTP, Universal and codelyzer copies removed; zone.js 0.15.1."
4101,Retire.js Scan,Vulnerable dependency,/home/runner/work/juice-shop-DevSecOps/juice-shop-DevSecOps/frontend/node_modules/codelyzer/node_modules/zone.js/dist/zone-node.min.js,,Fixed in working tree,"Angular runtime 20.3.32; old HTTP, Universal and codelyzer copies removed; zone.js 0.15.1."
4105,Retire.js Scan,Vulnerable dependency,/home/runner/work/juice-shop-DevSecOps/juice-shop-DevSecOps/frontend/node_modules/codelyzer/node_modules/zone.js/dist/zone-patch-canvas.js,,Fixed in working tree,"Angular runtime 20.3.32; old HTTP, Universal and codelyzer copies removed; zone.js 0.15.1."
4107,Retire.js Scan,Vulnerable dependency,/home/runner/work/juice-shop-DevSecOps/juice-shop-DevSecOps/frontend/node_modules/codelyzer/node_modules/zone.js/dist/zone-patch-canvas.js,,Fixed in working tree,"Angular runtime 20.3.32; old HTTP, Universal and codelyzer copies removed; zone.js 0.15.1."
4111,Retire.js Scan,Vulnerable dependency,/home/runner/work/juice-shop-DevSecOps/juice-shop-DevSecOps/frontend/node_modules/codelyzer/node_modules/zone.js/dist/zone-patch-canvas.min.js,,Fixed in working tree,"Angular runtime 20.3.32; old HTTP, Universal and codelyzer copies removed; zone.js 0.15.1."
4113,Retire.js Scan,Vulnerable dependency,/home/runner/work/juice-shop-DevSecOps/juice-shop-DevSecOps/frontend/node_modules/codelyzer/node_modules/zone.js/dist/zone-patch-canvas.min.js,,Fixed in working tree,"Angular runtime 20.3.32; old HTTP, Universal and codelyzer copies removed; zone.js 0.15.1."
4117,Retire.js Scan,Vulnerable dependency,/home/runner/work/juice-shop-DevSecOps/juice-shop-DevSecOps/frontend/node_modules/codelyzer/node_modules/zone.js/dist/zone-patch-cordova.js,,Fixed in working tree,"Angular runtime 20.3.32; old HTTP, Universal and codelyzer copies removed; zone.js 0.15.1."
4119,Retire.js Scan,Vulnerable dependency,/home/runner/work/juice-shop-DevSecOps/juice-shop-DevSecOps/frontend/node_modules/codelyzer/node_modules/zone.js/dist/zone-patch-cordova.js,,Fixed in working tree,"Angular runtime 20.3.32; old HTTP, Universal and codelyzer copies removed; zone.js 0.15.1."
4123,Retire.js Scan,Vulnerable dependency,/home/runner/work/juice-shop-DevSecOps/juice-shop-DevSecOps/frontend/node_modules/codelyzer/node_modules/zone.js/dist/zone-patch-cordova.min.js,,Fixed in working tree,"Angular runtime 20.3.32; old HTTP, Universal and codelyzer copies removed; zone.js 0.15.1."
4125,Retire.js Scan,Vulnerable dependency,/home/runner/work/juice-shop-DevSecOps/juice-shop-DevSecOps/frontend/node_modules/codelyzer/node_modules/zone.js/dist/zone-patch-cordova.min.js,,Fixed in working tree,"Angular runtime 20.3.32; old HTTP, Universal and codelyzer copies removed; zone.js 0.15.1."
4129,Retire.js Scan,Vulnerable dependency,/home/runner/work/juice-shop-DevSecOps/juice-shop-DevSecOps/frontend/node_modules/codelyzer/node_modules/zone.js/dist/zone-patch-electron.js,,Fixed in working tree,"Angular runtime 20.3.32; old HTTP, Universal and codelyzer copies removed; zone.js 0.15.1."
4131,Retire.js Scan,Vulnerable dependency,/home/runner/work/juice-shop-DevSecOps/juice-shop-DevSecOps/frontend/node_modules/codelyzer/node_modules/zone.js/dist/zone-patch-electron.js,,Fixed in working tree,"Angular runtime 20.3.32; old HTTP, Universal and codelyzer copies removed; zone.js 0.15.1."
4135,Retire.js Scan,Vulnerable dependency,/home/runner/work/juice-shop-DevSecOps/juice-shop-DevSecOps/frontend/node_modules/codelyzer/node_modules/zone.js/dist/zone-patch-electron.min.js,,Fixed in working tree,"Angular runtime 20.3.32; old HTTP, Universal and codelyzer copies removed; zone.js 0.15.1."
4137,Retire.js Scan,Vulnerable dependency,/home/runner/work/juice-shop-DevSecOps/juice-shop-DevSecOps/frontend/node_modules/codelyzer/node_modules/zone.js/dist/zone-patch-electron.min.js,,Fixed in working tree,"Angular runtime 20.3.32; old HTTP, Universal and codelyzer copies removed; zone.js 0.15.1."
4141,Retire.js Scan,Vulnerable dependency,/home/runner/work/juice-shop-DevSecOps/juice-shop-DevSecOps/frontend/node_modules/codelyzer/node_modules/zone.js/dist/zone-patch-fetch.js,,Fixed in working tree,"Angular runtime 20.3.32; old HTTP, Universal and codelyzer copies removed; zone.js 0.15.1."
4143,Retire.js Scan,Vulnerable dependency,/home/runner/work/juice-shop-DevSecOps/juice-shop-DevSecOps/frontend/node_modules/codelyzer/node_modules/zone.js/dist/zone-patch-fetch.js,,Fixed in working tree,"Angular runtime 20.3.32; old HTTP, Universal and codelyzer copies removed; zone.js 0.15.1."
4147,Retire.js Scan,Vulnerable dependency,/home/runner/work/juice-shop-DevSecOps/juice-shop-DevSecOps/frontend/node_modules/codelyzer/node_modules/zone.js/dist/zone-patch-fetch.min.js,,Fixed in working tree,"Angular runtime 20.3.32; old HTTP, Universal and codelyzer copies removed; zone.js 0.15.1."
4149,Retire.js Scan,Vulnerable dependency,/home/runner/work/juice-shop-DevSecOps/juice-shop-DevSecOps/frontend/node_modules/codelyzer/node_modules/zone.js/dist/zone-patch-fetch.min.js,,Fixed in working tree,"Angular runtime 20.3.32; old HTTP, Universal and codelyzer copies removed; zone.js 0.15.1."
4153,Retire.js Scan,Vulnerable dependency,/home/runner/work/juice-shop-DevSecOps/juice-shop-DevSecOps/frontend/node_modules/codelyzer/node_modules/zone.js/dist/zone-patch-jsonp.js,,Fixed in working tree,"Angular runtime 20.3.32; old HTTP, Universal and codelyzer copies removed; zone.js 0.15.1."
4155,Retire.js Scan,Vulnerable dependency,/home/runner/work/juice-shop-DevSecOps/juice-shop-DevSecOps/frontend/node_modules/codelyzer/node_modules/zone.js/dist/zone-patch-jsonp.js,,Fixed in working tree,"Angular runtime 20.3.32; old HTTP, Universal and codelyzer copies removed; zone.js 0.15.1."
4159,Retire.js Scan,Vulnerable dependency,/home/runner/work/juice-shop-DevSecOps/juice-shop-DevSecOps/frontend/node_modules/codelyzer/node_modules/zone.js/dist/zone-patch-jsonp.min.js,,Fixed in working tree,"Angular runtime 20.3.32; old HTTP, Universal and codelyzer copies removed; zone.js 0.15.1."
4161,Retire.js Scan,Vulnerable dependency,/home/runner/work/juice-shop-DevSecOps/juice-shop-DevSecOps/frontend/node_modules/codelyzer/node_modules/zone.js/dist/zone-patch-jsonp.min.js,,Fixed in working tree,"Angular runtime 20.3.32; old HTTP, Universal and codelyzer copies removed; zone.js 0.15.1."
4165,Retire.js Scan,Vulnerable dependency,/home/runner/work/juice-shop-DevSecOps/juice-shop-DevSecOps/frontend/node_modules/codelyzer/node_modules/zone.js/dist/zone-patch-message-port.js,,Fixed in working tree,"Angular runtime 20.3.32; old HTTP, Universal and codelyzer copies removed; zone.js 0.15.1."
4167,Retire.js Scan,Vulnerable dependency,/home/runner/work/juice-shop-DevSecOps/juice-shop-DevSecOps/frontend/node_modules/codelyzer/node_modules/zone.js/dist/zone-patch-message-port.js,,Fixed in working tree,"Angular runtime 20.3.32; old HTTP, Universal and codelyzer copies removed; zone.js 0.15.1."
4171,Retire.js Scan,Vulnerable dependency,/home/runner/work/juice-shop-DevSecOps/juice-shop-DevSecOps/frontend/node_modules/codelyzer/node_modules/zone.js/dist/zone-patch-message-port.min.js,,Fixed in working tree,"Angular runtime 20.3.32; old HTTP, Universal and codelyzer copies removed; zone.js 0.15.1."
4173,Retire.js Scan,Vulnerable dependency,/home/runner/work/juice-shop-DevSecOps/juice-shop-DevSecOps/frontend/node_modules/codelyzer/node_modules/zone.js/dist/zone-patch-message-port.min.js,,Fixed in working tree,"Angular runtime 20.3.32; old HTTP, Universal and codelyzer copies removed; zone.js 0.15.1."
4177,Retire.js Scan,Vulnerable dependency,/home/runner/work/juice-shop-DevSecOps/juice-shop-DevSecOps/frontend/node_modules/codelyzer/node_modules/zone.js/dist/zone-patch-promise-test.min.js,,Fixed in working tree,"Angular runtime 20.3.32; old HTTP, Universal and codelyzer copies removed; zone.js 0.15.1."
4179,Retire.js Scan,Vulnerable dependency,/home/runner/work/juice-shop-DevSecOps/juice-shop-DevSecOps/frontend/node_modules/codelyzer/node_modules/zone.js/dist/zone-patch-promise-test.min.js,,Fixed in working tree,"Angular runtime 20.3.32; old HTTP, Universal and codelyzer copies removed; zone.js 0.15.1."
4183,Retire.js Scan,Vulnerable dependency,/home/runner/work/juice-shop-DevSecOps/juice-shop-DevSecOps/frontend/node_modules/codelyzer/node_modules/zone.js/dist/zone-patch-promise-test.js,,Fixed in working tree,"Angular runtime 20.3.32; old HTTP, Universal and codelyzer copies removed; zone.js 0.15.1."
4185,Retire.js Scan,Vulnerable dependency,/home/runner/work/juice-shop-DevSecOps/juice-shop-DevSecOps/frontend/node_modules/codelyzer/node_modules/zone.js/dist/zone-patch-promise-test.js,,Fixed in working tree,"Angular runtime 20.3.32; old HTTP, Universal and codelyzer copies removed; zone.js 0.15.1."
4189,Retire.js Scan,Vulnerable dependency,/home/runner/work/juice-shop-DevSecOps/juice-shop-DevSecOps/frontend/node_modules/codelyzer/node_modules/zone.js/dist/zone-patch-resize-observer.js,,Fixed in working tree,"Angular runtime 20.3.32; old HTTP, Universal and codelyzer copies removed; zone.js 0.15.1."
4191,Retire.js Scan,Vulnerable dependency,/home/runner/work/juice-shop-DevSecOps/juice-shop-DevSecOps/frontend/node_modules/codelyzer/node_modules/zone.js/dist/zone-patch-resize-observer.js,,Fixed in working tree,"Angular runtime 20.3.32; old HTTP, Universal and codelyzer copies removed; zone.js 0.15.1."
4195,Retire.js Scan,Vulnerable dependency,/home/runner/work/juice-shop-DevSecOps/juice-shop-DevSecOps/frontend/node_modules/codelyzer/node_modules/zone.js/dist/zone-patch-resize-observer.min.js,,Fixed in working tree,"Angular runtime 20.3.32; old HTTP, Universal and codelyzer copies removed; zone.js 0.15.1."
4197,Retire.js Scan,Vulnerable dependency,/home/runner/work/juice-shop-DevSecOps/juice-shop-DevSecOps/frontend/node_modules/codelyzer/node_modules/zone.js/dist/zone-patch-resize-observer.min.js,,Fixed in working tree,"Angular runtime 20.3.32; old HTTP, Universal and codelyzer copies removed; zone.js 0.15.1."
4201,Retire.js Scan,Vulnerable dependency,/home/runner/work/juice-shop-DevSecOps/juice-shop-DevSecOps/frontend/node_modules/codelyzer/node_modules/zone.js/dist/zone-patch-rxjs-fake-async.js,,Fixed in working tree,"Angular runtime 20.3.32; old HTTP, Universal and codelyzer copies removed; zone.js 0.15.1."
4203,Retire.js Scan,Vulnerable dependency,/home/runner/work/juice-shop-DevSecOps/juice-shop-DevSecOps/frontend/node_modules/codelyzer/node_modules/zone.js/dist/zone-patch-rxjs-fake-async.js,,Fixed in working tree,"Angular runtime 20.3.32; old HTTP, Universal and codelyzer copies removed; zone.js 0.15.1."
4207,Retire.js Scan,Vulnerable dependency,/home/runner/work/juice-shop-DevSecOps/juice-shop-DevSecOps/frontend/node_modules/codelyzer/node_modules/zone.js/dist/zone-patch-rxjs-fake-async.min.js,,Fixed in working tree,"Angular runtime 20.3.32; old HTTP, Universal and codelyzer copies removed; zone.js 0.15.1."
4209,Retire.js Scan,Vulnerable dependency,/home/runner/work/juice-shop-DevSecOps/juice-shop-DevSecOps/frontend/node_modules/codelyzer/node_modules/zone.js/dist/zone-patch-rxjs-fake-async.min.js,,Fixed in working tree,"Angular runtime 20.3.32; old HTTP, Universal and codelyzer copies removed; zone.js 0.15.1."
4213,Retire.js Scan,Vulnerable dependency,/home/runner/work/juice-shop-DevSecOps/juice-shop-DevSecOps/frontend/node_modules/codelyzer/node_modules/zone.js/dist/zone-patch-rxjs.js,,Fixed in working tree,"Angular runtime 20.3.32; old HTTP, Universal and codelyzer copies removed; zone.js 0.15.1."
4215,Retire.js Scan,Vulnerable dependency,/home/runner/work/juice-shop-DevSecOps/juice-shop-DevSecOps/frontend/node_modules/codelyzer/node_modules/zone.js/dist/zone-patch-rxjs.js,,Fixed in working tree,"Angular runtime 20.3.32; old HTTP, Universal and codelyzer copies removed; zone.js 0.15.1."
4219,Retire.js Scan,Vulnerable dependency,/home/runner/work/juice-shop-DevSecOps/juice-shop-DevSecOps/frontend/node_modules/codelyzer/node_modules/zone.js/dist/zone-patch-rxjs.min.js,,Fixed in working tree,"Angular runtime 20.3.32; old HTTP, Universal and codelyzer copies removed; zone.js 0.15.1."
4221,Retire.js Scan,Vulnerable dependency,/home/runner/work/juice-shop-DevSecOps/juice-shop-DevSecOps/frontend/node_modules/codelyzer/node_modules/zone.js/dist/zone-patch-rxjs.min.js,,Fixed in working tree,"Angular runtime 20.3.32; old HTTP, Universal and codelyzer copies removed; zone.js 0.15.1."
4225,Retire.js Scan,Vulnerable dependency,/home/runner/work/juice-shop-DevSecOps/juice-shop-DevSecOps/frontend/node_modules/codelyzer/node_modules/zone.js/dist/zone-patch-socket-io.js,,Fixed in working tree,"Angular runtime 20.3.32; old HTTP, Universal and codelyzer copies removed; zone.js 0.15.1."
4227,Retire.js Scan,Vulnerable dependency,/home/runner/work/juice-shop-DevSecOps/juice-shop-DevSecOps/frontend/node_modules/codelyzer/node_modules/zone.js/dist/zone-patch-socket-io.js,,Fixed in working tree,"Angular runtime 20.3.32; old HTTP, Universal and codelyzer copies removed; zone.js 0.15.1."
4231,Retire.js Scan,Vulnerable dependency,/home/runner/work/juice-shop-DevSecOps/juice-shop-DevSecOps/frontend/node_modules/codelyzer/node_modules/zone.js/dist/zone-patch-socket-io.min.js,,Fixed in working tree,"Angular runtime 20.3.32; old HTTP, Universal and codelyzer copies removed; zone.js 0.15.1."
4233,Retire.js Scan,Vulnerable dependency,/home/runner/work/juice-shop-DevSecOps/juice-shop-DevSecOps/frontend/node_modules/codelyzer/node_modules/zone.js/dist/zone-patch-socket-io.min.js,,Fixed in working tree,"Angular runtime 20.3.32; old HTTP, Universal and codelyzer copies removed; zone.js 0.15.1."
4237,Retire.js Scan,Vulnerable dependency,/home/runner/work/juice-shop-DevSecOps/juice-shop-DevSecOps/frontend/node_modules/codelyzer/node_modules/zone.js/dist/zone-patch-user-media.min.js,,Fixed in working tree,"Angular runtime 20.3.32; old HTTP, Universal and codelyzer copies removed; zone.js 0.15.1."
4239,Retire.js Scan,Vulnerable dependency,/home/runner/work/juice-shop-DevSecOps/juice-shop-DevSecOps/frontend/node_modules/codelyzer/node_modules/zone.js/dist/zone-patch-user-media.min.js,,Fixed in working tree,"Angular runtime 20.3.32; old HTTP, Universal and codelyzer copies removed; zone.js 0.15.1."
4243,Retire.js Scan,Vulnerable dependency,/home/runner/work/juice-shop-DevSecOps/juice-shop-DevSecOps/frontend/node_modules/codelyzer/node_modules/zone.js/dist/zone-patch-user-media.js,,Fixed in working tree,"Angular runtime 20.3.32; old HTTP, Universal and codelyzer copies removed; zone.js 0.15.1."
4245,Retire.js Scan,Vulnerable dependency,/home/runner/work/juice-shop-DevSecOps/juice-shop-DevSecOps/frontend/node_modules/codelyzer/node_modules/zone.js/dist/zone-patch-user-media.js,,Fixed in working tree,"Angular runtime 20.3.32; old HTTP, Universal and codelyzer copies removed; zone.js 0.15.1."
4249,Retire.js Scan,Vulnerable dependency,/home/runner/work/juice-shop-DevSecOps/juice-shop-DevSecOps/frontend/node_modules/codelyzer/node_modules/zone.js/dist/zone-testing-bundle.js,,Fixed in working tree,"Angular runtime 20.3.32; old HTTP, Universal and codelyzer copies removed; zone.js 0.15.1."
4251,Retire.js Scan,Vulnerable dependency,/home/runner/work/juice-shop-DevSecOps/juice-shop-DevSecOps/frontend/node_modules/codelyzer/node_modules/zone.js/dist/zone-testing-bundle.js,,Fixed in working tree,"Angular runtime 20.3.32; old HTTP, Universal and codelyzer copies removed; zone.js 0.15.1."
4255,Retire.js Scan,Vulnerable dependency,/home/runner/work/juice-shop-DevSecOps/juice-shop-DevSecOps/frontend/node_modules/codelyzer/node_modules/zone.js/dist/zone-testing-bundle.min.js,,Fixed in working tree,"Angular runtime 20.3.32; old HTTP, Universal and codelyzer copies removed; zone.js 0.15.1."
4257,Retire.js Scan,Vulnerable dependency,/home/runner/work/juice-shop-DevSecOps/juice-shop-DevSecOps/frontend/node_modules/codelyzer/node_modules/zone.js/dist/zone-testing-bundle.min.js,,Fixed in working tree,"Angular runtime 20.3.32; old HTTP, Universal and codelyzer copies removed; zone.js 0.15.1."
4261,Retire.js Scan,Vulnerable dependency,/home/runner/work/juice-shop-DevSecOps/juice-shop-DevSecOps/frontend/node_modules/codelyzer/node_modules/zone.js/dist/zone-testing-node-bundle.js,,Fixed in working tree,"Angular runtime 20.3.32; old HTTP, Universal and codelyzer copies removed; zone.js 0.15.1."
4263,Retire.js Scan,Vulnerable dependency,/home/runner/work/juice-shop-DevSecOps/juice-shop-DevSecOps/frontend/node_modules/codelyzer/node_modules/zone.js/dist/zone-testing-node-bundle.js,,Fixed in working tree,"Angular runtime 20.3.32; old HTTP, Universal and codelyzer copies removed; zone.js 0.15.1."
4267,Retire.js Scan,Vulnerable dependency,/home/runner/work/juice-shop-DevSecOps/juice-shop-DevSecOps/frontend/node_modules/codelyzer/node_modules/zone.js/dist/zone-testing-node-bundle.min.js,,Fixed in working tree,"Angular runtime 20.3.32; old HTTP, Universal and codelyzer copies removed; zone.js 0.15.1."
4269,Retire.js Scan,Vulnerable dependency,/home/runner/work/juice-shop-DevSecOps/juice-shop-DevSecOps/frontend/node_modules/codelyzer/node_modules/zone.js/dist/zone-testing-node-bundle.min.js,,Fixed in working tree,"Angular runtime 20.3.32; old HTTP, Universal and codelyzer copies removed; zone.js 0.15.1."
4273,Retire.js Scan,Vulnerable dependency,/home/runner/work/juice-shop-DevSecOps/juice-shop-DevSecOps/frontend/node_modules/codelyzer/node_modules/zone.js/dist/zone-testing.js,,Fixed in working tree,"Angular runtime 20.3.32; old HTTP, Universal and codelyzer copies removed; zone.js 0.15.1."
4275,Retire.js Scan,Vulnerable dependency,/home/runner/work/juice-shop-DevSecOps/juice-shop-DevSecOps/frontend/node_modules/codelyzer/node_modules/zone.js/dist/zone-testing.js,,Fixed in working tree,"Angular runtime 20.3.32; old HTTP, Universal and codelyzer copies removed; zone.js 0.15.1."
4279,Retire.js Scan,Vulnerable dependency,/home/runner/work/juice-shop-DevSecOps/juice-shop-DevSecOps/frontend/node_modules/codelyzer/node_modules/zone.js/dist/zone-testing.min.js,,Fixed in working tree,"Angular runtime 20.3.32; old HTTP, Universal and codelyzer copies removed; zone.js 0.15.1."
4281,Retire.js Scan,Vulnerable dependency,/home/runner/work/juice-shop-DevSecOps/juice-shop-DevSecOps/frontend/node_modules/codelyzer/node_modules/zone.js/dist/zone-testing.min.js,,Fixed in working tree,"Angular runtime 20.3.32; old HTTP, Universal and codelyzer copies removed; zone.js 0.15.1."
4285,Retire.js Scan,Vulnerable dependency,/home/runner/work/juice-shop-DevSecOps/juice-shop-DevSecOps/frontend/node_modules/codelyzer/node_modules/zone.js/dist/zone.js,,Fixed in working tree,"Angular runtime 20.3.32; old HTTP, Universal and codelyzer copies removed; zone.js 0.15.1."
4287,Retire.js Scan,Vulnerable dependency,/home/runner/work/juice-shop-DevSecOps/juice-shop-DevSecOps/frontend/node_modules/codelyzer/node_modules/zone.js/dist/zone.js,,Fixed in working tree,"Angular runtime 20.3.32; old HTTP, Universal and codelyzer copies removed; zone.js 0.15.1."
4291,Retire.js Scan,Vulnerable dependency,/home/runner/work/juice-shop-DevSecOps/juice-shop-DevSecOps/frontend/node_modules/codelyzer/node_modules/zone.js/dist/zone.min.js,,Fixed in working tree,"Angular runtime 20.3.32; old HTTP, Universal and codelyzer copies removed; zone.js 0.15.1."
4293,Retire.js Scan,Vulnerable dependency,/home/runner/work/juice-shop-DevSecOps/juice-shop-DevSecOps/frontend/node_modules/codelyzer/node_modules/zone.js/dist/zone.min.js,,Fixed in working tree,"Angular runtime 20.3.32; old HTTP, Universal and codelyzer copies removed; zone.js 0.15.1."
4297,Retire.js Scan,Vulnerable dependency,/home/runner/work/juice-shop-DevSecOps/juice-shop-DevSecOps/frontend/node_modules/codelyzer/node_modules/@angular/core/bundles/core-testing.umd.min.js,,Fixed in working tree,"Angular runtime 20.3.32; old HTTP, Universal and codelyzer copies removed; zone.js 0.15.1."
4299,Retire.js Scan,Vulnerable dependency,/home/runner/work/juice-shop-DevSecOps/juice-shop-DevSecOps/frontend/node_modules/codelyzer/node_modules/@angular/core/bundles/core-testing.umd.min.js,,Fixed in working tree,"Angular runtime 20.3.32; old HTTP, Universal and codelyzer copies removed; zone.js 0.15.1."
4303,Retire.js Scan,Vulnerable dependency,/home/runner/work/juice-shop-DevSecOps/juice-shop-DevSecOps/frontend/node_modules/codelyzer/node_modules/@angular/core/bundles/core.umd.js,,Fixed in working tree,"Angular runtime 20.3.32; old HTTP, Universal and codelyzer copies removed; zone.js 0.15.1."
4305,Retire.js Scan,Vulnerable dependency,/home/runner/work/juice-shop-DevSecOps/juice-shop-DevSecOps/frontend/node_modules/codelyzer/node_modules/@angular/core/bundles/core.umd.js,,Fixed in working tree,"Angular runtime 20.3.32; old HTTP, Universal and codelyzer copies removed; zone.js 0.15.1."
4309,Retire.js Scan,Vulnerable dependency,/home/runner/work/juice-shop-DevSecOps/juice-shop-DevSecOps/frontend/node_modules/codelyzer/node_modules/@angular/core/bundles/core.umd.min.js,,Fixed in working tree,"Angular runtime 20.3.32; old HTTP, Universal and codelyzer copies removed; zone.js 0.15.1."
4311,Retire.js Scan,Vulnerable dependency,/home/runner/work/juice-shop-DevSecOps/juice-shop-DevSecOps/frontend/node_modules/codelyzer/node_modules/@angular/core/bundles/core.umd.min.js,,Fixed in working tree,"Angular runtime 20.3.32; old HTTP, Universal and codelyzer copies removed; zone.js 0.15.1."
4315,Retire.js Scan,Vulnerable dependency,/home/runner/work/juice-shop-DevSecOps/juice-shop-DevSecOps/frontend/node_modules/codelyzer/node_modules/@angular/core/bundles/core-testing.umd.js,,Fixed in working tree,"Angular runtime 20.3.32; old HTTP, Universal and codelyzer copies removed; zone.js 0.15.1."
4317,Retire.js Scan,Vulnerable dependency,/home/runner/work/juice-shop-DevSecOps/juice-shop-DevSecOps/frontend/node_modules/codelyzer/node_modules/@angular/core/bundles/core-testing.umd.js,,Fixed in working tree,"Angular runtime 20.3.32; old HTTP, Universal and codelyzer copies removed; zone.js 0.15.1."
4321,Retire.js Scan,Vulnerable dependency,/home/runner/work/juice-shop-DevSecOps/juice-shop-DevSecOps/frontend/node_modules/codelyzer/node_modules/@angular/core/fesm2015/core.js,,Fixed in working tree,"Angular runtime 20.3.32; old HTTP, Universal and codelyzer copies removed; zone.js 0.15.1."
4323,Retire.js Scan,Vulnerable dependency,/home/runner/work/juice-shop-DevSecOps/juice-shop-DevSecOps/frontend/node_modules/codelyzer/node_modules/@angular/core/fesm2015/core.js,,Fixed in working tree,"Angular runtime 20.3.32; old HTTP, Universal and codelyzer copies removed; zone.js 0.15.1."
4327,Retire.js Scan,Vulnerable dependency,/home/runner/work/juice-shop-DevSecOps/juice-shop-DevSecOps/frontend/node_modules/codelyzer/node_modules/@angular/core/fesm2015/testing.js,,Fixed in working tree,"Angular runtime 20.3.32; old HTTP, Universal and codelyzer copies removed; zone.js 0.15.1."
4329,Retire.js Scan,Vulnerable dependency,/home/runner/work/juice-shop-DevSecOps/juice-shop-DevSecOps/frontend/node_modules/codelyzer/node_modules/@angular/core/fesm2015/testing.js,,Fixed in working tree,"Angular runtime 20.3.32; old HTTP, Universal and codelyzer copies removed; zone.js 0.15.1."
4333,Retire.js Scan,Vulnerable dependency,/home/runner/work/juice-shop-DevSecOps/juice-shop-DevSecOps/frontend/node_modules/codelyzer/node_modules/@angular/core/fesm5/core.js,,Fixed in working tree,"Angular runtime 20.3.32; old HTTP, Universal and codelyzer copies removed; zone.js 0.15.1."
4335,Retire.js Scan,Vulnerable dependency,/home/runner/work/juice-shop-DevSecOps/juice-shop-DevSecOps/frontend/node_modules/codelyzer/node_modules/@angular/core/fesm5/core.js,,Fixed in working tree,"Angular runtime 20.3.32; old HTTP, Universal and codelyzer copies removed; zone.js 0.15.1."
4339,Retire.js Scan,Vulnerable dependency,/home/runner/work/juice-shop-DevSecOps/juice-shop-DevSecOps/frontend/node_modules/codelyzer/node_modules/@angular/core/fesm5/testing.js,,Fixed in working tree,"Angular runtime 20.3.32; old HTTP, Universal and codelyzer copies removed; zone.js 0.15.1."
4341,Retire.js Scan,Vulnerable dependency,/home/runner/work/juice-shop-DevSecOps/juice-shop-DevSecOps/frontend/node_modules/codelyzer/node_modules/@angular/core/fesm5/testing.js,,Fixed in working tree,"Angular runtime 20.3.32; old HTTP, Universal and codelyzer copies removed; zone.js 0.15.1."
4345,Retire.js Scan,Vulnerable dependency,/home/runner/work/juice-shop-DevSecOps/juice-shop-DevSecOps/frontend/node_modules/codelyzer/node_modules/@angular/compiler/bundles/compiler-testing.umd.js,,Fixed in working tree,"Angular runtime 20.3.32; old HTTP, Universal and codelyzer copies removed; zone.js 0.15.1."
4347,Retire.js Scan,Vulnerable dependency,/home/runner/work/juice-shop-DevSecOps/juice-shop-DevSecOps/frontend/node_modules/codelyzer/node_modules/@angular/compiler/bundles/compiler-testing.umd.js,,Fixed in working tree,"Angular runtime 20.3.32; old HTTP, Universal and codelyzer copies removed; zone.js 0.15.1."
4351,Retire.js Scan,Vulnerable dependency,/home/runner/work/juice-shop-DevSecOps/juice-shop-DevSecOps/frontend/node_modules/codelyzer/node_modules/@angular/compiler/bundles/compiler-testing.umd.min.js,,Fixed in working tree,"Angular runtime 20.3.32; old HTTP, Universal and codelyzer copies removed; zone.js 0.15.1."
4353,Retire.js Scan,Vulnerable dependency,/home/runner/work/juice-shop-DevSecOps/juice-shop-DevSecOps/frontend/node_modules/codelyzer/node_modules/@angular/compiler/bundles/compiler-testing.umd.min.js,,Fixed in working tree,"Angular runtime 20.3.32; old HTTP, Universal and codelyzer copies removed; zone.js 0.15.1."
4357,Retire.js Scan,Vulnerable dependency,/home/runner/work/juice-shop-DevSecOps/juice-shop-DevSecOps/frontend/node_modules/codelyzer/node_modules/@angular/compiler/bundles/compiler.umd.js,,Fixed in working tree,"Angular runtime 20.3.32; old HTTP, Universal and codelyzer copies removed; zone.js 0.15.1."
4359,Retire.js Scan,Vulnerable dependency,/home/runner/work/juice-shop-DevSecOps/juice-shop-DevSecOps/frontend/node_modules/codelyzer/node_modules/@angular/compiler/bundles/compiler.umd.js,,Fixed in working tree,"Angular runtime 20.3.32; old HTTP, Universal and codelyzer copies removed; zone.js 0.15.1."
4363,Retire.js Scan,Vulnerable dependency,/home/runner/work/juice-shop-DevSecOps/juice-shop-DevSecOps/frontend/node_modules/codelyzer/node_modules/@angular/compiler/bundles/compiler.umd.min.js,,Fixed in working tree,"Angular runtime 20.3.32; old HTTP, Universal and codelyzer copies removed; zone.js 0.15.1."
4365,Retire.js Scan,Vulnerable dependency,/home/runner/work/juice-shop-DevSecOps/juice-shop-DevSecOps/frontend/node_modules/codelyzer/node_modules/@angular/compiler/bundles/compiler.umd.min.js,,Fixed in working tree,"Angular runtime 20.3.32; old HTTP, Universal and codelyzer copies removed; zone.js 0.15.1."
4369,Retire.js Scan,Vulnerable dependency,/home/runner/work/juice-shop-DevSecOps/juice-shop-DevSecOps/frontend/node_modules/codelyzer/node_modules/@angular/compiler/fesm2015/compiler.js,,Fixed in working tree,"Angular runtime 20.3.32; old HTTP, Universal and codelyzer copies removed; zone.js 0.15.1."
4371,Retire.js Scan,Vulnerable dependency,/home/runner/work/juice-shop-DevSecOps/juice-shop-DevSecOps/frontend/node_modules/codelyzer/node_modules/@angular/compiler/fesm2015/compiler.js,,Fixed in working tree,"Angular runtime 20.3.32; old HTTP, Universal and codelyzer copies removed; zone.js 0.15.1."
4375,Retire.js Scan,Vulnerable dependency,/home/runner/work/juice-shop-DevSecOps/juice-shop-DevSecOps/frontend/node_modules/codelyzer/node_modules/@angular/compiler/fesm2015/testing.js,,Fixed in working tree,"Angular runtime 20.3.32; old HTTP, Universal and codelyzer copies removed; zone.js 0.15.1."
4377,Retire.js Scan,Vulnerable dependency,/home/runner/work/juice-shop-DevSecOps/juice-shop-DevSecOps/frontend/node_modules/codelyzer/node_modules/@angular/compiler/fesm2015/testing.js,,Fixed in working tree,"Angular runtime 20.3.32; old HTTP, Universal and codelyzer copies removed; zone.js 0.15.1."
4381,Retire.js Scan,Vulnerable dependency,/home/runner/work/juice-shop-DevSecOps/juice-shop-DevSecOps/frontend/node_modules/codelyzer/node_modules/@angular/compiler/fesm5/compiler.js,,Fixed in working tree,"Angular runtime 20.3.32; old HTTP, Universal and codelyzer copies removed; zone.js 0.15.1."
4383,Retire.js Scan,Vulnerable dependency,/home/runner/work/juice-shop-DevSecOps/juice-shop-DevSecOps/frontend/node_modules/codelyzer/node_modules/@angular/compiler/fesm5/compiler.js,,Fixed in working tree,"Angular runtime 20.3.32; old HTTP, Universal and codelyzer copies removed; zone.js 0.15.1."
4387,Retire.js Scan,Vulnerable dependency,/home/runner/work/juice-shop-DevSecOps/juice-shop-DevSecOps/frontend/node_modules/codelyzer/node_modules/@angular/compiler/fesm5/testing.js,,Fixed in working tree,"Angular runtime 20.3.32; old HTTP, Universal and codelyzer copies removed; zone.js 0.15.1."
4389,Retire.js Scan,Vulnerable dependency,/home/runner/work/juice-shop-DevSecOps/juice-shop-DevSecOps/frontend/node_modules/codelyzer/node_modules/@angular/compiler/fesm5/testing.js,,Fixed in working tree,"Angular runtime 20.3.32; old HTTP, Universal and codelyzer copies removed; zone.js 0.15.1."
